game_id,season,game_date,game_type,home,away,home_score,away_score,last_period,home_sog,away_sog,home_goalie_id,home_goalie_sa,home_goalie_ga,away_goalie_id,away_goalie_sa,away_goalie_ga
2020020001,2020,2021-01-13,regular,PHI,PIT,6,3,REG,27,34,8479394,34,3,8477465,27,6
2020020003,2020,2021-01-13,regular,TOR,MTL,5,4,OT,34,32,8475883,32,4,8471679,34,5
2020020002,2020,2021-01-13,regular,TBL,CHI,5,1,REG,33,23,8476883,23,1,8476876,33,5
2020020004,2020,2021-01-13,regular,EDM,VAN,3,5,REG,31,35,8475156,35,5,8474651,31,3
2020020005,2020,2021-01-13,regular,COL,STL,1,4,REG,27,32,8475831,32,4,8476412,27,1
2020020006,2020,2021-01-14,regular,BUF,WSH,4,6,REG,26,28,8475622,27,5,8478492,26,4
2020020007,2020,2021-01-14,regular,NJD,BOS,2,3,SO,22,37,8478406,37,2,8471695,22,2
2020020008,2020,2021-01-14,regular,NYR,NYI,0,4,REG,24,33,8478048,33,4,8473575,24,0
2020020010,2020,2021-01-14,regular,DET,CAR,0,3,REG,14,43,8471306,42,2,8475852,14,0
2020020011,2020,2021-01-14,regular,NSH,CBJ,3,1,REG,35,30,8477424,30,1,8476914,34,2
2020020012,2020,2021-01-14,regular,WPG,CGY,4,3,OT,34,26,8476945,26,3,8474593,34,4
2020020013,2020,2021-01-14,regular,EDM,VAN,5,2,REG,46,40,8475156,40,2,8477967,46,5
2020020014,2020,2021-01-14,regular,ARI,SJS,3,4,SO,37,35,8475311,35,3,8474889,37,3
2020020015,2020,2021-01-14,regular,VGK,ANA,5,2,REG,29,22,8475215,22,2,8476434,28,4
2020020016,2020,2021-01-14,regular,LAK,MIN,3,4,OT,34,27,8471734,27,4,8475660,34,3
2020020017,2020,2021-01-15,regular,BUF,WSH,1,2,REG,31,21,8476999,21,2,8477970,31,1
2020020018,2020,2021-01-15,regular,PHI,PIT,5,2,REG,20,33,8479394,33,2,8477465,6,3
2020020019,2020,2021-01-15,regular,TBL,CHI,5,2,REG,37,37,8476883,37,2,8480420,37,5
2020020021,2020,2021-01-15,regular,OTT,TOR,5,3,REG,24,23,8476899,23,3,8475883,24,5
2020020022,2020,2021-01-15,regular,COL,STL,8,0,REG,38,21,8475831,21,0,8476412,24,4
2020020023,2020,2021-01-16,regular,NJD,BOS,2,1,OT,31,28,8478406,28,1,8470860,31,2
2020020030,2020,2021-01-16,regular,ARI,SJS,5,3,REG,26,34,8477293,34,3,8474889,24,5
2020020024,2020,2021-01-16,regular,NYR,NYI,5,0,REG,32,23,8480382,23,0,8478009,32,5
2020020025,2020,2021-01-16,regular,DET,CAR,4,2,REG,21,31,8473541,31,2,8475852,20,3
2020020027,2020,2021-01-16,regular,OTT,TOR,2,3,REG,19,40,8476899,40,3,8475789,19,2
2020020029,2020,2021-01-16,regular,EDM,MTL,1,5,REG,35,36,8475156,36,5,8471679,35,1
2020020026,2020,2021-01-16,regular,NSH,CBJ,5,2,REG,33,44,8477424,44,2,8478007,33,5
2020020032,2020,2021-01-16,regular,LAK,MIN,3,4,OT,33,44,8471734,44,4,8475660,33,3
2020020028,2020,2021-01-16,regular,CGY,VAN,3,0,REG,35,32,8474593,32,0,8474651,35,3
2020020031,2020,2021-01-16,regular,VGK,ANA,2,1,OT,33,22,8470594,22,1,8476434,33,2
2020020035,2020,2021-01-17,regular,PIT,WSH,4,3,SO,27,23,8479193,23,3,8478492,27,3
2020020034,2020,2021-01-17,regular,FLA,CHI,5,2,REG,36,30,8476904,30,2,8480420,36,5
2020020038,2020,2021-01-18,regular,DET,CBJ,2,3,REG,37,29,8471306,29,3,8476914,37,2
2020020036,2020,2021-01-18,regular,NYI,BOS,1,0,REG,17,27,8473575,27,0,8471695,17,1
2020020041,2020,2021-01-18,regular,TOR,WPG,3,1,REG,38,28,8475883,28,1,8476945,37,2
2020020037,2020,2021-01-18,regular,PHI,BUF,1,6,REG,22,37,8479394,22,4,8475622,22,1
2020020039,2020,2021-01-18,regular,STL,SJS,5,4,REG,33,26,8476412,26,4,8471227,33,5
2020020040,2020,2021-01-18,regular,NSH,CAR,2,4,REG,33,24,8471469,23,3,8473503,33,2
2020020042,2020,2021-01-18,regular,CGY,VAN,5,2,REG,32,27,8474593,27,2,8477967,31,4
2020020043,2020,2021-01-18,regular,EDM,MTL,1,3,REG,26,34,8475156,34,3,8474596,26,1
2020020045,2020,2021-01-18,regular,ANA,MIN,1,0,REG,27,34,8476434,34,0,8475660,27,1
2020020044,2020,2021-01-18,regular,VGK,ARI,4,2,REG,28,32,8475215,32,2,8475311,27,3
2020020046,2020,2021-01-19,regular,NYR,NJD,3,4,REG,50,28,8480382,20,4,8478406,50,3
2020020047,2020,2021-01-19,regular,PHI,BUF,3,0,REG,30,40,8470880,40,0,8475622,20,1
2020020049,2020,2021-01-19,regular,FLA,CHI,5,4,OT,30,36,8475683,36,4,8480947,30,5
2020020050,2020,2021-01-19,regular,PIT,WSH,5,4,OT,30,26,8479193,26,4,8477970,30,5
2020020053,2020,2021-01-19,regular,OTT,WPG,3,4,OT,41,28,8476899,28,4,8476316,41,3
2020020051,2020,2021-01-19,regular,DET,CBJ,3,2,OT,27,24,8473541,24,2,8478007,27,3
2020020054,2020,2021-01-19,regular,LAK,COL,2,3,REG,25,24,8477361,24,3,8475831,25,2
2020020056,2020,2021-01-20,regular,TOR,EDM,1,3,REG,26,22,8475883,21,2,8475156,26,1
2020020055,2020,2021-01-20,regular,STL,SJS,1,2,SO,23,38,8476412,38,1,8474889,23,1
2020020059,2020,2021-01-20,regular,ANA,MIN,2,3,REG,24,32,8468011,32,3,8478039,24,2
2020020057,2020,2021-01-20,regular,VAN,MTL,6,5,SO,28,36,8474651,36,5,8471679,28,5
2020020058,2020,2021-01-20,regular,VGK,ARI,5,2,REG,29,23,8470594,23,2,8475311,29,5
2020020060,2020,2021-01-21,regular,BOS,PHI,5,4,SO,43,26,8471695,26,4,8479394,43,4
2020020061,2020,2021-01-21,regular,NYI,NJD,4,1,REG,35,31,8473575,31,1,8475809,35,4
2020020063,2020,2021-01-21,regular,CBJ,TBL,2,3,OT,25,37,8476914,37,3,8476883,25,2
2020020064,2020,2021-01-21,regular,OTT,WPG,1,4,REG,29,29,8476899,26,4,8476945,29,1
2020020065,2020,2021-01-21,regular,VAN,MTL,3,7,REG,17,42,8477967,42,7,8474596,17,3
2020020066,2020,2021-01-21,regular,LAK,COL,4,2,REG,27,26,8471734,26,2,8480112,26,3
2020020067,2020,2021-01-22,regular,WSH,BUF,4,3,SO,32,27,8477970,27,3,8476999,32,3
2020020068,2020,2021-01-22,regular,PIT,NYR,4,3,SO,28,34,8477465,34,3,8478048,28,3
2020020070,2020,2021-01-22,regular,TOR,EDM,4,2,REG,29,32,8475883,32,2,8475156,28,3
2020020069,2020,2021-01-22,regular,CHI,DET,4,1,REG,28,31,8480947,31,1,8471306,27,3
2020020071,2020,2021-01-22,regular,MIN,SJS,4,1,REG,29,29,8475660,12,1,8471227,27,2
2020020072,2020,2021-01-22,regular,DAL,NSH,7,0,REG,28,34,8471418,34,0,8477424,20,5
2020020073,2020,2021-01-22,regular,ARI,VGK,5,2,REG,26,31,8475311,31,2,8475215,25,4
2020020074,2020,2021-01-22,regular,ANA,COL,2,3,OT,38,32,8476434,32,3,8475831,38,2
2020020077,2020,2021-01-23,regular,CBJ,TBL,5,2,REG,28,32,8478007,32,2,8476883,27,4
2020020075,2020,2021-01-23,regular,BOS,PHI,6,1,REG,26,17,8470860,17,1,8479394,26,6
2020020080,2020,2021-01-23,regular,VAN,MTL,2,5,REG,25,33,8474651,32,4,8471679,25,2
2020020078,2020,2021-01-23,regular,STL,LAK,4,2,REG,30,23,8476412,23,2,8477361,29,3
2020020079,2020,2021-01-23,regular,WPG,OTT,6,3,REG,38,21,8476945,21,3,8477405,37,5
2020020084,2020,2021-01-24,regular,CHI,DET,6,2,REG,35,27,8480947,27,2,8473541,35,6
2020020082,2020,2021-01-24,regular,WSH,BUF,3,4,SO,31,48,8477970,48,3,8476999,31,3
2020020087,2020,2021-01-24,regular,CGY,TOR,2,3,REG,33,32,8474593,32,3,8475789,33,2
2020020090,2020,2021-01-24,regular,ARI,VGK,0,1,REG,16,27,8475311,27,1,8470594,16,0
2020020081,2020,2021-01-24,regular,NJD,NYI,2,0,REG,24,28,8475809,28,0,8478009,24,2
2020020083,2020,2021-01-24,regular,PIT,NYR,3,2,REG,19,26,8477465,26,2,8478048,19,3
2020020085,2020,2021-01-24,regular,STL,LAK,3,6,REG,31,35,8478024,34,5,8471734,31,3
2020020088,2020,2021-01-24,regular,MIN,SJS,3,5,REG,29,36,8478039,35,4,8474889,29,3
2020020089,2020,2021-01-24,regular,DAL,NSH,3,2,REG,22,17,8471418,17,2,8477424,22,3
2020020091,2020,2021-01-24,regular,ANA,COL,3,1,REG,15,33,8476434,33,1,8475831,14,2
2020020086,2020,2021-01-24,regular,WPG,EDM,3,4,REG,38,38,8476316,38,4,8475156,38,3
2020020092,2020,2021-01-25,regular,VAN,OTT,7,1,REG,35,36,8477967,36,1,8476899,35,7
2020020093,2020,2021-01-26,regular,BOS,PIT,3,2,OT,36,30,8471695,30,2,8477465,36,3
2020020094,2020,2021-01-26,regular,BUF,NYR,3,2,REG,24,30,8476999,30,2,8480382,24,3
2020020095,2020,2021-01-26,regular,NJD,PHI,3,5,REG,26,31,8475809,30,4,8470880,26,3
2020020096,2020,2021-01-26,regular,WSH,NYI,3,2,REG,37,34,8477970,34,2,8473575,37,3
2020020098,2020,2021-01-26,regular,CBJ,FLA,3,4,SO,22,31,8476914,31,3,8475683,22,3
2020020099,2020,2021-01-26,regular,NSH,CHI,3,2,OT,39,20,8471469,20,2,8476876,39,3
2020020100,2020,2021-01-26,regular,WPG,EDM,6,4,REG,33,26,8476945,26,4,8475156,32,5
2020020102,2020,2021-01-26,regular,MIN,LAK,1,2,REG,33,21,8478039,21,2,8477361,33,1
2020020103,2020,2021-01-26,regular,DAL,DET,2,1,OT,22,21,8471418,21,1,8471306,22,2
2020020101,2020,2021-01-26,regular,CGY,TOR,3,4,REG,26,21,8474593,21,4,8475883,26,3
2020020104,2020,2021-01-26,regular,COL,SJS,7,3,REG,42,30,8475831,30,3,8474889,19,5
2020020105,2020,2021-01-26,regular,ARI,ANA,0,1,REG,31,24,8475311,24,1,8476434,31,0
2020020106,2020,2021-01-26,regular,VGK,STL,4,5,SO,46,25,8475215,25,4,8476412,46,4
2020020107,2020,2021-01-27,regular,NSH,CHI,2,1,SO,42,30,8477424,30,1,8480947,42,1
2020020108,2020,2021-01-27,regular,VAN,OTT,5,1,REG,35,43,8477967,43,1,8477405,35,5
2020020109,2020,2021-01-28,regular,BOS,PIT,4,1,REG,20,17,8470860,17,1,8477465,20,4
2020020110,2020,2021-01-28,regular,BUF,NYR,2,3,OT,25,39,8476999,39,3,8478048,25,2
2020020111,2020,2021-01-28,regular,NJD,PHI,1,3,REG,34,17,8475809,17,3,8479394,34,1
2020020112,2020,2021-01-28,regular,WSH,NYI,6,3,REG,23,30,8477970,30,3,8473575,22,5
2020020113,2020,2021-01-28,regular,CAR,TBL,1,0,OT,35,32,8475852,32,0,8476883,35,1
2020020114,2020,2021-01-28,regular,CBJ,FLA,3,2,SO,31,35,8478007,35,2,8476904,31,2
2020020115,2020,2021-01-28,regular,MTL,CGY,4,2,REG,21,25,8471679,25,2,8479496,21,4
2020020118,2020,2021-01-28,regular,MIN,LAK,5,3,REG,28,35,8478039,35,3,8471734,28,5
2020020119,2020,2021-01-28,regular,DAL,DET,7,3,REG,29,23,8479979,23,3,8473541,19,3
2020020120,2020,2021-01-28,regular,COL,SJS,3,0,REG,38,21,8475831,21,0,8471227,38,3
2020020121,2020,2021-01-28,regular,ARI,ANA,3,2,REG,34,16,8475311,16,2,8476434,34,3
2020020116,2020,2021-01-28,regular,EDM,TOR,3,4,REG,29,27,8475156,27,4,8475883,29,3
2020020117,2020,2021-01-28,regular,VAN,OTT,4,1,REG,25,37,8474651,37,1,8476899,25,4
2020020123,2020,2021-01-29,regular,CHI,CBJ,1,2,REG,32,27,8480947,27,2,8476914,32,1
2020020124,2020,2021-01-30,regular,BUF,NJD,4,3,SO,31,34,8476999,34,3,8475809,31,3
2020020125,2020,2021-01-30,regular,NYR,PIT,4,5,OT,34,38,8480382,38,5,8479193,34,4
2020020126,2020,2021-01-30,regular,PHI,NYI,3,2,OT,17,28,8479394,28,2,8473575,17,3
2020020127,2020,2021-01-30,regular,WSH,BOS,4,3,OT,23,43,8477970,43,3,8471695,23,4
2020020128,2020,2021-01-30,regular,CAR,DAL,4,1,REG,26,11,8475852,0,0,8471418,16,4
2020020129,2020,2021-01-30,regular,TBL,NSH,4,3,REG,33,26,8476883,26,3,8471469,33,4
2020020130,2020,2021-01-30,regular,DET,FLA,2,3,OT,27,26,8471306,26,3,8475683,27,2
2020020131,2020,2021-01-30,regular,MTL,CGY,0,2,REG,37,33,8474596,32,1,8474593,37,0
2020020133,2020,2021-01-30,regular,EDM,TOR,4,3,OT,31,29,8475156,29,3,8475883,31,4
2020020134,2020,2021-01-30,regular,MIN,COL,1,5,REG,20,33,8478039,33,5,8475831,20,1
2020020135,2020,2021-01-30,regular,ANA,STL,1,6,REG,24,30,8476434,6,3,8476412,24,1
2020020132,2020,2021-01-30,regular,WPG,VAN,1,4,REG,24,39,8476945,38,3,8477967,24,1
2020020136,2020,2021-01-31,regular,BUF,NJD,3,5,REG,33,37,8475622,36,4,8477480,33,3
2020020138,2020,2021-01-31,regular,CAR,DAL,4,3,SO,40,29,8473503,29,3,8471418,40,3
2020020139,2020,2021-01-31,regular,DET,FLA,2,3,REG,34,30,8471306,30,3,8476904,34,2
2020020137,2020,2021-01-31,regular,PHI,NYI,4,3,OT,29,36,8470880,36,3,8478009,29,4
2020020140,2020,2021-01-31,regular,CHI,CBJ,3,1,REG,36,33,8480947,33,1,8478007,36,3
2020020142,2020,2021-01-31,regular,MIN,COL,4,3,OT,33,25,8475660,25,3,8480112,33,4
2020020143,2020,2021-01-31,regular,ANA,STL,1,4,REG,26,23,8476434,23,4,8478024,26,1
2020020141,2020,2021-01-31,regular,EDM,OTT,8,5,REG,31,38,8479973,38,5,8476899,9,3
2020020144,2020,2021-02-01,regular,NYR,PIT,3,1,REG,24,26,8478048,26,1,8479193,23,2
2020020145,2020,2021-02-01,regular,WSH,BOS,3,5,REG,26,33,8477970,32,4,8470860,26,3
2020020146,2020,2021-02-01,regular,TBL,NSH,5,2,REG,28,31,8476883,31,2,8477424,27,4
2020020147,2020,2021-02-01,regular,MTL,VAN,6,2,REG,40,29,8471679,29,2,8474651,40,6
2020020148,2020,2021-02-01,regular,WPG,CGY,3,4,SO,28,28,8476945,28,3,8474593,28,3
2020020152,2020,2021-02-02,regular,CBJ,DAL,3,6,REG,26,33,8476914,23,5,8479979,26,3
2020020155,2020,2021-02-02,regular,MTL,VAN,5,3,REG,33,39,8474596,39,3,8477967,32,4
2020020153,2020,2021-02-02,regular,CHI,CAR,3,4,SO,33,41,8480947,41,3,8473503,33,3
2020020154,2020,2021-02-02,regular,STL,ARI,4,3,REG,29,35,8476412,35,3,8475311,29,4
2020020156,2020,2021-02-02,regular,WPG,CGY,3,2,REG,28,31,8476316,31,2,8479496,28,3
2020020158,2020,2021-02-02,regular,COL,MIN,2,1,REG,31,28,8475831,28,1,8475660,31,2
2020020157,2020,2021-02-02,regular,EDM,OTT,4,2,REG,25,25,8475156,25,2,8477405,25,4
2020020161,2020,2021-02-02,regular,LAK,ANA,1,3,REG,21,43,8477361,42,2,8476434,21,1
2020020160,2020,2021-02-03,regular,TBL,DET,5,1,REG,27,16,8476883,16,1,8471306,6,3
2020020159,2020,2021-02-03,regular,PHI,BOS,3,4,OT,25,35,8479394,35,4,8471695,25,3
2020020164,2020,2021-02-04,regular,NYR,WSH,4,2,REG,31,33,8478048,33,2,8477970,30,3
2020020165,2020,2021-02-04,regular,FLA,NSH,5,6,OT,36,41,8475683,41,6,8477424,24,5
2020020167,2020,2021-02-04,regular,CBJ,DAL,4,3,REG,25,28,8476914,28,3,8471418,25,4
2020020170,2020,2021-02-04,regular,MTL,OTT,2,3,REG,38,22,8471679,22,3,8476899,38,2
2020020171,2020,2021-02-04,regular,TOR,VAN,7,3,REG,37,19,8475883,19,3,8477967,37,7
2020020168,2020,2021-02-04,regular,CHI,CAR,6,4,REG,35,34,8480947,34,4,8473503,34,5
2020020169,2020,2021-02-04,regular,STL,ARI,3,4,REG,43,30,8476412,29,3,8477293,43,3
2020020172,2020,2021-02-04,regular,WPG,CGY,4,1,REG,27,24,8476945,24,1,8474593,26,3
2020020174,2020,2021-02-05,regular,PHI,BOS,1,2,REG,24,23,8470880,23,2,8471695,24,1
2020020175,2020,2021-02-05,regular,TBL,DET,3,1,REG,32,28,8476883,28,1,8471306,31,2
2020020176,2020,2021-02-05,regular,FLA,NSH,2,1,REG,36,25,8476904,25,1,8471469,36,2
2020020177,2020,2021-02-05,regular,VGK,LAK,5,2,REG,36,29,8470594,29,2,8471734,10,4
2020020178,2020,2021-02-05,regular,ANA,SJS,4,5,SO,37,30,8476434,30,4,8474889,37,4
2020020183,2020,2021-02-06,regular,OTT,MTL,1,2,REG,35,32,8476899,32,2,8474596,35,1
2020020550,2020,2021-02-06,regular,STL,ARI,1,3,REG,25,19,8478024,18,2,8475311,25,1
2020020181,2020,2021-02-06,regular,NYI,PIT,4,3,REG,26,31,8473575,31,3,8477465,26,4
2020020184,2020,2021-02-06,regular,TOR,VAN,5,1,REG,31,28,8475883,28,1,8474651,31,5
2020020185,2020,2021-02-06,regular,CGY,EDM,6,4,REG,28,32,8474593,32,4,8475156,28,6
2020020187,2020,2021-02-06,regular,ANA,SJS,2,1,SO,33,27,8468011,27,1,8471227,33,1
2020020188,2020,2021-02-07,regular,WSH,PHI,4,7,REG,37,23,8477970,14,4,8479394,37,4
2020020189,2020,2021-02-07,regular,FLA,DET,1,4,REG,37,39,8476904,38,3,8471306,37,1
2020020190,2020,2021-02-07,regular,CBJ,CAR,5,6,REG,22,26,8476914,26,6,8473503,22,5
2020020193,2020,2021-02-07,regular,DAL,CHI,1,2,OT,31,35,8479979,35,2,8476876,31,1
2020020194,2020,2021-02-07,regular,VGK,LAK,4,3,REG,33,32,8475215,32,3,8477361,33,4
2020020196,2020,2021-02-08,regular,NYR,NYI,0,2,REG,30,30,8478048,30,2,8473575,30,0
2020020197,2020,2021-02-08,regular,CBJ,CAR,3,2,REG,22,24,8476914,24,2,8477968,22,3
2020020199,2020,2021-02-08,regular,OTT,EDM,1,3,REG,28,35,8476899,34,2,8469608,28,1
2020020200,2020,2021-02-08,regular,TOR,VAN,3,1,REG,19,32,8475883,32,1,8474651,19,3
2020020198,2020,2021-02-08,regular,NSH,TBL,1,4,REG,24,35,8471469,33,2,8470147,24,1
2020020565,2020,2021-02-08,regular,STL,ARI,3,4,SO,43,26,8476412,26,3,8475311,43,3
2020020203,2020,2021-02-09,regular,FLA,DET,2,1,REG,22,32,8475683,32,1,8471306,22,2
2020020205,2020,2021-02-09,regular,OTT,EDM,2,3,REG,42,22,8477405,13,3,8475156,42,2
2020020204,2020,2021-02-09,regular,NSH,TBL,1,6,REG,33,30,8477424,30,6,8476883,33,1
2020020208,2020,2021-02-09,regular,DAL,CHI,1,2,OT,35,29,8479979,29,2,8480947,35,1
2020020206,2020,2021-02-09,regular,CGY,WPG,3,2,REG,29,27,8474593,27,2,8476945,29,3
2020020210,2020,2021-02-09,regular,VGK,ANA,5,4,REG,31,23,8470594,23,4,8468011,31,5
2020020211,2020,2021-02-09,regular,LAK,SJS,3,4,SO,27,40,8477361,40,3,8474889,27,3
2020020212,2020,2021-02-10,regular,NYR,BOS,2,3,OT,35,32,8480382,32,3,8471695,35,2
2020020213,2020,2021-02-10,regular,MTL,TOR,2,4,REG,35,24,8471679,23,3,8475883,35,2
2020020215,2020,2021-02-11,regular,NYI,PIT,3,4,SO,29,35,8473575,35,3,8479193,29,3
2020020217,2020,2021-02-11,regular,FLA,TBL,5,2,REG,29,21,8475683,21,2,8476883,28,4
2020020218,2020,2021-02-11,regular,CHI,CBJ,5,6,REG,26,43,8480947,43,6,8476914,26,5
2020020219,2020,2021-02-11,regular,NSH,DET,3,2,REG,23,26,8471469,26,2,8471306,23,3
2020020220,2020,2021-02-11,regular,MTL,EDM,0,3,REG,38,31,8474596,31,3,8469608,38,0
2020020221,2020,2021-02-11,regular,WPG,OTT,5,1,REG,26,42,8476945,42,1,8476899,15,3
2020020224,2020,2021-02-11,regular,DAL,CAR,3,5,REG,37,32,8471418,31,4,8473503,37,3
2020020222,2020,2021-02-11,regular,VAN,CGY,1,3,REG,34,26,8477967,26,3,8474593,34,1
2020020226,2020,2021-02-11,regular,VGK,ANA,0,1,REG,21,28,8470594,28,1,8476434,21,0
2020020227,2020,2021-02-11,regular,LAK,SJS,6,2,REG,31,31,8477361,31,2,8474889,26,6
2020020228,2020,2021-02-12,regular,NYR,BOS,0,1,REG,21,30,8478048,30,1,8470860,21,0
2020020684,2020,2021-02-12,regular,ARI,STL,1,4,REG,25,27,8475311,25,2,8476412,25,1
2020020236,2020,2021-02-13,regular,WPG,OTT,1,2,REG,31,29,8476945,29,2,8477405,31,1
2020020149,2020,2021-02-13,regular,SJS,VGK,1,3,REG,25,26,8474889,26,3,8470594,25,1
2020020230,2020,2021-02-13,regular,NYI,BOS,4,2,REG,42,30,8473575,30,2,8471695,42,4
2020020232,2020,2021-02-13,regular,FLA,TBL,1,6,REG,34,28,8475683,28,6,8476883,34,1
2020020235,2020,2021-02-13,regular,TOR,MTL,1,2,REG,22,25,8475883,25,2,8471679,22,1
2020020233,2020,2021-02-13,regular,CHI,CBJ,3,2,OT,31,31,8480947,31,2,8476914,31,3
2020020234,2020,2021-02-13,regular,NSH,DET,2,4,REG,23,30,8471469,24,3,8473541,23,2
2020020238,2020,2021-02-13,regular,DAL,CAR,3,4,SO,29,21,8479979,21,3,8477968,29,3
2020020239,2020,2021-02-13,regular,ARI,STL,4,5,OT,36,35,8477293,35,5,8478024,36,4
2020020237,2020,2021-02-13,regular,VAN,CGY,3,1,REG,46,19,8477967,19,1,8474593,45,2
2020020242,2020,2021-02-14,regular,PIT,WSH,6,3,REG,38,31,8477465,31,3,8477970,36,4
2020020243,2020,2021-02-14,regular,VGK,COL,1,0,REG,24,30,8470594,30,0,8475831,24,1
2020020251,2020,2021-02-15,regular,ARI,STL,1,0,REG,19,24,8475311,24,0,8476412,19,1
2020020245,2020,2021-02-15,regular,BUF,NYI,1,3,REG,21,29,8476999,29,3,8473575,21,1
2020020247,2020,2021-02-15,regular,TOR,OTT,5,6,OT,38,31,8475883,31,6,8477405,38,5
2020020255,2020,2021-02-15,regular,CAR,CBJ,7,3,REG,34,40,8473503,40,3,8476914,25,5
2020020256,2020,2021-02-15,regular,TBL,FLA,4,6,REG,31,21,8470147,21,6,8476904,31,4
2020020246,2020,2021-02-15,regular,DET,CHI,2,3,OT,29,24,8471306,24,3,8476876,29,2
2020020248,2020,2021-02-15,regular,EDM,WPG,5,6,REG,45,24,8469608,11,4,8476945,45,5
2020020249,2020,2021-02-15,regular,VAN,CGY,3,4,OT,33,27,8477967,27,4,8474593,33,3
2020020252,2020,2021-02-15,regular,SJS,ANA,3,2,REG,29,28,8474889,28,2,8476434,29,3
2020020253,2020,2021-02-16,regular,BUF,NYI,0,3,REG,20,24,8475622,23,2,8478009,20,0
2020020257,2020,2021-02-16,regular,PIT,WSH,1,3,REG,27,42,8477465,42,3,8477970,27,1
2020020364,2020,2021-02-16,regular,NYR,NJD,2,5,REG,39,37,8478048,36,4,8478406,39,2
2020020259,2020,2021-02-16,regular,VGK,COL,2,3,REG,29,25,8470594,25,3,8475831,29,2
2020020260,2020,2021-02-16,regular,LAK,MIN,4,0,REG,29,28,8471734,28,0,8478039,28,3
2020020062,2020,2021-02-17,regular,CAR,FLA,3,4,OT,35,37,8477968,37,4,8476904,35,3
2020020262,2020,2021-02-17,regular,TOR,OTT,2,1,REG,28,28,8475883,28,1,8476899,28,2
2020020261,2020,2021-02-17,regular,DET,CHI,0,2,REG,29,26,8473541,25,1,8480947,29,0
2020020263,2020,2021-02-17,regular,CGY,VAN,1,5,REG,36,33,8474593,29,5,8474651,36,1
2020020264,2020,2021-02-17,regular,EDM,WPG,3,2,REG,30,35,8469608,35,2,8476945,30,3
2020020265,2020,2021-02-18,regular,BOS,NJD,2,3,REG,27,26,8470860,26,3,8478406,27,2
2020020266,2020,2021-02-18,regular,PHI,NYR,2,3,SO,22,33,8479394,33,2,8480382,22,2
2020020267,2020,2021-02-18,regular,PIT,NYI,4,1,REG,37,32,8477465,32,1,8473575,36,3
2020020268,2020,2021-02-18,regular,CBJ,NSH,3,0,REG,22,32,8478007,32,0,8477424,21,2
2020020270,2020,2021-02-18,regular,TOR,OTT,7,3,REG,31,37,8474636,37,3,8477405,5,1
2020020667,2020,2021-02-18,regular,WSH,BUF,3,1,REG,21,23,8477970,23,1,8476999,21,3
2020020269,2020,2021-02-18,regular,STL,SJS,3,2,OT,45,32,8476412,32,2,8474889,45,3
2020020272,2020,2021-02-18,regular,ARI,LAK,2,3,SO,22,29,8475311,29,2,8471734,22,2
2020020273,2020,2021-02-18,regular,ANA,MIN,1,3,REG,17,27,8476434,27,3,8478039,17,1
2020020274,2020,2021-02-19,regular,CAR,CHI,5,3,REG,38,29,8473503,29,3,8480947,37,4
2020020275,2020,2021-02-19,regular,DET,FLA,2,7,REG,32,39,8471306,13,4,8476904,32,2
2020020276,2020,2021-02-19,regular,CGY,EDM,1,2,REG,21,25,8479496,25,2,8469608,21,1
2020020277,2020,2021-02-19,regular,VAN,WPG,0,2,REG,29,31,8477967,30,1,8476316,29,0
2020020278,2020,2021-02-20,regular,NJD,BUF,2,3,REG,27,29,8478406,29,3,8476999,27,2
2020020279,2020,2021-02-20,regular,WSH,NYR,1,4,REG,27,24,8477970,23,3,8478048,27,1
2020020287,2020,2021-02-20,regular,COL,VGK,3,2,REG,39,29,8475831,29,2,8470594,39,3
2020020292,2020,2021-02-20,regular,DET,FLA,2,1,REG,27,39,8473541,39,1,8475683,27,2
2020020281,2020,2021-02-20,regular,PIT,NYI,3,2,REG,18,35,8477465,35,2,8473575,18,3
2020020282,2020,2021-02-20,regular,CBJ,NSH,2,4,REG,23,45,8478007,39,4,8471469,23,2
2020020283,2020,2021-02-20,regular,STL,SJS,4,5,REG,32,27,8476412,27,5,8471227,32,4
2020020284,2020,2021-02-20,regular,MTL,TOR,3,5,REG,33,27,8471679,27,5,8475883,33,3
2020020288,2020,2021-02-20,regular,ARI,LAK,2,4,REG,24,23,8475311,22,3,8477361,24,2
2020020543,2020,2021-02-20,regular,CAR,TBL,4,0,REG,28,24,8477968,24,0,8476883,27,3
2020020289,2020,2021-02-20,regular,ANA,MIN,1,5,REG,27,29,8476434,29,5,8478039,27,1
2020020285,2020,2021-02-20,regular,EDM,CGY,7,1,REG,24,44,8475156,44,1,8474593,15,5
2020020392,2020,2021-02-21,regular,WSH,NJD,4,3,REG,41,26,8467950,26,3,8477180,41,4
2020020293,2020,2021-02-21,regular,OTT,MTL,3,2,OT,39,32,8476899,32,2,8474596,39,3
2020020290,2020,2021-02-21,regular,BOS,PHI,7,3,REG,35,19,8471695,19,3,8479394,23,6
2020020294,2020,2021-02-21,regular,VAN,WPG,3,4,OT,34,31,8474651,31,4,8476945,34,3
2020020009,2020,2021-02-22,regular,FLA,DAL,3,1,REG,52,25,8476904,25,1,8471418,51,2
2020020097,2020,2021-02-22,regular,CAR,TBL,2,4,REG,36,32,8473503,31,3,8476883,36,2
2020020150,2020,2021-02-22,regular,NYI,BUF,3,2,REG,23,36,8473575,36,2,8476999,23,3
2020020298,2020,2021-02-22,regular,TOR,CGY,0,3,REG,34,33,8474636,33,3,8479496,34,0
2020020297,2020,2021-02-22,regular,STL,LAK,0,3,REG,31,31,8476412,30,2,8471734,31,0
2020020299,2020,2021-02-22,regular,COL,VGK,0,3,REG,34,28,8475831,28,3,8470594,34,0
2020020300,2020,2021-02-22,regular,ARI,ANA,4,3,REG,25,28,8475311,28,3,8476434,25,4
2020020743,2020,2021-02-22,regular,SJS,MIN,2,6,REG,33,34,8474889,20,4,8478039,33,2
2020020295,2020,2021-02-23,regular,NJD,BUF,1,4,REG,42,37,8478406,36,3,8476999,42,1
2020020302,2020,2021-02-23,regular,WSH,PIT,2,3,OT,22,37,8477970,37,3,8477465,22,2
2020020304,2020,2021-02-23,regular,CBJ,CHI,5,6,SO,30,34,8476914,34,5,8480947,30,5
2020020306,2020,2021-02-23,regular,OTT,MTL,5,4,SO,39,36,8476899,36,4,8471679,39,4
2020020305,2020,2021-02-23,regular,DET,NSH,0,2,REG,24,33,8473541,33,2,8471469,24,0
2020020307,2020,2021-02-23,regular,VAN,EDM,3,4,REG,33,29,8477967,29,4,8469608,33,3
2020020296,2020,2021-02-24,regular,TBL,CAR,3,0,REG,28,25,8476883,25,0,8477968,27,2
2020020303,2020,2021-02-24,regular,FLA,DAL,0,3,REG,43,26,8476904,25,2,8471418,43,0
2020020308,2020,2021-02-24,regular,PHI,NYR,4,3,REG,39,27,8470880,27,3,8478048,39,4
2020020310,2020,2021-02-24,regular,TOR,CGY,2,1,OT,39,22,8474636,22,1,8479496,39,2
2020020173,2020,2021-02-24,regular,COL,MIN,2,6,REG,32,25,8475831,24,5,8478039,32,2
2020020311,2020,2021-02-24,regular,ARI,ANA,4,3,SO,28,35,8475311,21,3,8468011,28,3
2020020309,2020,2021-02-24,regular,STL,LAK,1,2,REG,36,20,8476412,20,2,8477361,36,1
2020020312,2020,2021-02-25,regular,NYI,BOS,7,2,REG,37,36,8473575,36,2,8470860,37,7
2020020313,2020,2021-02-25,regular,WSH,PIT,5,2,REG,35,28,8477970,28,2,8477465,33,3
2020020314,2020,2021-02-25,regular,TBL,CAR,3,1,REG,22,32,8470147,32,1,8473503,21,2
2020020315,2020,2021-02-25,regular,FLA,DAL,3,2,REG,35,39,8475683,39,2,8479979,35,3
2020020316,2020,2021-02-25,regular,CBJ,CHI,0,2,REG,26,27,8476914,26,1,8476876,26,0
2020020318,2020,2021-02-25,regular,OTT,CGY,6,1,REG,31,30,8476899,30,1,8479496,20,4
2020020635,2020,2021-02-25,regular,BUF,NJD,3,4,OT,32,40,8476999,15,0,8478406,32,3
2020020317,2020,2021-02-25,regular,DET,NSH,5,2,REG,32,39,8473541,39,2,8471469,31,4
2020020319,2020,2021-02-25,regular,WPG,MTL,6,3,REG,30,21,8476945,21,3,8471679,29,5
2020020320,2020,2021-02-25,regular,VAN,EDM,0,3,REG,32,34,8477967,33,2,8469608,32,0
2020020323,2020,2021-02-26,regular,NYR,BOS,6,2,REG,34,33,8480382,33,2,8471695,34,6
2020020324,2020,2021-02-26,regular,MIN,LAK,3,1,REG,30,28,8475660,28,1,8471734,30,3
2020020321,2020,2021-02-26,regular,ARI,COL,2,3,REG,18,29,8478499,29,3,8480112,18,2
2020020322,2020,2021-02-27,regular,BUF,PHI,0,3,REG,23,39,8475622,39,3,8470880,23,0
2020020327,2020,2021-02-27,regular,NJD,WSH,2,5,REG,24,24,8478406,23,4,8477970,24,2
2020020333,2020,2021-02-27,regular,OTT,CGY,3,6,REG,34,38,8476899,33,6,8479496,34,3
2020020332,2020,2021-02-27,regular,NSH,CBJ,2,1,REG,33,30,8477424,30,1,8476914,33,2
2020020328,2020,2021-02-27,regular,NYI,PIT,3,4,OT,27,31,8473575,31,4,8477465,27,3
2020020329,2020,2021-02-27,regular,TBL,DAL,5,0,REG,21,20,8476883,20,0,8471418,16,5
2020020330,2020,2021-02-27,regular,FLA,CAR,3,4,SO,31,33,8475683,33,3,8473503,31,3
2020020335,2020,2021-02-27,regular,EDM,TOR,0,4,REG,30,29,8469608,29,4,8475789,30,0
2020020331,2020,2021-02-27,regular,CHI,DET,3,5,REG,36,32,8476876,32,5,8473541,36,3
2020020336,2020,2021-02-27,regular,MIN,LAK,4,3,OT,42,28,8478039,28,3,8477361,42,4
2020020337,2020,2021-02-27,regular,ARI,COL,2,6,REG,25,41,8477293,40,5,8475831,25,2
2020020334,2020,2021-02-27,regular,WPG,MTL,2,1,OT,21,41,8476945,41,1,8474596,21,2
2020020338,2020,2021-02-27,regular,ANA,VGK,2,3,OT,30,27,8476434,27,3,8470594,30,2
2020020339,2020,2021-02-27,regular,SJS,STL,6,7,REG,40,31,8471227,31,7,8476412,19,4
2020020342,2020,2021-02-28,regular,NYR,BOS,1,4,REG,21,36,8480382,33,2,8471695,21,1
2020020340,2020,2021-02-28,regular,BUF,PHI,0,3,REG,28,38,8477992,38,3,8479394,28,0
2020020344,2020,2021-02-28,regular,NSH,CBJ,3,1,REG,29,29,8477424,29,1,8476914,29,3
2020020346,2020,2021-02-28,regular,NJD,WSH,2,3,REG,21,23,8478406,23,3,8478492,21,2
2020020341,2020,2021-02-28,regular,NYI,PIT,2,0,REG,30,20,8478009,20,0,8479193,30,2
2020020343,2020,2021-02-28,regular,CHI,DET,7,2,REG,32,46,8480947,46,2,8471306,32,7
2020020348,2020,2021-03-01,regular,FLA,CAR,2,3,OT,46,31,8476904,31,3,8477968,46,2
2020020349,2020,2021-03-01,regular,OTT,CGY,5,1,REG,36,28,8476899,28,1,8479496,35,4
2020020345,2020,2021-03-01,regular,WPG,VAN,0,4,REG,27,19,8476945,18,3,8477967,27,0
2020020350,2020,2021-03-01,regular,EDM,TOR,0,3,REG,31,23,8475156,10,3,8474636,31,0
2020020351,2020,2021-03-01,regular,VGK,MIN,5,4,OT,39,30,8470594,30,4,8475660,39,5
2020020352,2020,2021-03-01,regular,ANA,STL,4,5,REG,33,35,8476434,34,4,8478024,33,4
2020020353,2020,2021-03-01,regular,SJS,COL,6,2,REG,27,35,8474889,35,2,8475831,26,5
2020020301,2020,2021-03-02,regular,NJD,NYI,1,2,REG,29,20,8477180,20,2,8473575,29,1
2020020354,2020,2021-03-02,regular,NYR,BUF,3,2,REG,19,24,8478048,24,2,8475622,19,3
2020020355,2020,2021-03-02,regular,PIT,PHI,5,2,REG,27,42,8477465,42,2,8479394,27,5
2020020356,2020,2021-03-02,regular,CBJ,DET,4,1,REG,36,20,8476914,20,1,8473541,27,4
2020020357,2020,2021-03-02,regular,MTL,OTT,3,1,REG,33,27,8471679,27,1,8478916,32,2
2020020052,2020,2021-03-02,regular,NSH,CAR,2,4,REG,38,28,8477424,10,2,8473503,38,2
2020020358,2020,2021-03-02,regular,WPG,VAN,5,2,REG,39,33,8476316,33,2,8474651,38,4
2020020271,2020,2021-03-02,regular,DAL,TBL,0,2,REG,28,19,8471418,18,1,8476883,28,0
2020020359,2020,2021-03-03,regular,BOS,WSH,1,2,SO,19,28,8471695,28,1,8477970,19,1
2020020360,2020,2021-03-03,regular,EDM,TOR,1,6,REG,27,32,8469608,32,6,8475883,27,1
2020020362,2020,2021-03-03,regular,ANA,STL,2,3,REG,29,21,8476434,21,3,8476412,29,2
2020020361,2020,2021-03-03,regular,VGK,MIN,5,1,REG,28,37,8470594,37,1,8475660,27,4
2020020742,2020,2021-03-03,regular,LAK,ARI,2,3,REG,42,23,8471734,23,3,8477293,42,2
2020020363,2020,2021-03-03,regular,SJS,COL,0,4,REG,26,38,8474889,38,4,8475831,26,0
2020020163,2020,2021-03-04,regular,NYI,BUF,5,2,REG,45,18,8478009,18,2,8477992,45,5
2020020180,2020,2021-03-04,regular,NJD,NYR,1,6,REG,36,19,8478406,15,4,8478048,33,1
2020020365,2020,2021-03-04,regular,CAR,DET,5,2,REG,32,35,8477968,35,2,8473541,31,4
2020020366,2020,2021-03-04,regular,PIT,PHI,3,4,REG,29,35,8477465,35,4,8470880,29,3
2020020369,2020,2021-03-04,regular,MTL,WPG,3,4,OT,36,27,8474596,27,4,8476945,36,3
2020020367,2020,2021-03-04,regular,CHI,TBL,2,3,OT,37,34,8480947,34,3,8476883,37,2
2020020368,2020,2021-03-04,regular,NSH,FLA,4,5,REG,35,38,8471469,38,5,8475683,35,4
2020020372,2020,2021-03-04,regular,DAL,CBJ,2,3,REG,24,22,8471418,22,3,8476914,24,2
2020020370,2020,2021-03-04,regular,CGY,OTT,7,3,REG,29,32,8479496,32,3,8476899,11,4
2020020371,2020,2021-03-04,regular,VAN,TOR,3,1,REG,28,32,8477967,32,1,8474636,28,3
2020020373,2020,2021-03-05,regular,BOS,WSH,5,1,REG,25,32,8470860,32,1,8477970,18,4
2020020376,2020,2021-03-05,regular,CHI,TBL,4,3,SO,27,42,8476876,42,3,8470147,27,3
2020020377,2020,2021-03-05,regular,COL,ANA,3,2,OT,34,28,8475831,28,2,8476434,34,3
2020020378,2020,2021-03-05,regular,ARI,MIN,1,5,REG,25,27,8477293,27,5,8478039,25,1
2020020379,2020,2021-03-05,regular,LAK,STL,2,3,OT,30,22,8477361,22,3,8478024,30,2
2020020380,2020,2021-03-05,regular,SJS,VGK,4,5,OT,29,27,8474889,8,3,8476861,29,4
2020020374,2020,2021-03-06,regular,NJD,NYR,3,6,REG,27,28,8478406,27,5,8480382,27,3
2020020375,2020,2021-03-06,regular,NYI,BUF,5,2,REG,29,22,8473575,22,2,8475622,29,5
2020020668,2020,2021-03-06,regular,PIT,PHI,4,3,REG,27,22,8477465,22,3,8470880,27,4
2020020381,2020,2021-03-06,regular,NSH,FLA,2,6,REG,30,32,8471469,32,6,8475683,30,2
2020020382,2020,2021-03-06,regular,MTL,WPG,7,1,REG,28,29,8471679,29,1,8476945,19,4
2020020384,2020,2021-03-06,regular,VAN,TOR,4,2,REG,31,39,8477967,39,2,8475883,31,4
2020020387,2020,2021-03-06,regular,ARI,MIN,5,2,REG,31,34,8475311,34,2,8475660,30,4
2020020385,2020,2021-03-06,regular,DAL,CBJ,5,0,REG,26,21,8479979,21,0,8476914,22,4
2020020386,2020,2021-03-06,regular,COL,ANA,4,5,OT,33,27,8480112,27,5,8468011,33,4
2020020388,2020,2021-03-06,regular,LAK,STL,4,3,OT,34,25,8471734,25,3,8476412,34,4
2020020383,2020,2021-03-06,regular,EDM,CGY,3,2,REG,33,36,8469608,36,2,8474593,33,3
2020020389,2020,2021-03-06,regular,SJS,VGK,0,4,REG,24,32,8471227,32,4,8470594,24,0
2020020391,2020,2021-03-07,regular,NYI,BUF,5,2,REG,30,26,8478009,26,2,8477992,29,4
2020020394,2020,2021-03-07,regular,CHI,TBL,3,6,REG,25,39,8480947,39,6,8476883,25,3
2020020076,2020,2021-03-07,regular,CAR,FLA,4,2,REG,26,23,8473503,23,2,8476904,26,4
2020020244,2020,2021-03-07,regular,BOS,NJD,0,1,REG,40,25,8471695,25,1,8475809,40,0
2020020769,2020,2021-03-07,regular,PHI,WSH,1,3,REG,37,27,8479394,27,3,8478492,37,1
2020020393,2020,2021-03-07,regular,PIT,NYR,5,1,REG,24,24,8479193,24,1,8480382,6,3
2020020250,2020,2021-03-07,regular,DAL,NSH,3,4,SO,38,20,8479979,20,3,8471469,38,3
2020020395,2020,2021-03-07,regular,CGY,OTT,3,4,SO,34,22,8474593,22,3,8476899,34,3
2020020398,2020,2021-03-08,regular,MIN,VGK,2,0,REG,21,26,8478039,26,0,8470594,21,1
2020020326,2020,2021-03-08,regular,SJS,STL,3,2,OT,20,26,8471227,26,2,8478024,20,3
2020020396,2020,2021-03-08,regular,EDM,OTT,3,2,REG,37,28,8475156,28,2,8478916,37,3
2020020399,2020,2021-03-08,regular,COL,ARI,2,3,REG,35,14,8475831,14,3,8475311,19,2
2020020397,2020,2021-03-08,regular,VAN,MTL,2,1,SO,29,30,8477967,30,1,8471679,29,1
2020020400,2020,2021-03-08,regular,ANA,LAK,6,5,OT,25,26,8476434,26,5,8477361,25,6
2020020405,2020,2021-03-09,regular,PIT,NYR,4,2,REG,27,35,8477465,35,2,8476234,26,3
2020020401,2020,2021-03-09,regular,NYI,BOS,2,1,SO,27,33,8473575,33,1,8470860,27,1
2020020402,2020,2021-03-09,regular,PHI,BUF,5,4,SO,33,20,8479394,8,3,8477992,33,4
2020020403,2020,2021-03-09,regular,WSH,NJD,5,4,OT,30,31,8477970,31,4,8475809,30,5
2020020404,2020,2021-03-09,regular,CAR,NSH,3,2,OT,35,23,8477968,23,2,8471469,35,3
2020020406,2020,2021-03-09,regular,CBJ,FLA,2,4,REG,40,33,8476914,32,3,8475683,40,2
2020020408,2020,2021-03-09,regular,TOR,WPG,3,4,REG,39,23,8475883,23,4,8476945,39,3
2020020407,2020,2021-03-09,regular,DET,TBL,3,4,OT,23,29,8471306,29,4,8476883,23,3
2020020409,2020,2021-03-09,regular,DAL,CHI,6,1,REG,37,22,8471418,22,1,8476876,37,6
2020020412,2020,2021-03-10,regular,MIN,VGK,4,3,REG,31,27,8478039,27,3,8470594,29,4
2020020410,2020,2021-03-10,regular,EDM,OTT,7,1,REG,36,22,8469608,22,1,8476899,36,7
2020020413,2020,2021-03-10,regular,COL,ARI,2,1,OT,46,14,8475831,14,1,8477293,46,2
2020020414,2020,2021-03-10,regular,ANA,LAK,1,5,REG,34,37,8476434,37,5,8477234,34,1
2020020411,2020,2021-03-10,regular,VAN,MTL,1,5,REG,24,45,8477967,45,5,8471679,24,1
2020020415,2020,2021-03-11,regular,BOS,NYR,4,0,REG,27,27,8470860,27,0,8480382,14,4
2020020416,2020,2021-03-11,regular,BUF,PIT,2,5,REG,23,27,8477992,26,4,8477465,23,2
2020020417,2020,2021-03-11,regular,NYI,NJD,5,3,REG,33,22,8478009,22,3,8478406,33,5
2020020418,2020,2021-03-11,regular,PHI,WSH,3,5,REG,33,22,8470880,21,4,8478492,33,3
2020020419,2020,2021-03-11,regular,CAR,NSH,5,1,REG,26,33,8473503,33,1,8471469,23,5
2020020420,2020,2021-03-11,regular,CBJ,FLA,4,5,OT,32,32,8478007,32,5,8475683,32,4
2020020422,2020,2021-03-11,regular,TOR,WPG,4,3,OT,38,27,8475883,27,3,8476945,38,4
2020020421,2020,2021-03-11,regular,DET,TBL,6,4,REG,23,44,8473541,44,4,8470147,22,5
2020020424,2020,2021-03-11,regular,DAL,CHI,2,4,REG,30,16,8471418,8,4,8480947,30,2
2020020423,2020,2021-03-11,regular,CGY,MTL,2,1,REG,29,18,8474593,18,1,8474596,29,2
2020020425,2020,2021-03-12,regular,STL,VGK,4,5,OT,23,40,8476412,40,5,8470594,23,4
2020020427,2020,2021-03-12,regular,MIN,ARI,4,0,REG,32,25,8475660,25,0,8478499,31,3
2020020426,2020,2021-03-12,regular,EDM,OTT,6,2,REG,37,25,8469608,25,2,8478916,37,6
2020020428,2020,2021-03-12,regular,COL,LAK,2,0,REG,46,18,8475831,18,0,8477361,45,1
2020020429,2020,2021-03-12,regular,ANA,SJS,0,6,REG,34,27,8476434,24,5,8471227,34,0
2020020430,2020,2021-03-13,regular,BOS,NYR,0,4,REG,18,33,8470860,33,4,8476234,18,0
2020020436,2020,2021-03-13,regular,CBJ,DAL,4,3,OT,26,30,8478007,30,3,8479979,26,4
2020020431,2020,2021-03-13,regular,BUF,PIT,0,3,REG,24,34,8475622,32,1,8479193,24,0
2020020432,2020,2021-03-13,regular,NJD,NYI,2,3,REG,28,29,8478406,29,3,8473575,28,2
2020020433,2020,2021-03-13,regular,PHI,WSH,4,5,REG,32,23,8470880,10,3,8478492,32,4
2020020434,2020,2021-03-13,regular,TBL,NSH,6,3,REG,28,31,8476883,31,3,8471469,27,5
2020020435,2020,2021-03-13,regular,FLA,CHI,4,2,REG,35,32,8475683,32,2,8480947,35,4
2020020438,2020,2021-03-13,regular,TOR,WPG,2,5,REG,22,32,8475883,32,5,8476316,22,2
2020020439,2020,2021-03-13,regular,CGY,MTL,3,1,REG,36,25,8474593,25,1,8471679,36,3
2020020437,2020,2021-03-13,regular,STL,VGK,1,5,REG,35,26,8478024,25,4,8470594,35,1
2020020440,2020,2021-03-13,regular,VAN,EDM,2,1,REG,28,35,8477967,35,1,8475156,28,2
2020020441,2020,2021-03-13,regular,ANA,SJS,1,3,REG,27,33,8468011,33,3,8474889,27,1
2020020444,2020,2021-03-14,regular,MIN,ARI,4,1,REG,34,22,8475660,22,1,8477293,34,3
2020020442,2020,2021-03-14,regular,DET,CAR,1,2,REG,26,32,8473541,32,2,8477968,26,1
2020020451,2020,2021-03-14,regular,CBJ,DAL,1,2,SO,30,35,8476914,35,1,8479979,30,1
2020020767,2020,2021-03-14,regular,NJD,NYI,2,3,SO,31,34,8475809,34,2,8478009,31,2
2020020445,2020,2021-03-14,regular,COL,LAK,4,1,REG,41,28,8475831,28,1,8477361,40,3
2020020443,2020,2021-03-14,regular,OTT,TOR,4,3,REG,31,36,8478916,36,3,8474636,3,2
2020020448,2020,2021-03-15,regular,TBL,NSH,1,4,REG,39,26,8470147,25,3,8471469,39,1
2020020214,2020,2021-03-15,regular,BUF,WSH,0,6,REG,23,30,8475622,30,6,8477970,23,0
2020020446,2020,2021-03-15,regular,NYR,PHI,4,5,OT,24,30,8476234,30,5,8479394,24,4
2020020449,2020,2021-03-15,regular,FLA,CHI,6,3,REG,36,29,8475683,29,3,8480947,34,4
2020020450,2020,2021-03-15,regular,PIT,BOS,4,1,REG,26,43,8477465,43,1,8470860,25,3
2020020452,2020,2021-03-15,regular,OTT,VAN,2,3,OT,46,28,8478916,28,3,8477967,46,2
2020020453,2020,2021-03-15,regular,WPG,MTL,2,4,REG,36,31,8476945,30,3,8471679,36,2
2020020454,2020,2021-03-15,regular,CGY,EDM,4,3,REG,27,31,8474593,31,3,8469608,27,4
2020020455,2020,2021-03-15,regular,VGK,SJS,2,1,REG,36,24,8470594,24,1,8471227,36,2
2020020457,2020,2021-03-16,regular,NJD,BUF,3,2,REG,27,35,8478406,35,2,8477992,27,3
2020020458,2020,2021-03-16,regular,WSH,NYI,3,1,REG,22,22,8478492,22,1,8473575,22,3
2020020459,2020,2021-03-16,regular,PIT,BOS,1,2,REG,35,33,8479193,33,2,8478435,35,1
2020020460,2020,2021-03-16,regular,DET,CAR,4,2,REG,28,37,8473541,37,2,8473503,27,3
2020020186,2020,2021-03-16,regular,MIN,ARI,3,0,REG,26,31,8478039,31,0,8478499,26,3
2020020286,2020,2021-03-16,regular,DAL,TBL,3,4,SO,27,36,8479979,36,3,8476883,27,3
2020020568,2020,2021-03-16,regular,COL,ANA,8,4,REG,36,22,8480112,7,4,8468011,35,7
2020020463,2020,2021-03-17,regular,OTT,VAN,2,3,SO,32,29,8478916,21,2,8477967,32,2
2020020462,2020,2021-03-17,regular,NYR,PHI,9,0,REG,29,26,8480382,26,0,8470880,13,5
2020020464,2020,2021-03-17,regular,WPG,MTL,4,3,OT,30,36,8476945,36,3,8471679,30,4
2020020465,2020,2021-03-17,regular,CGY,EDM,3,7,REG,33,30,8474593,30,7,8469608,33,3
2020020466,2020,2021-03-17,regular,VGK,SJS,5,4,REG,37,33,8470594,33,4,8471227,37,5
2020020467,2020,2021-03-17,regular,LAK,STL,4,1,REG,24,20,8477361,20,1,8476412,23,3
2020020201,2020,2021-03-18,regular,NJD,PIT,3,2,REG,35,42,8475809,42,2,8477465,35,3
2020020468,2020,2021-03-18,regular,BUF,BOS,1,4,REG,24,37,8475622,37,4,8470860,24,1
2020020469,2020,2021-03-18,regular,NYI,PHI,3,4,REG,25,31,8473575,31,4,8479394,25,3
2020020470,2020,2021-03-18,regular,CAR,CBJ,2,3,OT,27,28,8477968,28,3,8476914,27,2
2020020471,2020,2021-03-18,regular,TBL,CHI,4,2,REG,23,21,8476883,21,2,8480947,22,3
2020020472,2020,2021-03-18,regular,FLA,NSH,1,2,REG,41,27,8475683,27,2,8477424,41,1
2020020473,2020,2021-03-18,regular,DET,DAL,3,2,REG,21,40,8473541,22,0,8479979,21,3
2020020474,2020,2021-03-18,regular,EDM,WPG,2,1,REG,21,25,8475156,25,1,8476316,21,2
2020020475,2020,2021-03-18,regular,COL,MIN,5,1,REG,55,20,8475831,20,1,8475660,55,5
2020020476,2020,2021-03-18,regular,ANA,ARI,3,2,OT,31,25,8468011,25,2,8478499,31,3
2020020478,2020,2021-03-19,regular,WSH,NYR,2,1,REG,18,33,8477970,33,1,8480382,18,2
2020020479,2020,2021-03-19,regular,MTL,VAN,2,3,OT,31,28,8474596,28,3,8477967,31,2
2020020480,2020,2021-03-19,regular,TOR,CGY,3,4,REG,27,18,8475883,18,4,8474593,27,3
2020020482,2020,2021-03-19,regular,SJS,STL,1,2,SO,31,34,8474889,34,1,8476412,31,1
2020020481,2020,2021-03-19,regular,LAK,VGK,2,4,REG,25,33,8471734,33,4,8475215,25,2
2020020477,2020,2021-03-20,regular,NJD,PIT,1,3,REG,25,29,8475809,29,3,8479193,25,1
2020020487,2020,2021-03-20,regular,FLA,NSH,2,0,REG,49,21,8476904,21,0,8477424,48,1
2020020492,2020,2021-03-20,regular,COL,MIN,6,0,REG,42,31,8475831,31,0,8478039,42,6
2020020486,2020,2021-03-20,regular,TBL,CHI,4,1,REG,29,31,8476883,31,1,8476876,29,4
2020020291,2020,2021-03-20,regular,WSH,NYR,1,3,REG,29,25,8478492,24,2,8476234,29,1
2020020484,2020,2021-03-20,regular,NYI,PHI,6,1,REG,28,24,8478009,24,1,8479394,28,6
2020020485,2020,2021-03-20,regular,CAR,CBJ,2,3,SO,37,31,8473503,31,2,8478007,37,2
2020020488,2020,2021-03-20,regular,DET,DAL,0,3,REG,21,33,8471306,33,3,8471418,21,0
2020020489,2020,2021-03-20,regular,MTL,VAN,5,4,SO,40,18,8471679,18,4,8474651,40,4
2020020490,2020,2021-03-20,regular,TOR,CGY,2,0,REG,33,31,8475789,31,0,8479496,33,2
2020020461,2020,2021-03-20,regular,ANA,ARI,1,5,REG,28,28,8468011,14,3,8477293,28,1
2020020493,2020,2021-03-20,regular,SJS,STL,2,5,REG,31,21,8471227,20,4,8478024,31,2
2020020491,2020,2021-03-20,regular,EDM,WPG,4,2,REG,37,31,8469608,31,2,8476945,36,3
2020020151,2020,2021-03-21,regular,PIT,NJD,1,2,OT,36,35,8477465,35,2,8478406,36,1
2020020828,2020,2021-03-21,regular,TBL,FLA,5,3,REG,24,32,8470147,32,3,8475683,23,4
2020020495,2020,2021-03-21,regular,LAK,VGK,3,1,REG,31,42,8477361,42,1,8470594,31,3
2020020258,2020,2021-03-21,regular,DAL,NSH,3,4,SO,30,22,8471418,22,3,8471469,30,3
2020020496,2020,2021-03-22,regular,NYR,BUF,5,3,REG,40,19,8476234,19,3,8475622,2,0
2020020497,2020,2021-03-22,regular,CBJ,CAR,0,3,REG,19,28,8476914,28,3,8477968,19,0
2020020499,2020,2021-03-22,regular,OTT,CGY,2,1,REG,23,36,8479406,36,1,8474593,23,2
2020020755,2020,2021-03-22,regular,PHI,NYI,1,2,OT,37,20,8470880,20,2,8478009,37,1
2020020501,2020,2021-03-22,regular,MIN,ANA,2,1,REG,23,25,8475660,25,1,8468011,23,2
2020020122,2020,2021-03-22,regular,VGK,STL,5,1,REG,35,16,8475215,16,1,8476412,35,5
2020020500,2020,2021-03-22,regular,VAN,WPG,0,4,REG,22,29,8477967,29,4,8476945,22,0
2020020502,2020,2021-03-22,regular,ARI,COL,1,5,REG,25,35,8477293,34,4,8475831,25,1
2020020503,2020,2021-03-22,regular,SJS,LAK,2,1,REG,23,42,8474889,42,1,8471734,23,2
2020020504,2020,2021-03-23,regular,PHI,NJD,3,4,REG,33,32,8479394,32,4,8478406,33,3
2020020505,2020,2021-03-23,regular,CHI,FLA,3,2,REG,32,35,8480947,35,2,8476904,32,3
2020020506,2020,2021-03-23,regular,NSH,DET,2,0,REG,34,31,8477424,31,0,8471306,34,2
2020020507,2020,2021-03-23,regular,DAL,TBL,1,2,REG,17,26,8471418,26,2,8476883,17,1
2020020508,2020,2021-03-23,regular,ARI,COL,5,4,SO,32,39,8478499,39,4,8477992,32,4
2020020511,2020,2021-03-24,regular,OTT,CGY,3,1,REG,31,29,8479406,29,1,8474593,30,2
2020020513,2020,2021-03-24,regular,MIN,ANA,3,2,REG,26,30,8475660,30,2,8468011,26,3
2020020509,2020,2021-03-24,regular,PIT,BUF,5,2,REG,42,28,8477465,28,2,8474682,42,5
2020020512,2020,2021-03-24,regular,VAN,WPG,1,5,REG,39,36,8477967,35,4,8476945,39,1
2020020514,2020,2021-03-24,regular,SJS,LAK,4,2,REG,28,44,8474889,44,2,8477361,28,4
2020020515,2020,2021-03-25,regular,BOS,NYI,3,4,OT,32,27,8471695,6,0,8473575,32,3
2020020516,2020,2021-03-25,regular,PHI,NYR,3,8,REG,44,22,8479394,11,5,8478048,44,3
2020020517,2020,2021-03-25,regular,WSH,NJD,4,3,REG,22,24,8477970,24,3,8478406,22,4
2020020518,2020,2021-03-25,regular,CBJ,CAR,3,4,OT,36,33,8476914,33,4,8477968,36,3
2020020521,2020,2021-03-25,regular,OTT,TOR,2,3,OT,31,41,8476341,41,3,8475789,31,2
2020020532,2020,2021-03-25,regular,PIT,BUF,4,0,REG,31,36,8479193,36,0,8474682,30,3
2020020223,2020,2021-03-25,regular,MIN,STL,2,0,REG,11,37,8475660,37,0,8476412,11,2
2020020519,2020,2021-03-25,regular,CHI,FLA,3,0,REG,21,41,8480947,41,0,8475683,20,2
2020020520,2020,2021-03-25,regular,NSH,DET,7,1,REG,30,21,8477424,21,1,8471306,7,3
2020020522,2020,2021-03-25,regular,DAL,TBL,4,3,REG,41,27,8479979,27,3,8476883,41,4
2020020523,2020,2021-03-25,regular,COL,VGK,5,1,REG,32,19,8475831,19,1,8470594,32,5
2020020524,2020,2021-03-26,regular,WSH,NJD,4,0,REG,31,24,8478492,24,0,8475809,31,4
2020020525,2020,2021-03-26,regular,STL,ANA,1,4,REG,34,24,8476412,22,2,8476434,34,1
2020020527,2020,2021-03-26,regular,CGY,WPG,2,3,REG,27,29,8474593,29,3,8476945,27,2
2020020528,2020,2021-03-26,regular,ARI,SJS,5,2,REG,28,22,8478499,22,2,8474889,28,5
2020020179,2020,2021-03-27,regular,BOS,BUF,3,2,REG,36,27,8478435,27,2,8476999,36,3
2020020530,2020,2021-03-27,regular,PHI,NYR,2,1,REG,37,25,8470880,25,1,8478048,37,2
2020020533,2020,2021-03-27,regular,DET,CBJ,3,1,REG,34,22,8475717,22,1,8478007,34,3
2020020539,2020,2021-03-27,regular,COL,VGK,2,3,OT,24,34,8475831,34,3,8470594,24,2
2020020531,2020,2021-03-27,regular,CAR,TBL,4,3,REG,40,22,8473503,22,3,8476883,40,4
2020020536,2020,2021-03-27,regular,TOR,EDM,4,3,OT,31,20,8475789,20,3,8469608,31,4
2020020561,2020,2021-03-27,regular,PIT,NYI,6,3,REG,21,32,8477465,32,3,8478009,9,4
2020020534,2020,2021-03-27,regular,CHI,NSH,1,3,REG,30,34,8480947,34,3,8477424,30,1
2020020538,2020,2021-03-27,regular,DAL,FLA,3,4,OT,34,28,8471418,28,4,8475683,34,3
2020020537,2020,2021-03-27,regular,CGY,WPG,4,2,REG,33,24,8479496,24,2,8476316,33,4
2020020540,2020,2021-03-27,regular,ARI,SJS,4,0,REG,27,34,8478499,34,0,8471227,26,3
2020020542,2020,2021-03-28,regular,WSH,NYR,5,4,REG,22,20,8478492,20,4,8476234,22,5
2020020544,2020,2021-03-28,regular,DET,CBJ,4,1,REG,29,17,8475717,17,1,8478007,27,2
2020020535,2020,2021-03-28,regular,STL,ANA,2,3,OT,40,24,8476412,24,3,8476932,40,2
2020020541,2020,2021-03-28,regular,BOS,NJD,0,1,REG,40,29,8470860,29,1,8478406,40,0
2020020547,2020,2021-03-28,regular,DAL,FLA,1,4,REG,34,23,8479979,22,3,8476904,34,1
2020020545,2020,2021-03-28,regular,CHI,NSH,2,3,REG,29,31,8476876,31,3,8471469,29,2
2020020548,2020,2021-03-29,regular,BUF,PHI,3,4,OT,32,36,8476999,36,4,8470880,32,3
2020020549,2020,2021-03-29,regular,PIT,NYI,2,1,REG,22,25,8477465,5,0,8473575,22,2
2020020551,2020,2021-03-29,regular,TOR,EDM,2,3,OT,31,23,8474636,23,3,8469608,31,2
2020020553,2020,2021-03-29,regular,COL,ANA,5,2,REG,48,15,8475831,15,2,8468011,48,5
2020020552,2020,2021-03-29,regular,CGY,WPG,1,5,REG,30,29,8474593,23,4,8476945,30,1
2020020554,2020,2021-03-29,regular,VGK,LAK,4,1,REG,24,25,8475215,25,1,8471734,24,4
2020020555,2020,2021-03-29,regular,SJS,MIN,4,3,SO,39,25,8474889,25,3,8475660,39,3
2020020498,2020,2021-03-30,regular,MTL,EDM,4,0,REG,32,17,8471679,17,0,8475156,32,4
2020020556,2020,2021-03-30,regular,BOS,NJD,5,4,SO,48,35,8470860,35,4,8478406,48,4
2020020558,2020,2021-03-30,regular,NYR,WSH,5,2,REG,27,32,8478048,32,2,8477970,26,4
2020020559,2020,2021-03-30,regular,TBL,CBJ,1,3,REG,38,21,8470147,20,2,8478007,38,1
2020020560,2020,2021-03-30,regular,FLA,DET,4,1,REG,33,36,8475683,36,1,8475717,8,3
2020020562,2020,2021-03-30,regular,CHI,CAR,2,1,REG,16,32,8480947,32,1,8477968,16,2
2020020563,2020,2021-03-30,regular,NSH,DAL,3,2,OT,26,35,8477424,35,2,8471418,26,3
2020020557,2020,2021-03-31,regular,BUF,PHI,6,1,REG,27,32,8476999,32,1,8470880,16,4
2020020566,2020,2021-03-31,regular,WPG,TOR,1,3,REG,27,26,8476945,26,3,8475789,27,1
2020020209,2020,2021-03-31,regular,COL,ARI,9,3,REG,38,31,8475831,31,3,8478499,10,4
2020020569,2020,2021-03-31,regular,VGK,LAK,2,4,REG,42,30,8470594,30,4,8477361,42,2
2020020570,2020,2021-03-31,regular,SJS,MIN,4,2,REG,33,28,8474889,28,2,8478039,32,3
2020020571,2020,2021-04-01,regular,BOS,PIT,1,4,REG,31,23,8478435,22,3,8479193,31,1
2020020572,2020,2021-04-01,regular,BUF,NYR,2,3,OT,23,47,8474682,47,3,8478048,23,2
2020020573,2020,2021-04-01,regular,NYI,WSH,8,4,REG,33,22,8473575,22,4,8478492,24,6
2020020574,2020,2021-04-01,regular,TBL,CBJ,3,2,REG,34,38,8476883,38,2,8478007,34,3
2020020575,2020,2021-04-01,regular,FLA,DET,3,2,OT,36,27,8476904,27,2,8471306,36,3
2020020578,2020,2021-04-01,regular,OTT,MTL,1,4,REG,23,38,8479406,38,4,8474596,23,1
2020020576,2020,2021-04-01,regular,CHI,CAR,3,4,REG,25,31,8480947,31,4,8473503,25,3
2020020577,2020,2021-04-01,regular,NSH,DAL,1,4,REG,22,31,8477424,30,3,8471418,22,1
2020020579,2020,2021-04-01,regular,VGK,MIN,2,3,SO,37,37,8475215,37,2,8475660,37,2
2020020580,2020,2021-04-02,regular,NJD,WSH,1,2,OT,23,40,8478406,40,2,8477970,23,1
2020020581,2020,2021-04-02,regular,WPG,TOR,1,2,SO,32,38,8476945,38,1,8475789,32,1
2020020582,2020,2021-04-02,regular,EDM,CGY,3,2,REG,25,26,8469608,26,2,8474593,25,3
2020020723,2020,2021-04-02,regular,COL,STL,3,2,REG,39,27,8477992,27,2,8476412,39,3
2020020583,2020,2021-04-02,regular,ANA,ARI,2,4,REG,29,31,8476932,31,4,8478499,29,2
2020020584,2020,2021-04-02,regular,LAK,SJS,0,3,REG,30,36,8477361,35,2,8474889,30,0
2020020585,2020,2021-04-03,regular,BOS,PIT,7,5,REG,28,28,8470860,28,5,8479193,27,6
2020020589,2020,2021-04-03,regular,TBL,DET,2,1,REG,29,26,8476883,26,1,8471306,29,2
2020020591,2020,2021-04-03,regular,NSH,CHI,3,0,REG,21,41,8477424,41,0,8480947,21,3
2020020586,2020,2021-04-03,regular,BUF,NYR,3,2,SO,29,30,8476999,30,2,8478048,29,2
2020020587,2020,2021-04-03,regular,NYI,PHI,3,2,SO,24,32,8478009,32,2,8479394,24,2
2020020588,2020,2021-04-03,regular,CAR,DAL,2,3,REG,43,25,8477968,25,3,8479979,43,2
2020020590,2020,2021-04-03,regular,FLA,CBJ,5,2,REG,39,46,8475683,46,2,8478007,25,3
2020020592,2020,2021-04-03,regular,MTL,OTT,3,6,REG,38,32,8471679,31,5,8476341,38,3
2020020594,2020,2021-04-03,regular,COL,STL,2,1,REG,34,28,8475831,28,1,8478024,34,2
2020020595,2020,2021-04-03,regular,VGK,MIN,1,2,REG,28,27,8470594,27,2,8475660,28,1
2020020596,2020,2021-04-03,regular,LAK,SJS,2,3,REG,37,23,8471734,23,3,8474889,37,2
2020020599,2020,2021-04-04,regular,TBL,DET,1,5,REG,28,18,8476444,17,4,8471306,28,1
2020020597,2020,2021-04-04,regular,NJD,WSH,4,5,REG,39,19,8478406,19,5,8478492,39,4
2020020600,2020,2021-04-04,regular,FLA,CBJ,3,0,REG,35,32,8476904,32,0,8476914,35,3
2020020598,2020,2021-04-04,regular,CAR,DAL,1,0,REG,38,28,8475852,28,0,8479979,38,1
2020020603,2020,2021-04-04,regular,CGY,TOR,2,4,REG,34,30,8479496,30,4,8474636,34,2
2020020604,2020,2021-04-04,regular,ANA,ARI,2,3,OT,20,31,8476434,31,3,8478499,20,2
2020020390,2020,2021-04-05,regular,BOS,PHI,2,3,OT,29,32,8478435,32,3,8470880,29,2
2020020607,2020,2021-04-05,regular,MTL,EDM,3,2,OT,32,23,8471679,23,2,8469608,32,3
2020020848,2020,2021-04-05,regular,WPG,OTT,4,3,REG,46,23,8476945,23,3,8476341,46,4
2020020606,2020,2021-04-05,regular,STL,VGK,1,6,REG,32,33,8478024,19,5,8475215,32,1
2020020609,2020,2021-04-05,regular,MIN,COL,4,5,REG,25,36,8475660,36,5,8475831,25,4
2020020608,2020,2021-04-05,regular,CGY,TOR,3,5,REG,29,30,8474593,30,5,8475789,29,3
2020020610,2020,2021-04-05,regular,LAK,ARI,2,5,REG,38,33,8477361,32,4,8478499,38,2
2020020611,2020,2021-04-06,regular,NJD,BUF,3,5,REG,30,18,8475809,17,4,8476999,30,3
2020020612,2020,2021-04-06,regular,NYI,WSH,1,0,REG,39,29,8473575,29,0,8477970,39,1
2020020613,2020,2021-04-06,regular,NYR,PIT,8,4,REG,25,45,8478048,45,4,8477465,11,4
2020020614,2020,2021-04-06,regular,PHI,BOS,2,4,REG,42,26,8479394,25,3,8480280,42,2
2020020615,2020,2021-04-06,regular,CAR,FLA,5,2,REG,36,36,8475852,36,2,8475683,34,3
2020020616,2020,2021-04-06,regular,CBJ,TBL,4,2,REG,30,38,8476914,38,2,8476883,29,3
2020020617,2020,2021-04-06,regular,DET,NSH,2,3,SO,27,31,8471306,31,2,8477424,27,2
2020020618,2020,2021-04-06,regular,CHI,DAL,4,2,REG,28,27,8480947,27,2,8479979,27,3
2020020241,2020,2021-04-06,regular,SJS,ANA,1,5,REG,35,34,8474889,33,4,8476434,35,1
2020020621,2020,2021-04-07,regular,OTT,EDM,2,4,REG,30,35,8477405,34,3,8475156,30,2
2020020622,2020,2021-04-07,regular,TOR,MTL,3,2,REG,32,34,8475789,34,2,8474596,32,3
2020020620,2020,2021-04-07,regular,STL,VGK,3,1,REG,35,51,8476412,51,1,8470594,35,3
2020020623,2020,2021-04-07,regular,MIN,COL,8,3,REG,19,32,8475660,32,3,8475831,18,7
2020020624,2020,2021-04-07,regular,LAK,ARI,4,3,REG,30,27,8471734,27,3,8478499,30,4
2020020625,2020,2021-04-08,regular,BUF,NJD,3,6,REG,27,38,8476999,37,5,8477180,27,3
2020020626,2020,2021-04-08,regular,NYI,PHI,3,2,SO,23,27,8478009,27,2,8479394,23,2
2020020627,2020,2021-04-08,regular,NYR,PIT,2,5,REG,24,32,8478048,31,4,8477465,24,2
2020020628,2020,2021-04-08,regular,WSH,BOS,2,4,REG,33,32,8478492,32,4,8480280,33,2
2020020629,2020,2021-04-08,regular,CAR,FLA,3,0,REG,22,24,8477968,24,0,8476904,21,2
2020020630,2020,2021-04-08,regular,CBJ,TBL,4,6,REG,36,30,8476914,6,3,8476883,36,4
2020020633,2020,2021-04-08,regular,MTL,WPG,2,4,REG,38,27,8474596,26,3,8476945,38,2
2020020638,2020,2021-04-08,regular,OTT,EDM,1,3,REG,40,23,8476341,22,2,8469608,40,1
2020020631,2020,2021-04-08,regular,DET,NSH,1,7,REG,26,32,8473541,32,7,8477424,26,1
2020020632,2020,2021-04-08,regular,CHI,DAL,1,5,REG,39,34,8480947,34,5,8471418,39,1
2020020229,2020,2021-04-09,regular,BUF,WSH,3,4,REG,33,33,8474682,33,4,8477970,33,3
2020020494,2020,2021-04-09,regular,NJD,PIT,4,6,REG,30,27,8478406,26,5,8479193,30,4
2020020636,2020,2021-04-09,regular,NYI,NYR,1,4,REG,32,36,8473575,35,3,8480382,32,1
2020020637,2020,2021-04-09,regular,STL,MIN,9,1,REG,38,25,8476412,25,1,8478039,38,9
2020020639,2020,2021-04-09,regular,VGK,ARI,7,4,REG,37,26,8475215,26,4,8478499,32,5
2020020640,2020,2021-04-09,regular,ANA,COL,0,2,REG,28,35,8476434,34,1,8477992,28,0
2020020641,2020,2021-04-09,regular,SJS,LAK,5,2,REG,29,34,8474889,34,2,8477361,28,4
2020020605,2020,2021-04-10,regular,PHI,BOS,3,2,REG,23,32,8470880,32,2,8480280,23,3
2020020648,2020,2021-04-10,regular,DAL,FLA,4,1,REG,20,21,8471418,21,1,8475683,20,4
2020020642,2020,2021-04-10,regular,CAR,DET,4,5,SO,34,28,8475852,28,4,8471306,34,4
2020020643,2020,2021-04-10,regular,CBJ,CHI,3,4,REG,26,28,8478007,28,4,8480947,26,3
2020020645,2020,2021-04-10,regular,MTL,WPG,0,5,REG,19,25,8474596,25,5,8476945,19,0
2020020646,2020,2021-04-10,regular,TOR,OTT,6,5,REG,38,32,8475789,32,5,8476341,37,5
2020020644,2020,2021-04-10,regular,NSH,TBL,0,3,REG,36,34,8471469,33,2,8476883,36,0
2020020654,2020,2021-04-10,regular,STL,MIN,3,2,OT,30,30,8478024,30,2,8475660,30,3
2020020849,2020,2021-04-10,regular,CGY,EDM,5,0,REG,32,17,8474593,17,0,8469608,32,5
2020020649,2020,2021-04-10,regular,SJS,LAK,2,4,REG,28,26,8474889,19,4,8471734,28,2
2020020652,2020,2021-04-11,regular,PHI,BUF,3,5,REG,43,31,8479394,30,4,8476999,43,3
2020020655,2020,2021-04-11,regular,VGK,ARI,1,0,REG,29,14,8470594,14,0,8478499,29,1
2020020656,2020,2021-04-11,regular,ANA,COL,1,4,REG,25,37,8476434,37,4,8477992,25,1
2020020650,2020,2021-04-11,regular,NJD,PIT,2,5,REG,30,24,8478406,23,4,8477465,30,2
2020020651,2020,2021-04-11,regular,NYI,NYR,3,2,OT,32,26,8478009,26,2,8478048,32,3
2020020714,2020,2021-04-11,regular,BOS,WSH,1,8,REG,35,33,8478435,33,8,8477970,35,1
2020020788,2020,2021-04-11,regular,NSH,DAL,3,2,SO,20,26,8477424,26,2,8471418,20,2
2020020657,2020,2021-04-12,regular,CAR,DET,1,3,REG,38,30,8473503,29,2,8473541,38,1
2020020658,2020,2021-04-12,regular,CBJ,CHI,3,4,OT,33,34,8476914,34,4,8480947,33,3
2020020660,2020,2021-04-12,regular,MTL,TOR,4,2,REG,25,25,8474596,25,2,8475789,24,3
2020020661,2020,2021-04-12,regular,OTT,WPG,4,2,REG,24,26,8476341,26,2,8476945,24,4
2020020225,2020,2021-04-12,regular,COL,ARI,4,2,REG,20,37,8475831,37,2,8481031,19,3
2020020663,2020,2021-04-12,regular,LAK,VGK,2,4,REG,28,41,8477361,41,4,8475215,28,2
2020020664,2020,2021-04-12,regular,SJS,ANA,0,4,REG,46,21,8474889,21,4,8476932,46,0
2020020195,2020,2021-04-13,regular,BOS,BUF,3,2,SO,34,23,8480280,23,2,8476999,3,0
2020020202,2020,2021-04-13,regular,WSH,PHI,6,1,REG,32,30,8478492,30,1,8470880,32,6
2020020666,2020,2021-04-13,regular,NJD,NYR,0,3,REG,27,20,8478406,19,2,8478048,27,0
2020020669,2020,2021-04-13,regular,TOR,CGY,2,3,OT,26,28,8479496,28,3,8474593,26,2
2020020659,2020,2021-04-13,regular,NSH,TBL,7,2,REG,22,23,8477424,23,2,8470147,22,7
2020020670,2020,2021-04-13,regular,DAL,FLA,2,3,OT,26,31,8471418,31,3,8476904,26,2
2020020192,2020,2021-04-14,regular,MIN,ARI,5,2,REG,22,30,8475660,30,2,8477293,22,5
2020020671,2020,2021-04-14,regular,MTL,CGY,1,4,REG,27,34,8474596,33,3,8474593,27,1
2020020672,2020,2021-04-14,regular,OTT,WPG,2,3,REG,29,35,8476899,35,3,8476316,29,2
2020020182,2020,2021-04-14,regular,STL,COL,3,4,REG,34,28,8476412,28,4,8471227,34,3
2020020674,2020,2021-04-14,regular,LAK,VGK,2,6,REG,22,32,8471734,8,3,8470594,22,2
2020020675,2020,2021-04-14,regular,SJS,ANA,1,4,REG,28,27,8480373,27,4,8476932,28,1
2020020665,2020,2021-04-15,regular,BOS,NYI,4,1,REG,45,23,8471695,23,1,8473575,44,3
2020020676,2020,2021-04-15,regular,NYR,NJD,4,0,REG,33,16,8478048,16,0,8478406,33,4
2020020677,2020,2021-04-15,regular,WSH,BUF,2,5,REG,29,30,8477970,21,4,8474682,29,2
2020020678,2020,2021-04-15,regular,CAR,NSH,4,1,REG,29,20,8475852,20,1,8477424,29,4
2020020679,2020,2021-04-15,regular,TBL,FLA,3,2,OT,19,38,8476883,38,2,8476904,19,3
2020020680,2020,2021-04-15,regular,PIT,PHI,1,2,SO,32,27,8477465,27,1,8479394,32,1
2020020682,2020,2021-04-15,regular,TOR,WPG,2,5,REG,33,24,8475789,6,3,8476945,33,2
2020020681,2020,2021-04-15,regular,DET,CHI,4,1,REG,28,25,8471306,25,1,8480947,27,3
2020020683,2020,2021-04-15,regular,DAL,CBJ,4,1,REG,31,18,8479979,18,1,8478007,31,4
2020020686,2020,2021-04-16,regular,MTL,CGY,2,1,REG,20,29,8474596,29,1,8474593,20,2
2020020685,2020,2021-04-16,regular,BOS,NYI,3,0,REG,28,25,8480280,25,0,8478009,27,2
2020020687,2020,2021-04-16,regular,MIN,SJS,3,2,REG,18,22,8475660,22,2,8474889,18,3
2020020689,2020,2021-04-16,regular,ANA,VGK,0,4,REG,16,51,8476434,51,4,8475215,16,0
2020020691,2020,2021-04-17,regular,NYR,NJD,6,3,REG,30,33,8478048,33,3,8477180,28,4
2020020692,2020,2021-04-17,regular,PHI,WSH,3,6,REG,25,41,8479312,40,5,8478492,25,3
2020020690,2020,2021-04-17,regular,BUF,PIT,2,3,REG,30,41,8474682,41,3,8477465,30,2
2020020546,2020,2021-04-17,regular,MTL,OTT,0,4,REG,23,15,8471679,14,3,8476899,23,0
2020020700,2020,2021-04-17,regular,ARI,STL,3,2,REG,29,22,8475311,22,2,8476412,29,3
2020020693,2020,2021-04-17,regular,CAR,NSH,3,1,REG,48,28,8477968,28,1,8477424,47,2
2020020694,2020,2021-04-17,regular,TBL,FLA,3,5,REG,31,32,8476883,31,4,8475683,31,3
2020020695,2020,2021-04-17,regular,DET,CHI,0,4,REG,29,27,8473541,26,3,8476876,29,0
2020020696,2020,2021-04-17,regular,WPG,EDM,0,3,REG,26,25,8476945,25,3,8469608,26,0
2020020698,2020,2021-04-17,regular,MIN,SJS,5,2,REG,28,28,8478039,28,2,8474889,24,5
2020020699,2020,2021-04-17,regular,DAL,CBJ,5,1,REG,32,22,8479979,22,1,8476914,16,4
2020020701,2020,2021-04-18,regular,BOS,WSH,6,3,REG,28,33,8471695,33,3,8477970,27,5
2020020702,2020,2021-04-18,regular,NJD,NYR,3,5,REG,30,25,8478406,25,4,8480382,28,3
2020020715,2020,2021-04-18,regular,BUF,PIT,4,2,REG,29,36,8474682,36,2,8479193,28,3
2020020705,2020,2021-04-18,regular,ANA,VGK,2,5,REG,35,29,8476434,28,4,8470594,35,2
2020020703,2020,2021-04-18,regular,PHI,NYI,0,1,OT,30,28,8470880,28,1,8478009,30,0
2020020697,2020,2021-04-18,regular,VAN,TOR,3,2,OT,24,39,8474651,39,2,8475789,24,3
2020020706,2020,2021-04-19,regular,TBL,CAR,3,2,OT,36,27,8476883,27,2,8475852,36,3
2020020707,2020,2021-04-19,regular,FLA,CBJ,4,2,REG,39,36,8475683,36,2,8478007,38,3
2020020711,2020,2021-04-19,regular,DAL,DET,3,2,SO,36,22,8471418,22,2,8471306,36,2
2020020601,2020,2021-04-19,regular,NSH,CHI,5,2,REG,30,32,8477424,32,2,8480947,22,5
2020020708,2020,2021-04-19,regular,CGY,OTT,2,4,REG,28,20,8474593,19,3,8476899,28,2
2020020709,2020,2021-04-19,regular,EDM,MTL,4,1,REG,36,23,8469608,23,1,8471679,7,0
2020020712,2020,2021-04-19,regular,ARI,MIN,2,5,REG,24,24,8475311,23,4,8475660,24,2
2020020713,2020,2021-04-19,regular,VGK,SJS,3,2,SO,40,31,8475215,31,2,8474889,40,2
2020020483,2020,2021-04-20,regular,BUF,BOS,0,2,REG,32,41,8474682,41,2,8471695,32,0
2020020166,2020,2021-04-20,regular,PIT,NJD,7,6,REG,32,30,8477465,30,6,8475809,13,4
2020020717,2020,2021-04-20,regular,NYI,NYR,6,1,REG,28,26,8473575,26,1,8478048,28,6
2020020718,2020,2021-04-20,regular,TBL,CAR,1,4,REG,27,36,8476883,35,3,8477968,27,1
2020020719,2020,2021-04-20,regular,FLA,CBJ,5,1,REG,33,34,8481519,34,1,8476914,33,5
2020020722,2020,2021-04-20,regular,DAL,DET,5,2,REG,24,26,8479979,26,2,8473541,12,4
2020020710,2020,2021-04-20,regular,VAN,TOR,6,3,REG,29,40,8474651,40,3,8479496,28,5
2020020724,2020,2021-04-20,regular,LAK,ANA,4,1,REG,22,25,8477361,25,1,8476932,22,4
2020020725,2020,2021-04-21,regular,CHI,NSH,5,4,OT,30,40,8476876,40,4,8477424,30,5
2020020727,2020,2021-04-21,regular,ARI,MIN,1,4,REG,40,23,8475311,22,3,8475660,40,1
2020020728,2020,2021-04-21,regular,VGK,SJS,5,2,REG,40,33,8470594,33,2,8480373,39,4
2020020721,2020,2021-04-21,regular,EDM,MTL,3,4,REG,25,31,8469608,31,4,8474596,25,3
2020020254,2020,2021-04-22,regular,NYR,PHI,2,3,REG,35,36,8478048,36,3,8470880,35,2
2020020726,2020,2021-04-22,regular,WPG,TOR,3,5,REG,37,33,8476945,6,3,8475789,37,3
2020020729,2020,2021-04-22,regular,BUF,BOS,1,5,REG,30,38,8474682,38,5,8480280,30,1
2020020730,2020,2021-04-22,regular,NYI,WSH,0,1,SO,26,28,8473575,28,0,8478492,26,0
2020020731,2020,2021-04-22,regular,TBL,CBJ,3,1,REG,28,25,8470147,25,1,8478007,27,2
2020020732,2020,2021-04-22,regular,FLA,CAR,2,4,REG,34,29,8475683,28,3,8477968,34,2
2020020733,2020,2021-04-22,regular,PIT,NJD,5,1,REG,23,31,8477465,31,1,8477180,15,4
2020020734,2020,2021-04-22,regular,DET,DAL,7,3,REG,23,46,8471306,46,3,8471418,9,3
2020020735,2020,2021-04-22,regular,STL,COL,2,4,REG,27,29,8476412,28,3,8471227,27,2
2020020737,2020,2021-04-22,regular,VAN,OTT,0,3,REG,31,25,8477967,24,2,8476899,31,0
2020020738,2020,2021-04-23,regular,BUF,BOS,6,4,REG,34,40,8480045,40,4,8471695,28,4
2020020739,2020,2021-04-23,regular,NYR,PHI,4,1,REG,24,27,8480382,27,1,8479312,24,4
2020020740,2020,2021-04-23,regular,CHI,NSH,1,3,REG,30,28,8476876,28,3,8477424,30,1
2020020736,2020,2021-04-23,regular,CGY,MTL,4,2,REG,31,20,8474593,20,2,8474596,30,3
2020020240,2020,2021-04-23,regular,LAK,MIN,2,4,REG,42,24,8477361,23,3,8475660,42,2
2020020746,2020,2021-04-24,regular,PIT,NJD,4,2,REG,37,36,8479193,36,2,8478406,36,3
2020020748,2020,2021-04-24,regular,STL,COL,5,3,REG,30,31,8476412,31,3,8471227,29,4
2020020744,2020,2021-04-24,regular,NYI,WSH,3,6,REG,24,30,8478009,30,6,8478492,24,3
2020020745,2020,2021-04-24,regular,FLA,CAR,4,3,OT,36,19,8476904,19,3,8477968,36,4
2020020747,2020,2021-04-24,regular,DET,DAL,1,2,OT,17,52,8473541,52,2,8471418,17,1
2020020749,2020,2021-04-24,regular,WPG,TOR,1,4,REG,26,37,8476945,36,3,8475789,26,1
2020020750,2020,2021-04-24,regular,CGY,MTL,5,2,REG,34,32,8474593,32,2,8480051,33,4
2020020325,2020,2021-04-24,regular,ANA,VGK,1,5,REG,24,31,8476434,31,5,8475215,24,1
2020020753,2020,2021-04-24,regular,SJS,MIN,3,6,REG,30,26,8474889,8,3,8478039,30,3
2020020751,2020,2021-04-24,regular,VAN,OTT,4,2,REG,34,28,8474651,28,2,8476899,13,1
2020020752,2020,2021-04-24,regular,LAK,ARI,0,4,REG,26,40,8477361,40,4,8475311,26,0
2020020757,2020,2021-04-25,regular,PIT,BOS,1,0,REG,29,30,8477465,30,0,8480280,29,1
2020020216,2020,2021-04-25,regular,PHI,NJD,4,3,SO,36,32,8470880,32,3,8478406,36,3
2020020754,2020,2021-04-25,regular,NYR,BUF,6,3,REG,29,34,8478048,34,3,8474682,28,5
2020020756,2020,2021-04-25,regular,TBL,CBJ,4,3,OT,34,22,8476883,22,3,8476914,26,3
2020020761,2020,2021-04-26,regular,CGY,MTL,1,2,REG,22,24,8474593,24,2,8474596,22,1
2020020191,2020,2021-04-26,regular,STL,COL,4,1,REG,20,32,8476412,32,1,8477992,20,4
2020020759,2020,2021-04-26,regular,OTT,VAN,2,1,REG,27,26,8477405,26,1,8474651,27,2
2020020763,2020,2021-04-26,regular,DAL,CAR,4,3,OT,31,32,8479979,32,3,8473503,31,4
2020020758,2020,2021-04-26,regular,NSH,FLA,4,1,REG,27,40,8477424,40,1,8476904,16,2
2020020760,2020,2021-04-26,regular,WPG,EDM,1,6,REG,37,30,8476945,23,6,8469608,37,1
2020020765,2020,2021-04-26,regular,LAK,ANA,4,1,REG,25,22,8471734,22,1,8476932,23,2
2020020766,2020,2021-04-26,regular,SJS,ARI,6,4,REG,34,25,8480373,25,4,8475311,11,4
2020020447,2020,2021-04-27,regular,WSH,NYI,1,0,REG,33,18,8477970,18,0,8478009,33,1
2020020716,2020,2021-04-27,regular,NJD,PHI,6,4,REG,27,30,8478406,30,4,8470880,26,5
2020020768,2020,2021-04-27,regular,NYR,BUF,3,1,REG,41,37,8478048,37,1,8480045,41,3
2020020770,2020,2021-04-27,regular,PIT,BOS,1,3,REG,26,31,8477465,31,3,8471695,26,1
2020020771,2020,2021-04-27,regular,CBJ,DET,1,0,SO,33,41,8478007,41,0,8471306,33,0
2020020772,2020,2021-04-27,regular,CHI,TBL,4,7,REG,40,30,8480947,11,3,8476883,40,4
2020020773,2020,2021-04-27,regular,NSH,FLA,4,7,REG,30,55,8477424,55,6,8475683,21,4
2020020774,2020,2021-04-27,regular,DAL,CAR,1,5,REG,28,30,8471418,30,5,8477968,28,1
2020020776,2020,2021-04-28,regular,OTT,VAN,6,3,REG,33,22,8477405,22,3,8477967,32,5
2020020778,2020,2021-04-28,regular,MIN,STL,3,4,REG,29,32,8475660,32,4,8476412,29,3
2020020775,2020,2021-04-28,regular,MTL,TOR,1,4,REG,33,29,8474596,29,4,8475789,33,1
2020020777,2020,2021-04-28,regular,WPG,EDM,1,3,REG,30,27,8476945,26,2,8475156,30,1
2020020779,2020,2021-04-28,regular,VGK,COL,5,2,REG,26,37,8470594,37,2,8471227,25,4
2020020780,2020,2021-04-28,regular,LAK,ANA,2,3,REG,30,22,8477361,22,3,8476434,30,2
2020020781,2020,2021-04-28,regular,SJS,ARI,4,2,REG,31,30,8480373,30,2,8475311,30,3
2020020347,2020,2021-04-29,regular,TBL,DAL,3,0,REG,28,20,8476883,20,0,8479979,27,2
2020020782,2020,2021-04-29,regular,BOS,BUF,5,2,REG,40,31,8471695,31,2,8480045,39,4
2020020783,2020,2021-04-29,regular,NJD,PHI,5,3,REG,19,24,8478406,24,3,8479312,18,4
2020020784,2020,2021-04-29,regular,NYR,NYI,0,4,REG,25,27,8478048,26,3,8473575,25,0
2020020785,2020,2021-04-29,regular,WSH,PIT,4,5,OT,37,35,8477970,35,5,8477465,37,4
2020020786,2020,2021-04-29,regular,CAR,DET,3,1,REG,32,17,8473503,17,1,8473541,32,3
2020020792,2020,2021-04-29,regular,TOR,VAN,4,1,REG,24,16,8479496,16,1,8474651,24,4
2020020762,2020,2021-04-29,regular,MIN,STL,4,5,OT,30,21,8475660,21,5,8478024,30,4
2020020787,2020,2021-04-29,regular,CHI,FLA,3,4,OT,27,39,8480947,39,4,8481519,27,3
2020020789,2020,2021-04-29,regular,EDM,CGY,1,3,REG,31,30,8469608,30,3,8474593,31,1
2020020791,2020,2021-04-30,regular,MTL,WPG,5,3,REG,35,22,8474596,22,3,8476945,34,4
2020020793,2020,2021-04-30,regular,COL,SJS,3,0,REG,36,21,8475831,21,0,8474889,35,2
2020020794,2020,2021-04-30,regular,ARI,VGK,3,0,REG,32,25,8478499,25,0,8475215,31,2
2020020795,2020,2021-04-30,regular,ANA,LAK,1,2,REG,34,25,8476434,25,2,8471734,34,1
2020020796,2020,2021-05-01,regular,BOS,BUF,6,2,REG,43,19,8480280,19,2,8480045,29,3
2020020801,2020,2021-05-01,regular,DET,TBL,1,0,SO,15,33,8471306,33,0,8470147,15,0
2020020797,2020,2021-05-01,regular,NYI,NYR,3,0,REG,25,28,8473575,28,0,8480382,25,3
2020020798,2020,2021-05-01,regular,PHI,NJD,1,4,REG,32,21,8470880,21,4,8478406,32,1
2020020799,2020,2021-05-01,regular,WSH,PIT,0,3,REG,24,26,8478492,26,3,8477465,24,0
2020020800,2020,2021-05-01,regular,CAR,CBJ,2,1,OT,33,32,8477968,32,1,8478007,33,2
2020020805,2020,2021-05-01,regular,MTL,OTT,3,2,OT,39,23,8480051,23,2,8479406,39,3
2020020806,2020,2021-05-01,regular,TOR,VAN,5,1,REG,30,27,8475789,27,1,8477967,29,4
2020020207,2020,2021-05-01,regular,MIN,STL,4,3,OT,38,31,8478039,31,3,8476412,38,4
2020020802,2020,2021-05-01,regular,CHI,FLA,4,5,REG,35,42,8480947,42,5,8475683,35,4
2020020804,2020,2021-05-01,regular,NSH,DAL,1,0,OT,34,28,8477424,28,0,8471418,34,1
2020020808,2020,2021-05-01,regular,COL,SJS,4,3,REG,44,25,8471227,25,3,8480373,44,4
2020020807,2020,2021-05-01,regular,EDM,CGY,4,1,REG,29,30,8469608,30,1,8474593,27,2
2020020809,2020,2021-05-01,regular,ARI,VGK,2,3,OT,21,34,8475311,34,3,8470594,21,2
2020020810,2020,2021-05-01,regular,ANA,LAK,6,2,REG,33,25,8468011,25,2,8477361,33,6
2020020811,2020,2021-05-02,regular,DET,TBL,1,2,REG,23,42,8473541,42,2,8476444,23,1
2020020020,2020,2021-05-03,regular,FLA,DAL,5,4,OT,43,29,8481519,29,4,8471418,15,4
2020020812,2020,2021-05-03,regular,BUF,NYI,4,2,REG,40,36,8475920,36,2,8473575,39,3
2020020813,2020,2021-05-03,regular,NJD,BOS,0,3,REG,20,42,8475809,42,3,8471695,20,0
2020020814,2020,2021-05-03,regular,NYR,WSH,3,6,REG,26,40,8478048,39,5,8477970,26,3
2020020815,2020,2021-05-03,regular,PHI,PIT,7,2,REG,45,37,8479312,37,2,8479193,37,4
2020020816,2020,2021-05-03,regular,CAR,CHI,5,2,REG,38,17,8477968,17,2,8476876,18,4
2020020817,2020,2021-05-03,regular,CBJ,NSH,3,4,OT,32,38,8478007,38,4,8477424,32,3
2020020819,2020,2021-05-03,regular,MTL,TOR,3,2,OT,23,29,8474596,29,2,8475789,23,3
2020020820,2020,2021-05-03,regular,OTT,WPG,2,1,REG,18,29,8479406,29,1,8476316,18,2
2020020818,2020,2021-05-03,regular,STL,ANA,3,1,REG,32,20,8476412,20,1,8476434,31,2
2020020821,2020,2021-05-03,regular,MIN,VGK,6,5,REG,32,32,8475660,32,5,8475215,32,6
2020020822,2020,2021-05-03,regular,ARI,LAK,2,3,REG,34,26,8475311,26,3,8471734,19,2
2020020829,2020,2021-05-03,regular,VAN,EDM,3,5,REG,23,32,8474651,31,4,8475156,23,3
2020020823,2020,2021-05-03,regular,SJS,COL,4,5,OT,27,31,8474889,31,5,8475831,27,4
2020020824,2020,2021-05-04,regular,BUF,NYI,4,3,SO,31,48,8475920,48,3,8478009,31,3
2020020825,2020,2021-05-04,regular,NJD,BOS,4,3,OT,21,36,8478406,36,3,8470860,21,4
2020020826,2020,2021-05-04,regular,PHI,PIT,3,7,REG,33,31,8470880,30,6,8477465,33,3
2020020827,2020,2021-05-04,regular,CAR,CHI,6,3,REG,28,30,8475852,30,3,8480420,26,4
2020020844,2020,2021-05-04,regular,VAN,EDM,1,4,REG,29,27,8477967,27,4,8469608,29,1
2020020033,2020,2021-05-05,regular,TBL,DAL,6,2,REG,20,22,8476883,22,2,8479979,18,4
2020020564,2020,2021-05-05,regular,OTT,MTL,5,1,REG,34,31,8476341,31,1,8474596,34,5
2020020830,2020,2021-05-05,regular,NYR,WSH,2,4,REG,21,35,8480382,34,3,8477970,21,2
2020020831,2020,2021-05-05,regular,CBJ,NSH,4,2,REG,27,32,8478007,32,2,8477424,26,3
2020020832,2020,2021-05-05,regular,STL,ANA,2,3,SO,26,35,8476412,35,2,8476932,26,2
2020020835,2020,2021-05-05,regular,MIN,VGK,2,3,OT,28,34,8475660,34,3,8470594,28,2
2020020834,2020,2021-05-05,regular,CGY,WPG,0,4,REG,32,19,8474593,19,4,8476945,32,0
2020020837,2020,2021-05-05,regular,SJS,COL,3,2,REG,33,32,8480373,32,2,8475831,33,3
2020020836,2020,2021-05-05,regular,ARI,LAK,2,4,REG,30,22,8478499,21,3,8477361,30,2
2020020280,2020,2021-05-06,regular,CAR,CHI,1,2,OT,37,27,8475852,27,2,8480420,37,1
2020020838,2020,2021-05-06,regular,BOS,NYR,4,0,REG,34,15,8480280,15,0,8478048,34,4
2020020839,2020,2021-05-06,regular,NYI,NJD,1,2,REG,33,25,8473575,25,2,8478406,33,1
2020020842,2020,2021-05-06,regular,PIT,BUF,8,4,REG,34,23,8477465,23,4,8475920,34,8
2020020847,2020,2021-05-06,regular,TOR,MTL,5,2,REG,35,21,8475789,21,2,8480051,15,4
2020020593,2020,2021-05-06,regular,EDM,VAN,3,6,REG,42,27,8475156,4,4,8477967,42,3
2020020048,2020,2021-05-07,regular,TBL,DAL,2,5,REG,27,31,8470147,31,5,8471418,27,2
2020020840,2020,2021-05-07,regular,WSH,PHI,2,4,REG,30,29,8477970,28,3,8470880,30,2
2020020845,2020,2021-05-07,regular,CBJ,DET,2,5,REG,24,36,8480162,34,3,8471306,24,2
2020020850,2020,2021-05-07,regular,MIN,ANA,4,3,OT,36,25,8478039,25,3,8476434,36,4
2020020851,2020,2021-05-07,regular,VGK,STL,4,3,OT,35,25,8475215,25,3,8476412,35,4
2020020852,2020,2021-05-07,regular,LAK,COL,2,3,REG,17,37,8477361,37,3,8475831,17,2
2020020853,2020,2021-05-07,regular,SJS,ARI,2,5,REG,28,34,8480373,33,4,8475311,28,2
2020020854,2020,2021-05-08,regular,BOS,NYR,4,5,REG,39,23,8471695,23,5,8476234,30,2
2020020858,2020,2021-05-08,regular,PIT,BUF,1,0,REG,23,29,8476509,29,0,8475920,23,1
2020020855,2020,2021-05-08,regular,NYI,NJD,5,1,REG,27,24,8478009,24,1,8478406,27,5
2020020856,2020,2021-05-08,regular,WSH,PHI,2,1,OT,40,29,8467950,29,1,8479312,40,2
2020020857,2020,2021-05-08,regular,FLA,TBL,5,1,REG,35,29,8475683,29,1,8476883,35,5
2020020859,2020,2021-05-08,regular,CBJ,DET,5,4,OT,36,37,8480162,37,4,8475717,36,5
2020020862,2020,2021-05-08,regular,TOR,MTL,3,2,REG,26,23,8475789,23,2,8474596,26,3
2020020863,2020,2021-05-08,regular,WPG,OTT,2,4,REG,29,23,8476945,22,3,8479406,29,2
2020020861,2020,2021-05-08,regular,NSH,CAR,3,1,REG,30,22,8477424,22,1,8477968,29,2
2020020865,2020,2021-05-08,regular,MIN,ANA,4,3,OT,25,22,8475660,22,3,8468011,25,4
2020020662,2020,2021-05-08,regular,EDM,VAN,4,3,REG,34,25,8469608,25,3,8477967,34,4
2020020866,2020,2021-05-08,regular,VGK,STL,4,1,REG,29,21,8470594,21,1,8478024,28,3
2020020867,2020,2021-05-08,regular,LAK,COL,2,3,REG,18,30,8477361,30,3,8477992,18,2
2020020868,2020,2021-05-08,regular,SJS,ARI,4,5,OT,48,32,8482246,32,5,8478499,48,4
2020020843,2020,2021-05-09,regular,CHI,DAL,4,2,REG,25,39,8480947,39,2,8471418,25,4
2020020720,2020,2021-05-09,regular,CGY,OTT,6,1,REG,36,20,8474593,20,1,8476341,23,4
2020020231,2020,2021-05-10,regular,PHI,NJD,4,2,REG,31,25,8470880,25,2,8475809,31,4
2020020510,2020,2021-05-10,regular,MTL,EDM,3,4,OT,28,35,8474596,35,4,8475156,28,3
2020020529,2020,2021-05-10,regular,BOS,NYI,3,2,OT,38,18,8471695,18,2,8473575,27,2
2020020841,2020,2021-05-10,regular,FLA,TBL,4,0,REG,30,30,8476904,30,0,8476883,30,4
2020020602,2020,2021-05-10,regular,WPG,VAN,1,3,REG,40,31,8476316,31,3,8477967,40,1
2020020846,2020,2021-05-10,regular,NSH,CAR,5,0,REG,27,30,8471469,30,0,8475852,27,5
2020020860,2020,2021-05-10,regular,CHI,DAL,4,5,OT,23,50,8480420,50,5,8479979,23,4
2020020456,2020,2021-05-10,regular,LAK,STL,1,2,OT,27,19,8477361,19,2,8476412,27,1
2020020764,2020,2021-05-10,regular,VGK,COL,1,2,REG,37,21,8475215,21,2,8475831,37,1
2020020653,2020,2021-05-11,regular,WSH,BOS,2,1,REG,32,25,8477970,25,1,8480280,32,2
2020020619,2020,2021-05-11,regular,WPG,VAN,5,0,REG,36,24,8476945,24,0,8474651,36,5
2020020526,2020,2021-05-12,regular,MTL,EDM,3,4,OT,29,22,8480051,22,4,8469608,29,3
2020020833,2020,2021-05-12,regular,OTT,TOR,4,3,OT,28,33,8479406,33,3,8475883,28,4
2020020162,2020,2021-05-12,regular,SJS,VGK,0,6,REG,19,44,8482246,44,6,8470594,19,0
2020020688,2020,2021-05-12,regular,COL,LAK,6,0,REG,37,18,8475831,18,0,8477361,37,6
2020020790,2020,2021-05-12,regular,STL,MIN,4,0,REG,27,31,8478024,31,0,8475660,27,4
2020020803,2020,2021-05-13,regular,STL,MIN,7,3,REG,27,20,8476412,20,3,8478039,27,7
2020020647,2020,2021-05-13,regular,CGY,VAN,4,1,REG,28,25,8474593,25,1,8477967,28,4
2020020704,2020,2021-05-13,regular,COL,LAK,5,1,REG,43,22,8477992,22,1,8477234,43,5
2020020741,2020,2021-05-14,regular,WPG,TOR,4,2,REG,24,36,8476945,36,2,8475789,23,3
2020020673,2020,2021-05-15,regular,EDM,VAN,1,4,REG,32,41,8475156,41,4,8477967,32,1
2020030121,2020,2021-05-15,playoff,WSH,BOS,3,2,OT,32,26,8477970,4,1,8471695,32,3
2020030111,2020,2021-05-16,playoff,PIT,NYI,3,4,OT,42,41,8477465,41,4,8478009,42,3
2020030161,2020,2021-05-16,playoff,VGK,MIN,0,1,OT,42,30,8470594,30,1,8475660,42,0
2020030141,2020,2021-05-16,playoff,FLA,TBL,4,5,REG,39,40,8475683,40,5,8476883,39,4
2020020567,2020,2021-05-16,regular,VAN,CGY,5,6,OT,35,36,8474651,36,6,8474593,35,5
2020030122,2020,2021-05-17,playoff,WSH,BOS,3,4,OT,39,48,8467950,48,4,8471695,39,3
2020030131,2020,2021-05-17,playoff,CAR,NSH,5,2,REG,38,24,8477968,24,2,8477424,37,4
2020030151,2020,2021-05-17,playoff,COL,STL,4,1,REG,50,23,8475831,23,1,8476412,49,3
2020020864,2020,2021-05-18,regular,VAN,CGY,4,2,REG,24,40,8477967,40,2,8475839,23,3
2020030112,2020,2021-05-18,playoff,PIT,NYI,2,1,REG,45,38,8477465,38,1,8473575,45,2
2020030142,2020,2021-05-18,playoff,FLA,TBL,1,3,REG,33,29,8476904,28,2,8476883,33,1
2020030162,2020,2021-05-18,playoff,VGK,MIN,3,1,REG,28,35,8470594,35,1,8475660,28,3
2020020634,2020,2021-05-19,regular,CGY,VAN,6,2,REG,28,21,8474593,21,2,8474651,28,6
2020030123,2020,2021-05-19,playoff,BOS,WSH,3,2,OT,43,37,8471695,37,2,8478492,43,3
2020030132,2020,2021-05-19,playoff,CAR,NSH,3,0,REG,31,32,8477968,32,0,8477424,30,2
2020030181,2020,2021-05-19,playoff,EDM,WPG,1,4,REG,33,22,8469608,20,2,8476945,33,1
2020030152,2020,2021-05-19,playoff,COL,STL,6,3,REG,35,35,8475831,35,3,8476412,33,4
2020030143,2020,2021-05-20,playoff,TBL,FLA,5,6,OT,31,47,8476883,47,6,8476904,22,5
2020030113,2020,2021-05-20,playoff,NYI,PIT,4,5,REG,30,27,8473575,27,5,8477465,30,4
2020030171,2020,2021-05-20,playoff,TOR,MTL,1,2,REG,36,30,8475789,30,2,8471679,36,1
2020030163,2020,2021-05-20,playoff,MIN,VGK,2,5,REG,16,40,8475660,39,4,8470594,16,2
2020030124,2020,2021-05-21,playoff,BOS,WSH,4,1,REG,37,20,8471695,20,1,8478492,37,4
2020030133,2020,2021-05-21,playoff,NSH,CAR,5,4,OT,54,56,8477424,56,4,8477968,54,5
2020030182,2020,2021-05-21,playoff,EDM,WPG,0,1,OT,38,36,8469608,36,1,8476945,38,0
2020030153,2020,2021-05-21,playoff,STL,COL,1,5,REG,32,26,8476412,25,4,8475831,32,1
2020030144,2020,2021-05-22,playoff,TBL,FLA,6,2,REG,26,41,8476883,41,2,8475683,14,5
2020030114,2020,2021-05-22,playoff,NYI,PIT,4,1,REG,26,30,8478009,30,1,8477465,26,4
2020030172,2020,2021-05-22,playoff,TOR,MTL,5,1,REG,34,23,8475789,23,1,8471679,33,4
2020030164,2020,2021-05-22,playoff,MIN,VGK,0,4,REG,35,18,8475660,17,3,8470594,35,0
2020030134,2020,2021-05-23,playoff,NSH,CAR,4,3,OT,43,61,8477424,61,3,8477968,43,4
2020030154,2020,2021-05-23,playoff,STL,COL,2,5,REG,20,34,8476412,32,3,8475831,20,2
2020030125,2020,2021-05-23,playoff,WSH,BOS,1,3,REG,41,19,8478492,19,3,8471695,41,1
2020030183,2020,2021-05-23,playoff,WPG,EDM,5,4,OT,37,48,8476945,48,4,8469608,37,5
2020030115,2020,2021-05-24,playoff,PIT,NYI,2,3,OT,50,28,8477465,28,3,8478009,50,2
2020030173,2020,2021-05-24,playoff,MTL,TOR,1,2,REG,29,29,8471679,29,2,8475789,29,1
2020030145,2020,2021-05-24,playoff,FLA,TBL,4,1,REG,38,37,8481519,37,1,8476883,37,3
2020030184,2020,2021-05-24,playoff,WPG,EDM,4,3,OT,43,40,8476945,40,3,8469608,43,4
2020030165,2020,2021-05-24,playoff,VGK,MIN,2,4,REG,40,14,8470594,13,3,8475660,40,2
2020030174,2020,2021-05-25,playoff,MTL,TOR,0,4,REG,32,28,8471679,27,3,8475789,32,0
2020030135,2020,2021-05-25,playoff,CAR,NSH,3,2,OT,37,25,8477968,25,2,8477424,37,3
2020030116,2020,2021-05-26,playoff,NYI,PIT,5,3,REG,24,37,8478009,37,3,8477465,24,5
2020030146,2020,2021-05-26,playoff,TBL,FLA,4,0,REG,24,29,8476883,29,0,8481519,23,3
2020030166,2020,2021-05-26,playoff,MIN,VGK,3,0,REG,24,23,8475660,23,0,8470594,24,3
2020030175,2020,2021-05-27,playoff,TOR,MTL,3,4,OT,35,30,8475789,30,4,8471679,35,3
2020030136,2020,2021-05-27,playoff,NSH,CAR,3,4,OT,27,31,8477424,31,4,8477968,27,3
2020030167,2020,2021-05-28,playoff,VGK,MIN,6,2,REG,34,20,8470594,20,2,8475660,33,5
2020030176,2020,2021-05-29,playoff,MTL,TOR,3,2,OT,31,43,8471679,43,2,8475789,31,3
2020030211,2020,2021-05-29,playoff,BOS,NYI,5,2,REG,40,22,8471695,22,2,8478009,39,4
2020030221,2020,2021-05-30,playoff,CAR,TBL,1,2,REG,38,30,8477968,30,2,8476883,38,1
2020030231,2020,2021-05-30,playoff,COL,VGK,7,1,REG,37,25,8475831,25,1,8475215,37,7
2020030177,2020,2021-05-31,playoff,TOR,MTL,1,3,REG,31,23,8475789,22,2,8471679,31,1
2020030212,2020,2021-05-31,playoff,BOS,NYI,3,4,OT,42,39,8471695,39,4,8473575,42,3
2020030222,2020,2021-06-01,playoff,CAR,TBL,1,2,REG,32,15,8477968,15,2,8476883,32,1
2020030241,2020,2021-06-02,playoff,WPG,MTL,3,5,REG,30,33,8476945,32,4,8471679,30,3
2020030232,2020,2021-06-02,playoff,COL,VGK,3,2,OT,25,41,8475831,41,2,8470594,25,3
2020030213,2020,2021-06-03,playoff,NYI,BOS,1,2,OT,29,41,8473575,41,2,8471695,29,1
2020030223,2020,2021-06-03,playoff,TBL,CAR,2,3,OT,37,27,8476883,27,3,8475852,37,2
2020030242,2020,2021-06-04,playoff,WPG,MTL,0,1,REG,30,24,8476945,24,1,8471679,30,0
2020030233,2020,2021-06-04,playoff,VGK,COL,3,2,REG,43,20,8470594,20,2,8475831,43,3
2020030224,2020,2021-06-05,playoff,TBL,CAR,6,4,REG,26,25,8476883,25,4,8475852,26,6
2020030214,2020,2021-06-05,playoff,NYI,BOS,4,1,REG,34,29,8473575,29,1,8471695,32,2
2020030243,2020,2021-06-06,playoff,MTL,WPG,5,1,REG,33,27,8471679,27,1,8476945,32,4
2020030234,2020,2021-06-06,playoff,VGK,COL,5,1,REG,35,18,8470594,18,1,8475831,35,5
2020030215,2020,2021-06-07,playoff,BOS,NYI,4,5,REG,44,19,8471695,16,4,8473575,44,4
2020030244,2020,2021-06-07,playoff,MTL,WPG,3,2,OT,42,16,8471679,16,2,8476945,42,3
2020030225,2020,2021-06-08,playoff,CAR,TBL,0,2,REG,29,25,8477968,25,2,8476883,29,0
2020030235,2020,2021-06-08,playoff,COL,VGK,2,3,OT,30,25,8475831,25,3,8470594,30,2
2020030216,2020,2021-06-09,playoff,NYI,BOS,6,2,REG,29,25,8473575,25,2,8471695,27,4
2020030236,2020,2021-06-10,playoff,VGK,COL,6,3,REG,23,33,8470594,33,3,8475831,22,5
2020030321,2020,2021-06-13,playoff,TBL,NYI,1,2,REG,31,31,8476883,31,2,8473575,31,1
2020030311,2020,2021-06-14,playoff,VGK,MTL,4,1,REG,30,29,8470594,29,1,8471679,30,4
2020030322,2020,2021-06-15,playoff,TBL,NYI,4,2,REG,33,26,8476883,26,2,8473575,27,4
2020030312,2020,2021-06-16,playoff,VGK,MTL,2,3,REG,31,23,8470594,23,3,8471679,31,2
2020030323,2020,2021-06-17,playoff,NYI,TBL,1,2,REG,28,25,8473575,25,2,8476883,28,1
2020030313,2020,2021-06-18,playoff,MTL,VGK,3,2,OT,27,45,8471679,45,2,8470594,27,3
2020030324,2020,2021-06-19,playoff,NYI,TBL,3,2,REG,30,30,8473575,30,2,8476883,30,3
2020030314,2020,2021-06-20,playoff,MTL,VGK,1,2,OT,28,21,8471679,21,2,8475215,28,1
2020030325,2020,2021-06-21,playoff,TBL,NYI,8,0,REG,42,21,8476883,21,0,8473575,16,3
2020030315,2020,2021-06-22,playoff,VGK,MTL,1,4,REG,27,26,8470594,25,3,8471679,27,1
2020030326,2020,2021-06-23,playoff,NYI,TBL,3,2,OT,28,24,8473575,24,2,8476883,28,3
2020030316,2020,2021-06-24,playoff,MTL,VGK,3,2,OT,32,39,8471679,39,2,8475215,32,3
2020030327,2020,2021-06-25,playoff,TBL,NYI,1,0,REG,31,18,8476883,18,0,8473575,31,1
2020030411,2020,2021-06-28,playoff,TBL,MTL,5,1,REG,27,19,8476883,19,1,8471679,27,5
2020030412,2020,2021-06-30,playoff,TBL,MTL,3,1,REG,23,43,8476883,43,1,8471679,23,3
2020030413,2020,2021-07-02,playoff,MTL,TBL,3,6,REG,35,30,8471679,29,5,8476883,35,3
2020030414,2020,2021-07-05,playoff,MTL,TBL,3,2,OT,21,34,8471679,34,2,8476883,21,3
2020030415,2020,2021-07-07,playoff,TBL,MTL,1,0,REG,30,22,8476883,22,0,8471679,30,1
