game_id,season,game_date,home,away,provider,home_price,away_price,home_prob,converted
2025020001,2025,2025-10-07,FLA,CHI,ESPN BET,-280.0,230.0,0.708589,False
2025020002,2025,2025-10-07,NYR,PIT,ESPN BET,-230.0,195.0,0.672781,False
2025020003,2025,2025-10-07,LAK,COL,ESPN BET,100.0,-120.0,0.478261,False
2025020004,2025,2025-10-08,TOR,MTL,ESPN BET,-170.0,145.0,0.606701,False
2025020005,2025,2025-10-08,WSH,BOS,ESPN BET,-185.0,155.0,0.623389,False
2025020006,2025,2025-10-08,EDM,CGY,ESPN BET,-200.0,170.0,0.642857,False
2025020007,2025,2025-10-08,VGK,LAK,ESPN BET,-200.0,170.0,0.642857,False
2025020008,2025,2025-10-09,BOS,CHI,ESPN BET,-170.0,145.0,0.606701,False
2025020009,2025,2025-10-09,BUF,NYR,ESPN BET,100.0,-120.0,0.478261,False
2025020010,2025,2025-10-09,DET,MTL,ESPN BET,-135.0,115.0,0.552594,False
2025020011,2025,2025-10-09,TBL,OTT,ESPN BET,-170.0,145.0,0.606701,False
2025020012,2025,2025-10-09,FLA,PHI,ESPN BET,-230.0,195.0,0.672781,False
2025020013,2025,2025-10-09,PIT,NYI,ESPN BET,110.0,-130.0,0.457256,False
2025020014,2025,2025-10-09,CAR,NJD,ESPN BET,-170.0,145.0,0.606701,False
2025020015,2025,2025-10-09,STL,MIN,ESPN BET,-125.0,105.0,0.532468,False
2025020016,2025,2025-10-09,NSH,CBJ,ESPN BET,-125.0,105.0,0.532468,False
2025020017,2025,2025-10-09,WPG,DAL,ESPN BET,-110.0,-110.0,0.5,False
2025020018,2025,2025-10-09,COL,UTA,ESPN BET,-190.0,160.0,0.630102,False
2025020019,2025,2025-10-09,VAN,CGY,ESPN BET,-195.0,165.0,0.636588,False
2025020020,2025,2025-10-09,SJS,VGK,ESPN BET,175.0,-210.0,0.349296,False
2025020021,2025,2025-10-09,SEA,ANA,ESPN BET,-125.0,105.0,0.532468,False
2025020022,2025,2025-10-11,WPG,LAK,ESPN BET,-135.0,115.0,0.552594,False
2025020023,2025,2025-10-11,CGY,STL,ESPN BET,100.0,-120.0,0.478261,False
2025020024,2025,2025-10-11,BOS,BUF,ESPN BET,-110.0,-110.0,0.5,False
2025020025,2025,2025-10-11,DET,TOR,ESPN BET,115.0,-135.0,0.447406,False
2025020026,2025,2025-10-11,TBL,NJD,ESPN BET,-150.0,130.0,0.579832,False
2025020027,2025,2025-10-11,FLA,OTT,ESPN BET,-150.0,130.0,0.579832,False
2025020028,2025,2025-10-11,NYI,WSH,ESPN BET,105.0,-125.0,0.467532,False
2025020029,2025,2025-10-11,PIT,NYR,ESPN BET,120.0,-140.0,0.437956,False
2025020030,2025,2025-10-11,CAR,PHI,ESPN BET,-290.0,240.0,0.71657,False
2025020031,2025,2025-10-11,CHI,MTL,ESPN BET,130.0,-150.0,0.420168,False
2025020032,2025,2025-10-11,NSH,UTA,ESPN BET,105.0,-125.0,0.467532,False
2025020033,2025,2025-10-11,MIN,CBJ,ESPN BET,-155.0,135.0,0.588212,False
2025020034,2025,2025-10-11,COL,DAL,ESPN BET,-145.0,125.0,0.571116,False
2025020035,2025,2025-10-11,EDM,VAN,ESPN BET,-170.0,145.0,0.606701,False
2025020036,2025,2025-10-11,SJS,ANA,ESPN BET,120.0,-140.0,0.437956,False
2025020037,2025,2025-10-11,SEA,VGK,ESPN BET,145.0,-170.0,0.393299,False
2025020038,2025,2025-10-12,NYR,WSH,ESPN BET,-110.0,-110.0,0.5,False
2025020039,2025,2025-10-13,BUF,COL,ESPN BET,150.0,-175.0,0.385965,False
2025020040,2025,2025-10-13,BOS,TBL,ESPN BET,140.0,-165.0,0.400908,False
2025020041,2025,2025-10-13,OTT,NSH,ESPN BET,-185.0,155.0,0.623389,False
2025020042,2025,2025-10-13,NYI,WPG,ESPN BET,-105.0,-115.0,0.489166,False
2025020043,2025,2025-10-13,TOR,DET,ESPN BET,-155.0,135.0,0.588212,False
2025020044,2025,2025-10-13,PHI,FLA,ESPN BET,130.0,-150.0,0.420168,False
2025020045,2025,2025-10-13,CBJ,NJD,ESPN BET,100.0,-120.0,0.478261,False
2025020046,2025,2025-10-13,VAN,STL,ESPN BET,-125.0,105.0,0.532468,False
2025020047,2025,2025-10-13,MIN,LAK,ESPN BET,100.0,-120.0,0.478261,False
2025020048,2025,2025-10-13,CHI,UTA,ESPN BET,130.0,-150.0,0.420168,False
2025020049,2025,2025-10-14,TOR,NSH,ESPN BET,-175.0,150.0,0.614035,False
2025020050,2025,2025-10-14,MTL,SEA,ESPN BET,-150.0,130.0,0.579832,False
2025020051,2025,2025-10-14,NYR,EDM,ESPN BET,115.0,-135.0,0.447406,False
2025020052,2025,2025-10-14,WSH,TBL,ESPN BET,-105.0,-115.0,0.489166,False
2025020053,2025,2025-10-14,CGY,VGK,ESPN BET,145.0,-170.0,0.393299,False
2025020054,2025,2025-10-14,DAL,MIN,ESPN BET,-190.0,160.0,0.630102,False
2025020055,2025,2025-10-14,SJS,CAR,ESPN BET,210.0,-250.0,0.311111,False
2025020056,2025,2025-10-14,ANA,PIT,ESPN BET,-145.0,125.0,0.571116,False
2025020057,2025,2025-10-15,BUF,OTT,ESPN BET,100.0,-120.0,0.478261,False
2025020058,2025,2025-10-15,DET,FLA,ESPN BET,130.0,-155.0,0.417007,False
2025020059,2025,2025-10-15,STL,CHI,ESPN BET,-240.0,200.0,0.679245,False
2025020060,2025,2025-10-15,UTA,CGY,ESPN BET,-240.0,200.0,0.679245,False
2025020061,2025,2025-10-16,TOR,NYR,ESPN BET,-150.0,125.0,0.574468,False
2025020062,2025,2025-10-16,MTL,NSH,ESPN BET,-140.0,120.0,0.562044,False
2025020063,2025,2025-10-16,OTT,SEA,ESPN BET,-150.0,130.0,0.579832,False
2025020064,2025,2025-10-16,NJD,FLA,ESPN BET,-155.0,135.0,0.588212,False
2025020066,2025,2025-10-16,PHI,WPG,ESPN BET,115.0,-135.0,0.447406,False
2025020067,2025,2025-10-16,CBJ,COL,ESPN BET,145.0,-170.0,0.393299,False
2025020065,2025,2025-10-16,NYI,EDM,ESPN BET,140.0,-165.0,0.400908,False
2025020068,2025,2025-10-16,DAL,VAN,ESPN BET,-155.0,130.0,0.582993,False
2025020069,2025,2025-10-16,VGK,BOS,ESPN BET,-225.0,190.0,0.667519,False
2025020070,2025,2025-10-16,ANA,CAR,ESPN BET,160.0,-190.0,0.369898,False
2025020071,2025,2025-10-16,LAK,PIT,ESPN BET,-210.0,175.0,0.650704,False
2025020072,2025,2025-10-17,DET,TBL,ESPN BET,110.0,-130.0,0.457256,False
2025020073,2025,2025-10-17,WSH,MIN,ESPN BET,-125.0,105.0,0.532468,False
2025020074,2025,2025-10-17,CHI,VAN,ESPN BET,110.0,-130.0,0.457256,False
2025020075,2025,2025-10-17,UTA,SJS,ESPN BET,-260.0,215.0,0.694656,False
2025020076,2025,2025-10-18,BUF,FLA,ESPN BET,125.0,-145.0,0.428884,False
2025020077,2025,2025-10-18,OTT,NYI,ESPN BET,-130.0,110.0,0.542744,False
2025020078,2025,2025-10-18,NJD,EDM,ESPN BET,-105.0,-115.0,0.489166,False
2025020079,2025,2025-10-18,TOR,SEA,ESPN BET,-200.0,170.0,0.642857,False
2025020080,2025,2025-10-18,MTL,NYR,ESPN BET,-130.0,110.0,0.542744,False
2025020081,2025,2025-10-18,PHI,MIN,ESPN BET,-120.0,100.0,0.521739,False
2025020082,2025,2025-10-18,CBJ,TBL,ESPN BET,-130.0,110.0,0.542744,False
2025020083,2025,2025-10-18,STL,DAL,ESPN BET,105.0,-125.0,0.467532,False
2025020084,2025,2025-10-18,WPG,NSH,ESPN BET,-185.0,155.0,0.623389,False
2025020085,2025,2025-10-18,COL,BOS,ESPN BET,-270.0,220.0,0.700162,False
2025020086,2025,2025-10-18,LAK,CAR,ESPN BET,110.0,-130.0,0.457256,False
2025020087,2025,2025-10-18,VGK,CGY,ESPN BET,-260.0,210.0,0.691252,False
2025020088,2025,2025-10-18,SJS,PIT,ESPN BET,140.0,-165.0,0.400908,False
2025020089,2025,2025-10-19,WSH,VAN,ESPN BET,-155.0,135.0,0.588212,False
2025020090,2025,2025-10-19,DET,EDM,ESPN BET,110.0,-130.0,0.457256,False
2025020091,2025,2025-10-19,CHI,ANA,ESPN BET,100.0,-120.0,0.478261,False
2025020092,2025,2025-10-19,UTA,BOS,ESPN BET,-215.0,180.0,0.656489,False
2025020093,2025,2025-10-20,NYR,MIN,ESPN BET,-155.0,135.0,0.588212,False
2025020094,2025,2025-10-20,PHI,SEA,ESPN BET,-140.0,120.0,0.562044,False
2025020095,2025,2025-10-20,MTL,BUF,ESPN BET,-140.0,120.0,0.562044,False
2025020096,2025,2025-10-20,CGY,WPG,ESPN BET,115.0,-135.0,0.447406,False
2025020097,2025,2025-10-20,VGK,CAR,ESPN BET,-105.0,-115.0,0.489166,False
2025020098,2025,2025-10-21,TOR,NJD,ESPN BET,-120.0,100.0,0.521739,False
2025020099,2025,2025-10-21,OTT,EDM,ESPN BET,110.0,-130.0,0.457256,False
2025020100,2025,2025-10-21,NYI,SJS,ESPN BET,-225.0,190.0,0.667519,False
2025020101,2025,2025-10-21,PIT,VAN,ESPN BET,-105.0,-115.0,0.489166,False
2025020102,2025,2025-10-21,WSH,SEA,ESPN BET,-280.0,230.0,0.708589,False
2025020103,2025,2025-10-21,BOS,FLA,ESPN BET,135.0,-155.0,0.411788,False
2025020104,2025,2025-10-21,STL,LAK,ESPN BET,-125.0,105.0,0.532468,False
2025020105,2025,2025-10-21,NSH,ANA,ESPN BET,-135.0,115.0,0.552594,False
2025020106,2025,2025-10-21,DAL,CBJ,ESPN BET,-185.0,155.0,0.623389,False
2025020107,2025,2025-10-21,UTA,COL,ESPN BET,125.0,-145.0,0.428884,False
2025020108,2025,2025-10-22,NJD,MIN,ESPN BET,-125.0,105.0,0.532468,False
2025020109,2025,2025-10-22,BUF,DET,ESPN BET,-130.0,110.0,0.542744,False
2025020110,2025,2025-10-22,CGY,MTL,ESPN BET,-105.0,-115.0,0.489166,False
2025020113,2025,2025-10-23,TBL,CHI,ESPN BET,-290.0,240.0,0.71657,False
2025020111,2025,2025-10-23,BOS,ANA,ESPN BET,-115.0,-105.0,0.510834,False
2025020112,2025,2025-10-23,OTT,PHI,ESPN BET,-145.0,125.0,0.571116,False
2025020114,2025,2025-10-23,FLA,PIT,ESPN BET,-175.0,150.0,0.614035,False
2025020115,2025,2025-10-23,NYI,DET,ESPN BET,-135.0,115.0,0.552594,False
2025020116,2025,2025-10-23,NYR,SJS,ESPN BET,-280.0,230.0,0.708589,False
2025020117,2025,2025-10-23,STL,UTA,ESPN BET,-115.0,-105.0,0.510834,False
2025020118,2025,2025-10-23,NSH,VAN,ESPN BET,-125.0,105.0,0.532468,False
2025020120,2025,2025-10-23,WPG,SEA,ESPN BET,-210.0,175.0,0.650704,False
2025020119,2025,2025-10-23,DAL,LAK,ESPN BET,-135.0,115.0,0.552594,False
2025020121,2025,2025-10-23,COL,CAR,ESPN BET,-135.0,115.0,0.552594,False
2025020122,2025,2025-10-23,EDM,MTL,ESPN BET,-230.0,190.0,0.669007,False
2025020123,2025,2025-10-24,BUF,TOR,ESPN BET,100.0,-120.0,0.478261,False
2025020124,2025,2025-10-24,NJD,SJS,ESPN BET,-380.0,290.0,0.755352,False
2025020125,2025,2025-10-24,CBJ,WSH,ESPN BET,-105.0,-115.0,0.489166,False
2025020126,2025,2025-10-24,WPG,CGY,ESPN BET,-130.0,110.0,0.542744,False
2025020127,2025,2025-10-25,PHI,NYI,ESPN BET,-120.0,100.0,0.521739,False
2025020128,2025,2025-10-25,BOS,COL,ESPN BET,175.0,-210.0,0.349296,False
2025020129,2025,2025-10-25,TBL,ANA,ESPN BET,-190.0,160.0,0.630102,False
2025020132,2025,2025-10-25,TOR,BUF,ESPN BET,-135.0,115.0,0.552594,False
2025020130,2025,2025-10-25,FLA,VGK,ESPN BET,-105.0,-115.0,0.489166,False
2025020131,2025,2025-10-25,MIN,UTA,ESPN BET,-115.0,-105.0,0.510834,False
2025020133,2025,2025-10-25,DET,STL,ESPN BET,-105.0,-115.0,0.489166,False
2025020134,2025,2025-10-25,PIT,CBJ,ESPN BET,-125.0,105.0,0.532468,False
2025020135,2025,2025-10-25,WSH,OTT,ESPN BET,-130.0,110.0,0.542744,False
2025020136,2025,2025-10-25,VAN,MTL,ESPN BET,-110.0,-110.0,0.5,False
2025020137,2025,2025-10-25,NSH,LAK,ESPN BET,135.0,-160.0,0.408805,False
2025020138,2025,2025-10-25,DAL,CAR,ESPN BET,-130.0,110.0,0.542744,False
2025020139,2025,2025-10-25,SEA,EDM,ESPN BET,145.0,-170.0,0.393299,False
2025020140,2025,2025-10-26,NJD,COL,ESPN BET,-130.0,110.0,0.542744,False
2025020141,2025,2025-10-26,TBL,VGK,ESPN BET,-135.0,115.0,0.552594,False
2025020142,2025,2025-10-26,MIN,SJS,ESPN BET,-190.0,160.0,0.630102,False
2025020143,2025,2025-10-26,WPG,UTA,ESPN BET,-150.0,130.0,0.579832,False
2025020144,2025,2025-10-26,CHI,LAK,ESPN BET,130.0,-155.0,0.417007,False
2025020145,2025,2025-10-26,NSH,DAL,ESPN BET,125.0,-145.0,0.428884,False
2025020146,2025,2025-10-26,CGY,NYR,ESPN BET,115.0,-135.0,0.447406,False
2025020147,2025,2025-10-26,VAN,EDM,ESPN BET,135.0,-160.0,0.408805,False
2025020148,2025,2025-10-27,PIT,STL,ESPN BET,-105.0,-115.0,0.489166,False
2025020149,2025,2025-10-27,OTT,BOS,ESPN BET,-165.0,140.0,0.599092,False
2025020150,2025,2025-10-28,PHI,PIT,ESPN BET,-175.0,150.0,0.614035,False
2025020151,2025,2025-10-28,TOR,CGY,ESPN BET,-185.0,155.0,0.623389,False
2025020155,2025,2025-10-28,CAR,VGK,ESPN BET,-165.0,140.0,0.599092,False
2025020152,2025,2025-10-28,BUF,CBJ,ESPN BET,-115.0,-105.0,0.510834,False
2025020153,2025,2025-10-28,FLA,ANA,ESPN BET,-170.0,145.0,0.606701,False
2025020154,2025,2025-10-28,BOS,NYI,ESPN BET,125.0,-145.0,0.428884,False
2025020156,2025,2025-10-28,NSH,TBL,ESPN BET,145.0,-170.0,0.393299,False
2025020157,2025,2025-10-28,MIN,WPG,ESPN BET,-110.0,-110.0,0.5,False
2025020158,2025,2025-10-28,STL,DET,ESPN BET,-110.0,-110.0,0.5,False
2025020160,2025,2025-10-28,CHI,OTT,ESPN BET,125.0,-145.0,0.428884,False
2025020159,2025,2025-10-28,DAL,WSH,ESPN BET,-125.0,105.0,0.532468,False
2025020161,2025,2025-10-28,COL,NJD,ESPN BET,-175.0,150.0,0.614035,False
2025020162,2025,2025-10-28,EDM,UTA,ESPN BET,-150.0,130.0,0.579832,False
2025020163,2025,2025-10-28,VAN,NYR,ESPN BET,105.0,-125.0,0.467532,False
2025020164,2025,2025-10-28,SEA,MTL,ESPN BET,105.0,-125.0,0.467532,False
2025020165,2025,2025-10-28,SJS,LAK,ESPN BET,175.0,-210.0,0.349296,False
2025020166,2025,2025-10-29,CBJ,TOR,ESPN BET,-125.0,105.0,0.532468,False
2025020167,2025,2025-10-30,BOS,BUF,ESPN BET,120.0,-140.0,0.437956,False
2025020168,2025,2025-10-30,OTT,CGY,ESPN BET,-165.0,140.0,0.599092,False
2025020169,2025,2025-10-30,TBL,DAL,ESPN BET,-155.0,130.0,0.582993,False
2025020170,2025,2025-10-30,PHI,NSH,ESPN BET,-155.0,130.0,0.582993,False
2025020171,2025,2025-10-30,CAR,NYI,ESPN BET,-215.0,180.0,0.656489,False
2025020172,2025,2025-10-30,STL,VAN,ESPN BET,-165.0,140.0,0.599092,False
2025020173,2025,2025-10-30,MIN,PIT,ESPN BET,-175.0,145.0,0.609236,False
2025020174,2025,2025-10-30,WPG,CHI,ESPN BET,-190.0,160.0,0.630102,False
2025020175,2025,2025-10-30,EDM,NYR,ESPN BET,-155.0,130.0,0.582993,False
2025020176,2025,2025-10-30,SJS,NJD,ESPN BET,180.0,-215.0,0.343511,False
2025020177,2025,2025-10-30,LAK,DET,ESPN BET,-145.0,125.0,0.571116,False
2025020178,2025,2025-10-31,VGK,COL,ESPN BET,120.0,-140.0,0.437956,False
2025020179,2025,2025-10-31,WSH,NYI,ESPN BET,-225.0,185.0,0.663648,False
2025020180,2025,2025-10-31,ANA,DET,ESPN BET,-130.0,110.0,0.542744,False
2025020181,2025,2025-11-01,BOS,CAR,ESPN BET,160.0,-190.0,0.369898,False
2025020182,2025,2025-11-01,WPG,PIT,ESPN BET,-155.0,135.0,0.588212,False
2025020183,2025,2025-11-01,NSH,CGY,ESPN BET,-115.0,-105.0,0.510834,False
2025020184,2025,2025-11-01,SJS,COL,ESPN BET,175.0,-210.0,0.349296,False
2025020185,2025,2025-11-01,FLA,DAL,ESPN BET,-140.0,120.0,0.562044,False
2025020186,2025,2025-11-01,BUF,WSH,ESPN BET,-130.0,110.0,0.542744,False
2025020187,2025,2025-11-01,MTL,OTT,ESPN BET,-110.0,-110.0,0.5,False
2025020188,2025,2025-11-01,PHI,TOR,ESPN BET,100.0,-120.0,0.478261,False
2025020189,2025,2025-11-01,CBJ,STL,ESPN BET,-140.0,120.0,0.562044,False
2025020190,2025,2025-11-01,MIN,VAN,ESPN BET,-175.0,150.0,0.614035,False
2025020191,2025,2025-11-01,LAK,NJD,ESPN BET,-120.0,100.0,0.521739,False
2025020192,2025,2025-11-01,EDM,CHI,ESPN BET,-300.0,240.0,0.71831,False
2025020193,2025,2025-11-01,SEA,NYR,ESPN BET,115.0,-135.0,0.447406,False
2025020194,2025,2025-11-02,UTA,TBL,ESPN BET,-120.0,100.0,0.521739,False
2025020195,2025,2025-11-02,NYI,CBJ,ESPN BET,-125.0,105.0,0.532468,False
2025020196,2025,2025-11-02,PHI,CGY,ESPN BET,-120.0,100.0,0.521739,False
2025020197,2025,2025-11-02,ANA,NJD,ESPN BET,-105.0,-115.0,0.489166,False
2025020198,2025,2025-11-02,SJS,DET,ESPN BET,160.0,-190.0,0.369898,False
2025020199,2025,2025-11-03,TOR,PIT,ESPN BET,-175.0,150.0,0.614035,False
2025020200,2025,2025-11-03,STL,EDM,ESPN BET,105.0,-125.0,0.467532,False
2025020201,2025,2025-11-03,NSH,VAN,ESPN BET,-110.0,-110.0,0.5,False
2025020202,2025,2025-11-03,SEA,CHI,ESPN BET,-170.0,145.0,0.606701,False
2025020203,2025,2025-11-04,BUF,UTA,ESPN BET,115.0,-135.0,0.447406,False
2025020204,2025,2025-11-04,MTL,PHI,ESPN BET,-150.0,130.0,0.579832,False
2025020205,2025,2025-11-04,NYI,BOS,ESPN BET,-165.0,140.0,0.599092,False
2025020206,2025,2025-11-04,NYR,CAR,ESPN BET,-105.0,-115.0,0.489166,False
2025020207,2025,2025-11-04,DAL,EDM,ESPN BET,-125.0,105.0,0.532468,False
2025020208,2025,2025-11-04,MIN,NSH,ESPN BET,-215.0,180.0,0.656489,False
2025020209,2025,2025-11-04,COL,TBL,ESPN BET,-145.0,125.0,0.571116,False
2025020210,2025,2025-11-04,VGK,DET,ESPN BET,-190.0,160.0,0.630102,False
2025020211,2025,2025-11-04,ANA,FLA,ESPN BET,140.0,-165.0,0.400908,False
2025020212,2025,2025-11-04,LAK,WPG,ESPN BET,-130.0,110.0,0.542744,False
2025020213,2025,2025-11-05,TOR,UTA,ESPN BET,-145.0,125.0,0.571116,False
2025020214,2025,2025-11-05,WSH,STL,ESPN BET,-150.0,130.0,0.579832,False
2025020215,2025,2025-11-05,CGY,CBJ,ESPN BET,-115.0,-105.0,0.510834,False
2025020216,2025,2025-11-05,VAN,CHI,ESPN BET,-140.0,120.0,0.562044,False
2025020217,2025,2025-11-05,SEA,SJS,ESPN BET,-165.0,140.0,0.599092,False
2025020218,2025,2025-11-06,BOS,OTT,ESPN BET,140.0,-165.0,0.400908,False
2025020219,2025,2025-11-06,BUF,STL,ESPN BET,-145.0,125.0,0.571116,False
2025020220,2025,2025-11-06,NJD,MTL,ESPN BET,-140.0,120.0,0.562044,False
2025020222,2025,2025-11-06,CAR,MIN,ESPN BET,-190.0,160.0,0.630102,False
2025020221,2025,2025-11-06,PIT,WSH,ESPN BET,-110.0,-110.0,0.5,False
2025020223,2025,2025-11-06,NSH,PHI,ESPN BET,-125.0,105.0,0.532468,False
2025020224,2025,2025-11-06,DAL,ANA,ESPN BET,-170.0,145.0,0.606701,False
2025020225,2025,2025-11-06,VGK,TBL,ESPN BET,-120.0,100.0,0.521739,False
2025020226,2025,2025-11-06,LAK,FLA,ESPN BET,-110.0,-110.0,0.5,False
2025020227,2025,2025-11-07,DET,NYR,ESPN BET,-120.0,100.0,0.521739,False
2025020228,2025,2025-11-07,NYI,MIN,ESPN BET,-160.0,135.0,0.591195,False
2025020229,2025,2025-11-07,CGY,CHI,ESPN BET,-150.0,125.0,0.574468,False
2025020230,2025,2025-11-07,SJS,WPG,ESPN BET,160.0,-190.0,0.369898,False
2025020231,2025,2025-11-08,NJD,PIT,ESPN BET,-185.0,155.0,0.623389,False
2025020232,2025,2025-11-08,PHI,OTT,ESPN BET,100.0,-120.0,0.478261,False
2025020233,2025,2025-11-08,NSH,DAL,ESPN BET,135.0,-155.0,0.411788,False
2025020234,2025,2025-11-08,TOR,BOS,ESPN BET,-200.0,170.0,0.642857,False
2025020235,2025,2025-11-08,MTL,UTA,ESPN BET,110.0,-130.0,0.457256,False
2025020236,2025,2025-11-08,TBL,WSH,ESPN BET,-145.0,125.0,0.571116,False
2025020237,2025,2025-11-08,NYR,NYI,ESPN BET,-150.0,130.0,0.579832,False
2025020238,2025,2025-11-08,CAR,BUF,ESPN BET,-240.0,200.0,0.679245,False
2025020239,2025,2025-11-08,STL,SEA,ESPN BET,-165.0,140.0,0.599092,False
2025020240,2025,2025-11-08,EDM,COL,ESPN BET,105.0,-125.0,0.467532,False
2025020241,2025,2025-11-08,VAN,CBJ,ESPN BET,-110.0,-110.0,0.5,False
2025020242,2025,2025-11-08,VGK,ANA,ESPN BET,-225.0,190.0,0.667519,False
2025020243,2025,2025-11-08,SJS,FLA,ESPN BET,210.0,-250.0,0.311111,False
2025020244,2025,2025-11-09,DET,CHI,ESPN BET,-185.0,155.0,0.623389,False
2025020245,2025,2025-11-09,PIT,LAK,ESPN BET,145.0,-165.0,0.395966,False
2025020246,2025,2025-11-09,TOR,CAR,ESPN BET,115.0,-135.0,0.447406,False
2025020247,2025,2025-11-09,OTT,UTA,ESPN BET,100.0,-120.0,0.478261,False
2025020248,2025,2025-11-09,DAL,SEA,ESPN BET,-200.0,170.0,0.642857,False
2025020249,2025,2025-11-09,MIN,CGY,ESPN BET,-140.0,120.0,0.562044,False
2025020250,2025,2025-11-09,VAN,COL,ESPN BET,175.0,-210.0,0.349296,False
2025020251,2025,2025-11-09,ANA,WPG,ESPN BET,120.0,-140.0,0.437956,False
2025020252,2025,2025-11-10,NJD,NYI,ESPN BET,-135.0,115.0,0.552594,False
2025020253,2025,2025-11-10,NYR,NSH,ESPN BET,-195.0,165.0,0.636588,False
2025020254,2025,2025-11-10,EDM,CBJ,ESPN BET,-185.0,155.0,0.623389,False
2025020255,2025,2025-11-10,VGK,FLA,ESPN BET,-130.0,110.0,0.542744,False
2025020256,2025,2025-11-11,BOS,TOR,ESPN BET,120.0,-140.0,0.437956,False
2025020257,2025,2025-11-11,MTL,LAK,ESPN BET,100.0,-120.0,0.478261,False
2025020258,2025,2025-11-11,OTT,DAL,ESPN BET,-120.0,100.0,0.521739,False
2025020259,2025,2025-11-11,CAR,WSH,ESPN BET,-145.0,125.0,0.571116,False
2025020260,2025,2025-11-11,STL,CGY,ESPN BET,-135.0,115.0,0.552594,False
2025020261,2025,2025-11-11,MIN,SJS,ESPN BET,-200.0,170.0,0.642857,False
2025020262,2025,2025-11-11,COL,ANA,ESPN BET,-240.0,200.0,0.679245,False
2025020263,2025,2025-11-11,VAN,WPG,ESPN BET,100.0,-120.0,0.478261,False
2025020264,2025,2025-11-11,SEA,CBJ,ESPN BET,-120.0,100.0,0.521739,False
2025020265,2025,2025-11-12,TBL,NYR,ESPN BET,-130.0,110.0,0.542744,False
2025020266,2025,2025-11-12,PHI,EDM,ESPN BET,-105.0,-115.0,0.489166,False
2025020267,2025,2025-11-12,UTA,BUF,ESPN BET,-195.0,165.0,0.636588,False
2025020268,2025,2025-11-12,CHI,NJD,ESPN BET,115.0,-135.0,0.447406,False
2025020269,2025,2025-11-13,TOR,LAK,ESPN BET,115.0,-135.0,0.447406,False
2025020270,2025,2025-11-13,MTL,DAL,ESPN BET,-120.0,100.0,0.521739,False
2025020271,2025,2025-11-13,OTT,BOS,ESPN BET,-160.0,135.0,0.591195,False
2025020272,2025,2025-11-13,DET,ANA,ESPN BET,-135.0,115.0,0.552594,False
2025020273,2025,2025-11-13,FLA,WSH,ESPN BET,-120.0,100.0,0.521739,False
2025020274,2025,2025-11-13,CBJ,EDM,ESPN BET,-130.0,110.0,0.542744,False
2025020275,2025,2025-11-13,COL,BUF,ESPN BET,-400.0,300.0,0.761905,False
2025020276,2025,2025-11-13,CGY,SJS,ESPN BET,-160.0,135.0,0.591195,False
2025020277,2025,2025-11-13,VGK,NYI,ESPN BET,-190.0,160.0,0.630102,False
2025020278,2025,2025-11-13,SEA,WPG,ESPN BET,125.0,-145.0,0.428884,False
2025020281,2025,2025-11-14,NSH,PIT,ESPN BET,115.0,-135.0,0.447406,False
2025020279,2025,2025-11-14,CAR,VAN,ESPN BET,-290.0,240.0,0.71657,False
2025020280,2025,2025-11-14,STL,PHI,ESPN BET,-140.0,120.0,0.562044,False
2025020282,2025,2025-11-14,UTA,NYI,ESPN BET,-215.0,180.0,0.656489,False
2025020283,2025,2025-11-15,FLA,TBL,ESPN BET,-145.0,125.0,0.571116,False
2025020284,2025,2025-11-15,MIN,ANA,ESPN BET,-120.0,100.0,0.521739,False
2025020285,2025,2025-11-15,MTL,BOS,ESPN BET,-155.0,135.0,0.588212,False
2025020286,2025,2025-11-15,OTT,LAK,ESPN BET,-110.0,-110.0,0.5,False
2025020287,2025,2025-11-15,DET,BUF,ESPN BET,-160.0,140.0,0.596273,False
2025020288,2025,2025-11-15,WSH,NJD,ESPN BET,-150.0,130.0,0.579832,False
2025020289,2025,2025-11-15,CAR,EDM,ESPN BET,-125.0,105.0,0.532468,False
2025020290,2025,2025-11-15,CBJ,NYR,ESPN BET,100.0,-120.0,0.478261,False
2025020291,2025,2025-11-15,CHI,TOR,ESPN BET,105.0,-125.0,0.467532,False
2025020292,2025,2025-11-15,STL,VGK,ESPN BET,140.0,-165.0,0.400908,False
2025020293,2025,2025-11-15,DAL,PHI,ESPN BET,-195.0,165.0,0.636588,False
2025020294,2025,2025-11-15,CGY,WPG,ESPN BET,110.0,-130.0,0.457256,False
2025020295,2025,2025-11-15,SEA,SJS,ESPN BET,-150.0,130.0,0.579832,False
2025020296,2025,2025-11-16,PIT,NSH,ESPN BET,-125.0,105.0,0.532468,False
2025020297,2025,2025-11-16,TBL,VAN,ESPN BET,-145.0,125.0,0.571116,False
2025020298,2025,2025-11-16,MIN,VGK,ESPN BET,105.0,-125.0,0.467532,False
2025020299,2025,2025-11-16,NYR,DET,ESPN BET,-135.0,115.0,0.552594,False
2025020300,2025,2025-11-16,COL,NYI,ESPN BET,-240.0,200.0,0.679245,False
2025020301,2025,2025-11-17,BOS,CAR,ESPN BET,170.0,-200.0,0.357143,False
2025020302,2025,2025-11-17,BUF,EDM,ESPN BET,130.0,-150.0,0.420168,False
2025020303,2025,2025-11-17,FLA,VAN,ESPN BET,-275.0,225.0,0.704433,False
2025020304,2025,2025-11-17,WSH,LAK,ESPN BET,-115.0,-105.0,0.510834,False
2025020305,2025,2025-11-17,CBJ,MTL,ESPN BET,-135.0,115.0,0.552594,False
2025020306,2025,2025-11-17,ANA,UTA,ESPN BET,-110.0,-110.0,0.5,False
2025020307,2025,2025-11-18,TOR,STL,ESPN BET,-110.0,-110.0,0.5,False
2025020308,2025,2025-11-18,DET,SEA,ESPN BET,-165.0,130.0,0.588829,False
2025020309,2025,2025-11-18,TBL,NJD,ESPN BET,-155.0,135.0,0.588212,False
2025020310,2025,2025-11-18,DAL,NYI,ESPN BET,-185.0,155.0,0.623389,False
2025020311,2025,2025-11-18,WPG,CBJ,ESPN BET,-170.0,145.0,0.606701,False
2025020312,2025,2025-11-18,CHI,CGY,ESPN BET,110.0,-130.0,0.457256,False
2025020313,2025,2025-11-18,VGK,NYR,ESPN BET,-140.0,120.0,0.562044,False
2025020314,2025,2025-11-18,SJS,UTA,ESPN BET,115.0,-135.0,0.447406,False
2025020315,2025,2025-11-19,WSH,EDM,ESPN BET,-125.0,105.0,0.532468,False
2025020316,2025,2025-11-19,BUF,CGY,ESPN BET,-150.0,130.0,0.579832,False
2025020317,2025,2025-11-19,MIN,CAR,ESPN BET,145.0,-170.0,0.393299,False
2025020318,2025,2025-11-19,ANA,BOS,ESPN BET,-175.0,150.0,0.614035,False
2025020319,2025,2025-11-20,TOR,CBJ,ESPN BET,100.0,-120.0,0.478261,False
2025020320,2025,2025-11-20,MTL,WSH,ESPN BET,-130.0,110.0,0.542744,False
2025020321,2025,2025-11-20,DET,NYI,ESPN BET,-125.0,105.0,0.532468,False
2025020323,2025,2025-11-20,FLA,NJD,ESPN BET,-150.0,130.0,0.579832,False
2025020324,2025,2025-11-20,PHI,STL,ESPN BET,-125.0,105.0,0.532468,False
2025020322,2025,2025-11-20,TBL,EDM,ESPN BET,-170.0,145.0,0.606701,False
2025020325,2025,2025-11-20,CHI,SEA,ESPN BET,-115.0,-105.0,0.510834,False
2025020326,2025,2025-11-20,COL,NYR,ESPN BET,-190.0,160.0,0.630102,False
2025020327,2025,2025-11-20,UTA,VGK,ESPN BET,-110.0,-110.0,0.5,False
2025020328,2025,2025-11-20,VAN,DAL,ESPN BET,125.0,-145.0,0.428884,False
2025020329,2025,2025-11-20,ANA,OTT,ESPN BET,125.0,-145.0,0.428884,False
2025020330,2025,2025-11-20,SJS,LAK,ESPN BET,145.0,-170.0,0.393299,False
2025020331,2025,2025-11-21,BUF,CHI,ESPN BET,-180.0,150.0,0.616438,False
2025020332,2025,2025-11-21,PIT,MIN,ESPN BET,-125.0,105.0,0.532468,False
2025020333,2025,2025-11-21,WPG,CAR,ESPN BET,145.0,-170.0,0.393299,False
2025020334,2025,2025-11-21,LAK,BOS,ESPN BET,-185.0,155.0,0.623389,False
2025020335,2025,2025-11-22,DET,CBJ,ESPN BET,-125.0,105.0,0.532468,False
2025020336,2025,2025-11-22,NYI,STL,ESPN BET,-140.0,120.0,0.562044,False
2025020337,2025,2025-11-22,MTL,TOR,ESPN BET,-140.0,120.0,0.562044,False
2025020338,2025,2025-11-22,FLA,EDM,ESPN BET,-125.0,105.0,0.532468,False
2025020339,2025,2025-11-22,PHI,NJD,ESPN BET,-110.0,-110.0,0.5,False
2025020340,2025,2025-11-22,PIT,SEA,ESPN BET,-125.0,105.0,0.532468,False
2025020341,2025,2025-11-22,WSH,TBL,ESPN BET,-120.0,100.0,0.521739,False
2025020342,2025,2025-11-22,SJS,OTT,ESPN BET,140.0,-165.0,0.400908,False
2025020343,2025,2025-11-22,NSH,COL,ESPN BET,180.0,-215.0,0.343511,False
2025020344,2025,2025-11-22,UTA,NYR,ESPN BET,-140.0,120.0,0.562044,False
2025020345,2025,2025-11-22,CGY,DAL,ESPN BET,115.0,-135.0,0.447406,False
2025020346,2025,2025-11-22,ANA,VGK,ESPN BET,130.0,-150.0,0.420168,False
2025020347,2025,2025-11-23,BUF,CAR,ESPN BET,165.0,-195.0,0.363412,False
2025020348,2025,2025-11-23,WPG,MIN,ESPN BET,-130.0,110.0,0.542744,False
2025020349,2025,2025-11-23,NYI,SEA,ESPN BET,-145.0,125.0,0.571116,False
2025020350,2025,2025-11-23,CHI,COL,ESPN BET,180.0,-215.0,0.343511,False
2025020351,2025,2025-11-23,SJS,BOS,ESPN BET,105.0,-125.0,0.467532,False
2025020352,2025,2025-11-23,VAN,CGY,ESPN BET,-130.0,110.0,0.542744,False
2025020353,2025,2025-11-24,TBL,PHI,ESPN BET,-175.0,150.0,0.614035,False
2025020354,2025,2025-11-24,NJD,DET,ESPN BET,-130.0,110.0,0.542744,False
2025020355,2025,2025-11-24,NYR,STL,ESPN BET,-140.0,120.0,0.562044,False
2025020356,2025,2025-11-24,WSH,CBJ,ESPN BET,-170.0,145.0,0.606701,False
2025020357,2025,2025-11-24,NSH,FLA,ESPN BET,115.0,-135.0,0.447406,False
2025020358,2025,2025-11-24,UTA,VGK,ESPN BET,-110.0,-110.0,0.5,False
2025020359,2025,2025-11-24,LAK,OTT,ESPN BET,-165.0,140.0,0.599092,False
2025020360,2025,2025-11-25,EDM,DAL,DraftKings,-135.0,114.0,0.551441,False
2025020361,2025,2025-11-26,DET,NSH,DraftKings,-162.0,136.0,0.59337,False
2025020362,2025,2025-11-26,TBL,CGY,DraftKings,-175.0,145.0,0.609236,False
2025020363,2025,2025-11-26,FLA,PHI,DraftKings,-185.0,154.0,0.622467,False
2025020364,2025,2025-11-26,NJD,STL,DraftKings,-135.0,114.0,0.551441,False
2025020365,2025,2025-11-26,NYI,BOS,ESPN BET,-155.0,135.0,0.588212,False
2025020366,2025,2025-11-26,PIT,BUF,ESPN BET,-115.0,-105.0,0.510834,False
2025020367,2025,2025-11-26,WSH,WPG,DraftKings,-148.0,124.0,0.57206,False
2025020368,2025,2025-11-26,CAR,NYR,DraftKings,-192.0,160.0,0.63094,False
2025020369,2025,2025-11-26,CBJ,TOR,DraftKings,-110.0,-110.0,0.5,False
2025020370,2025,2025-11-26,CHI,MIN,DraftKings,114.0,-135.0,0.448559,False
2025020371,2025,2025-11-26,COL,SJS,DraftKings,-395.0,310.0,0.765902,False
2025020372,2025,2025-11-26,UTA,MTL,DraftKings,-142.0,120.0,0.563492,False
2025020373,2025,2025-11-26,VGK,OTT,DraftKings,-180.0,150.0,0.616438,False
2025020374,2025,2025-11-26,ANA,VAN,DraftKings,-155.0,130.0,0.582993,False
2025020375,2025,2025-11-26,SEA,DAL,DraftKings,110.0,-130.0,0.457256,False
2025020377,2025,2025-11-28,DET,TBL,ESPN BET,110.0,-130.0,0.457256,False
2025020376,2025,2025-11-28,BOS,NYR,DraftKings,150.0,-180.0,0.383562,False
2025020378,2025,2025-11-28,MIN,COL,ESPN BET,165.0,-195.0,0.363412,False
2025020379,2025,2025-11-28,BUF,NJD,DraftKings,-112.0,-108.0,0.50433,False
2025020380,2025,2025-11-28,FLA,CGY,DraftKings,-185.0,154.0,0.622467,False
2025020381,2025,2025-11-28,NYI,PHI,ESPN BET,-140.0,120.0,0.562044,False
2025020382,2025,2025-11-28,STL,OTT,ESPN BET,-105.0,-115.0,0.489166,False
2025020383,2025,2025-11-28,VGK,MTL,ESPN BET,-200.0,165.0,0.638554,False
2025020384,2025,2025-11-28,ANA,LAK,ESPN BET,115.0,-135.0,0.447406,False
2025020385,2025,2025-11-28,SJS,VAN,DraftKings,102.0,-122.0,0.473913,False
2025020386,2025,2025-11-28,WSH,TOR,ESPN BET,-170.0,145.0,0.606701,False
2025020387,2025,2025-11-28,CAR,WPG,DraftKings,-198.0,164.0,0.636904,False
2025020388,2025,2025-11-28,CBJ,PIT,DraftKings,-135.0,114.0,0.551441,False
2025020389,2025,2025-11-28,CHI,NSH,DraftKings,102.0,-122.0,0.473913,False
2025020390,2025,2025-11-28,DAL,UTA,DraftKings,-130.0,110.0,0.542744,False
2025020391,2025,2025-11-29,NYR,TBL,ESPN BET,-130.0,110.0,0.542744,False
2025020392,2025,2025-11-29,COL,MTL,DraftKings,-258.0,210.0,0.690793,False
2025020393,2025,2025-11-29,SEA,EDM,DraftKings,130.0,-155.0,0.417007,False
2025020394,2025,2025-11-29,BOS,DET,DraftKings,130.0,-155.0,0.417007,False
2025020395,2025,2025-11-29,NJD,PHI,ESPN BET,-140.0,120.0,0.562044,False
2025020396,2025,2025-11-29,PIT,TOR,DraftKings,-112.0,-108.0,0.50433,False
2025020397,2025,2025-11-29,NSH,WPG,DraftKings,114.0,-135.0,0.448559,False
2025020398,2025,2025-11-29,STL,UTA,ESPN BET,110.0,-130.0,0.457256,False
2025020399,2025,2025-11-29,MIN,BUF,ESPN BET,-140.0,120.0,0.562044,False
2025020400,2025,2025-11-29,VGK,SJS,DraftKings,-345.0,275.0,0.744069,False
2025020401,2025,2025-11-29,LAK,VAN,ESPN BET,-170.0,145.0,0.606701,False
2025020402,2025,2025-11-30,NYI,WSH,ESPN BET,115.0,-130.0,0.451423,False
2025020403,2025,2025-11-30,CHI,ANA,ESPN BET,-105.0,-115.0,0.489166,False
2025020404,2025,2025-11-30,CAR,CGY,ESPN BET,-260.0,215.0,0.694656,False
2025020405,2025,2025-11-30,DAL,OTT,DraftKings,-130.0,110.0,0.542744,False
2025020406,2025,2025-12-01,NJD,CBJ,DraftKings,-148.0,124.0,0.57206,False
2025020407,2025,2025-12-01,PHI,PIT,DraftKings,-135.0,114.0,0.551441,False
2025020408,2025,2025-12-01,BUF,WPG,DraftKings,-115.0,-105.0,0.510834,False
2025020409,2025,2025-12-01,STL,ANA,DraftKings,-148.0,124.0,0.57206,False
2025020410,2025,2025-12-01,SJS,UTA,DraftKings,154.0,-185.0,0.377533,False
2025020411,2025,2025-12-02,MTL,OTT,DraftKings,105.0,-125.0,0.467532,False
2025020412,2025,2025-12-02,DET,BOS,DraftKings,-192.0,160.0,0.63094,False
2025020414,2025,2025-12-02,NYI,TBL,DraftKings,102.0,-122.0,0.473913,False
2025020415,2025,2025-12-02,NYR,DAL,DraftKings,105.0,-125.0,0.467532,False
2025020413,2025,2025-12-02,FLA,TOR,DraftKings,-170.0,142.0,0.603757,False
2025020416,2025,2025-12-02,NSH,CGY,DraftKings,-125.0,105.0,0.532468,False
2025020417,2025,2025-12-02,COL,VAN,DraftKings,-355.0,280.0,0.747783,False
2025020418,2025,2025-12-02,EDM,MIN,DraftKings,-148.0,124.0,0.57206,False
2025020419,2025,2025-12-02,VGK,CHI,DraftKings,-278.0,225.0,0.705033,False
2025020420,2025,2025-12-02,LAK,WSH,DraftKings,-120.0,100.0,0.521739,False
2025020421,2025,2025-12-03,NJD,DAL,DraftKings,-115.0,-105.0,0.510834,False
2025020422,2025,2025-12-03,MTL,WPG,DraftKings,114.0,-135.0,0.448559,False
2025020423,2025,2025-12-03,PHI,BUF,DraftKings,105.0,-125.0,0.467532,False
2025020424,2025,2025-12-03,ANA,UTA,DraftKings,-108.0,-112.0,0.49567,False
2025020425,2025,2025-12-03,SJS,WSH,DraftKings,124.0,-148.0,0.42794,False
2025020426,2025,2025-12-04,BOS,STL,DraftKings,120.0,-142.0,0.436508,False
2025020427,2025,2025-12-04,OTT,NYR,DraftKings,-135.0,114.0,0.551441,False
2025020428,2025,2025-12-04,TBL,PIT,DraftKings,-155.0,130.0,0.582993,False
2025020429,2025,2025-12-04,FLA,NSH,DraftKings,-185.0,154.0,0.622467,False
2025020430,2025,2025-12-04,NYI,COL,DraftKings,154.0,-185.0,0.377533,False
2025020431,2025,2025-12-04,CAR,TOR,DraftKings,-205.0,170.0,0.644729,False
2025020432,2025,2025-12-04,CBJ,DET,DraftKings,-120.0,100.0,0.521739,False
2025020433,2025,2025-12-04,CGY,MIN,DraftKings,102.0,-122.0,0.473913,False
2025020434,2025,2025-12-04,EDM,SEA,DraftKings,-198.0,164.0,0.636904,False
2025020435,2025,2025-12-04,LAK,CHI,DraftKings,-198.0,164.0,0.636904,False
2025020436,2025,2025-12-05,NJD,VGK,DraftKings,120.0,-142.0,0.436508,False
2025020437,2025,2025-12-05,WPG,BUF,DraftKings,-125.0,105.0,0.532468,False
2025020438,2025,2025-12-05,DAL,SJS,DraftKings,-278.0,225.0,0.705033,False
2025020439,2025,2025-12-05,VAN,UTA,DraftKings,114.0,-135.0,0.448559,False
2025020440,2025,2025-12-05,ANA,WSH,DraftKings,114.0,-135.0,0.448559,False
2025020441,2025,2025-12-06,NYR,COL,DraftKings,145.0,-175.0,0.390764,False
2025020442,2025,2025-12-06,FLA,CBJ,DraftKings,-162.0,136.0,0.59337,False
2025020443,2025,2025-12-06,BOS,NJD,DraftKings,100.0,-120.0,0.478261,False
2025020444,2025,2025-12-06,TOR,MTL,DraftKings,-142.0,120.0,0.563492,False
2025020445,2025,2025-12-06,OTT,STL,DraftKings,-155.0,130.0,0.582993,False
2025020446,2025,2025-12-06,TBL,NYI,DraftKings,-142.0,120.0,0.563492,False
2025020447,2025,2025-12-06,CAR,NSH,DraftKings,-225.0,185.0,0.663648,False
2025020448,2025,2025-12-06,CGY,UTA,DraftKings,-135.0,114.0,0.551441,False
2025020449,2025,2025-12-06,LAK,CHI,DraftKings,-198.0,164.0,0.636904,False
2025020450,2025,2025-12-06,EDM,WPG,DraftKings,-192.0,160.0,0.63094,False
2025020451,2025,2025-12-06,VAN,MIN,DraftKings,136.0,-162.0,0.40663,False
2025020452,2025,2025-12-06,SEA,DET,DraftKings,100.0,-120.0,0.478261,False
2025020453,2025,2025-12-07,PHI,COL,DraftKings,136.0,-162.0,0.40663,False
2025020454,2025,2025-12-07,FLA,NYI,DraftKings,-162.0,136.0,0.59337,False
2025020455,2025,2025-12-07,CAR,SJS,DraftKings,-340.0,270.0,0.740872,False
2025020456,2025,2025-12-07,DAL,PIT,DraftKings,-180.0,150.0,0.616438,False
2025020457,2025,2025-12-07,MTL,STL,DraftKings,-130.0,110.0,0.542744,False
2025020458,2025,2025-12-07,NYR,VGK,DraftKings,145.0,-175.0,0.390764,False
2025020459,2025,2025-12-07,WSH,CBJ,DraftKings,-180.0,150.0,0.616438,False
2025020460,2025,2025-12-07,ANA,CHI,DraftKings,-198.0,164.0,0.636904,False
2025020461,2025,2025-12-08,TOR,TBL,DraftKings,110.0,-130.0,0.457256,False
2025020462,2025,2025-12-08,UTA,LAK,DraftKings,-108.0,-112.0,0.49567,False
2025020463,2025,2025-12-08,CGY,BUF,DraftKings,-110.0,-110.0,0.5,False
2025020464,2025,2025-12-08,VAN,DET,DraftKings,110.0,-130.0,0.457256,False
2025020465,2025,2025-12-08,SEA,MIN,DraftKings,114.0,-135.0,0.448559,False
2025020466,2025,2025-12-09,MTL,TBL,DraftKings,-108.0,-112.0,0.49567,False
2025020467,2025,2025-12-09,OTT,NJD,DraftKings,-155.0,130.0,0.582993,False
2025020468,2025,2025-12-09,NYI,VGK,DraftKings,130.0,-155.0,0.417007,False
2025020469,2025,2025-12-09,PHI,SJS,DraftKings,-180.0,150.0,0.616438,False
2025020470,2025,2025-12-09,PIT,ANA,DraftKings,-108.0,-112.0,0.49567,False
2025020471,2025,2025-12-09,CAR,CBJ,DraftKings,-218.0,180.0,0.657475,False
2025020472,2025,2025-12-09,STL,BOS,DraftKings,-125.0,105.0,0.532468,False
2025020473,2025,2025-12-09,WPG,DAL,DraftKings,124.0,-148.0,0.42794,False
2025020474,2025,2025-12-09,EDM,BUF,DraftKings,-205.0,170.0,0.644729,False
2025020475,2025,2025-12-09,NSH,COL,DraftKings,170.0,-205.0,0.355271,False
2025020476,2025,2025-12-10,CHI,NYR,DraftKings,124.0,-148.0,0.42794,False
2025020477,2025,2025-12-10,CGY,DET,DraftKings,-105.0,-115.0,0.489166,False
2025020478,2025,2025-12-10,UTA,FLA,DraftKings,-105.0,-115.0,0.489166,False
2025020479,2025,2025-12-10,SEA,LAK,DraftKings,124.0,-148.0,0.42794,False
2025020480,2025,2025-12-11,TOR,SJS,DraftKings,-205.0,170.0,0.644729,False
2025020481,2025,2025-12-11,NJD,TBL,DraftKings,114.0,-135.0,0.448559,False
2025020482,2025,2025-12-11,NYI,ANA,DraftKings,-115.0,-105.0,0.510834,False
2025020483,2025,2025-12-11,PHI,VGK,DraftKings,136.0,-162.0,0.40663,False
2025020485,2025,2025-12-11,WSH,CAR,DraftKings,-105.0,-115.0,0.489166,False
2025020486,2025,2025-12-11,CBJ,OTT,DraftKings,110.0,-130.0,0.457256,False
2025020484,2025,2025-12-11,PIT,MTL,DraftKings,-135.0,114.0,0.551441,False
2025020487,2025,2025-12-11,NSH,STL,DraftKings,-135.0,114.0,0.551441,False
2025020488,2025,2025-12-11,MIN,DAL,DraftKings,110.0,-130.0,0.457256,False
2025020489,2025,2025-12-11,WPG,BOS,DraftKings,-155.0,130.0,0.582993,False
2025020491,2025,2025-12-11,EDM,DET,DraftKings,-185.0,154.0,0.622467,False
2025020490,2025,2025-12-11,COL,FLA,DraftKings,-238.0,195.0,0.675031,False
2025020492,2025,2025-12-11,VAN,BUF,DraftKings,-105.0,-115.0,0.489166,False
2025020493,2025,2025-12-12,STL,CHI,DraftKings,-105.0,-115.0,0.489166,False
2025020494,2025,2025-12-12,UTA,SEA,DraftKings,-192.0,160.0,0.63094,False
2025020495,2025,2025-12-13,NJD,ANA,DraftKings,-110.0,-110.0,0.5,False
2025020496,2025,2025-12-13,MIN,OTT,DraftKings,-120.0,100.0,0.521739,False
2025020497,2025,2025-12-13,PIT,SJS,DraftKings,-180.0,150.0,0.616438,False
2025020498,2025,2025-12-13,NYI,TBL,DraftKings,110.0,-130.0,0.457256,False
2025020499,2025,2025-12-13,TOR,EDM,DraftKings,110.0,-130.0,0.457256,False
2025020500,2025,2025-12-13,NYR,MTL,DraftKings,-135.0,114.0,0.551441,False
2025020501,2025,2025-12-13,PHI,CAR,DraftKings,150.0,-180.0,0.383562,False
2025020502,2025,2025-12-13,CBJ,VGK,DraftKings,120.0,-142.0,0.436508,False
2025020503,2025,2025-12-13,WPG,WSH,DraftKings,100.0,-120.0,0.478261,False
2025020504,2025,2025-12-13,CHI,DET,DraftKings,160.0,-192.0,0.36906,False
2025020505,2025,2025-12-13,DAL,FLA,DraftKings,-142.0,120.0,0.563492,False
2025020506,2025,2025-12-13,COL,NSH,DraftKings,-375.0,295.0,0.757188,False
2025020507,2025,2025-12-13,LAK,CGY,DraftKings,-175.0,145.0,0.609236,False
2025020508,2025,2025-12-14,NJD,VAN,DraftKings,-125.0,105.0,0.532468,False
2025020509,2025,2025-12-14,PIT,UTA,DraftKings,110.0,-130.0,0.457256,False
2025020510,2025,2025-12-14,CAR,PHI,DraftKings,-250.0,205.0,0.685393,False
2025020511,2025,2025-12-14,MIN,BOS,DraftKings,-130.0,110.0,0.542744,False
2025020512,2025,2025-12-14,MTL,EDM,DraftKings,114.0,-135.0,0.448559,False
2025020513,2025,2025-12-14,SEA,BUF,DraftKings,110.0,-130.0,0.457256,False
2025020514,2025,2025-12-15,TBL,FLA,DraftKings,-120.0,100.0,0.521739,False
2025020515,2025,2025-12-15,NYR,ANA,DraftKings,-112.0,-108.0,0.50433,False
2025020516,2025,2025-12-15,WPG,OTT,DraftKings,-130.0,110.0,0.542744,False
2025020517,2025,2025-12-15,STL,NSH,DraftKings,-110.0,-110.0,0.5,False
2025020518,2025,2025-12-15,DAL,LAK,DraftKings,-135.0,114.0,0.551441,False
2025020519,2025,2025-12-16,BOS,UTA,DraftKings,-112.0,-108.0,0.50433,False
2025020520,2025,2025-12-16,TOR,CHI,DraftKings,-205.0,170.0,0.644729,False
2025020521,2025,2025-12-16,MTL,PHI,DraftKings,-120.0,100.0,0.521739,False
2025020522,2025,2025-12-16,DET,NYI,DraftKings,-125.0,105.0,0.532468,False
2025020523,2025,2025-12-16,NYR,VAN,DraftKings,-122.0,102.0,0.526087,False
2025020525,2025,2025-12-16,CBJ,ANA,DraftKings,-142.0,120.0,0.563492,False
2025020524,2025,2025-12-16,PIT,EDM,DraftKings,120.0,-142.0,0.436508,False
2025020526,2025,2025-12-16,MIN,WSH,DraftKings,-115.0,-105.0,0.510834,False
2025020527,2025,2025-12-16,SJS,CGY,DraftKings,130.0,-155.0,0.417007,False
2025020528,2025,2025-12-16,SEA,COL,DraftKings,260.0,-325.0,0.266458,False
2025020529,2025,2025-12-17,FLA,LAK,DraftKings,-148.0,124.0,0.57206,False
2025020530,2025,2025-12-17,DET,UTA,DraftKings,-120.0,100.0,0.521739,False
2025020531,2025,2025-12-17,STL,WPG,DraftKings,130.0,-155.0,0.417007,False
2025020532,2025,2025-12-17,NSH,CAR,DraftKings,150.0,-180.0,0.383562,False
2025020533,2025,2025-12-17,VGK,NJD,DraftKings,-166.0,140.0,0.599639,False
2025020534,2025,2025-12-18,BOS,EDM,DraftKings,114.0,-135.0,0.448559,False
2025020536,2025,2025-12-18,MTL,CHI,DraftKings,-175.0,145.0,0.609236,False
2025020537,2025,2025-12-18,OTT,PIT,DraftKings,-170.0,142.0,0.603757,False
2025020538,2025,2025-12-18,TBL,LAK,DraftKings,-230.0,190.0,0.669007,False
2025020539,2025,2025-12-18,WSH,TOR,DraftKings,-155.0,130.0,0.582993,False
2025020540,2025,2025-12-18,CBJ,MIN,DraftKings,-108.0,-112.0,0.49567,False
2025020535,2025,2025-12-18,BUF,PHI,DraftKings,-155.0,130.0,0.582993,False
2025020541,2025,2025-12-18,STL,NYR,DraftKings,120.0,-142.0,0.436508,False
2025020542,2025,2025-12-18,CGY,SEA,DraftKings,-175.0,145.0,0.609236,False
2025020543,2025,2025-12-18,SJS,DAL,DraftKings,164.0,-198.0,0.363096,False
2025020544,2025,2025-12-19,FLA,CAR,DraftKings,114.0,-135.0,0.448559,False
2025020545,2025,2025-12-19,NYI,VAN,DraftKings,-142.0,120.0,0.563492,False
2025020546,2025,2025-12-19,COL,WPG,DraftKings,-218.0,180.0,0.657475,False
2025020547,2025,2025-12-19,UTA,NJD,DraftKings,-142.0,120.0,0.563492,False
2025020548,2025,2025-12-19,ANA,DAL,DraftKings,-112.0,-108.0,0.50433,False
2025020549,2025,2025-12-20,NYR,PHI,DraftKings,-155.0,130.0,0.582993,False
2025020550,2025,2025-12-20,WSH,DET,DraftKings,-162.0,136.0,0.59337,False
2025020551,2025,2025-12-20,OTT,CHI,DraftKings,-278.0,225.0,0.705033,False
2025020552,2025,2025-12-20,MIN,EDM,DraftKings,-135.0,114.0,0.551441,False
2025020553,2025,2025-12-20,BUF,NYI,DraftKings,-170.0,142.0,0.603757,False
2025020554,2025,2025-12-20,FLA,STL,DraftKings,-180.0,150.0,0.616438,False
2025020555,2025,2025-12-20,BOS,VAN,DraftKings,-185.0,154.0,0.622467,False
2025020556,2025,2025-12-20,MTL,PIT,DraftKings,-130.0,110.0,0.542744,False
2025020557,2025,2025-12-20,TBL,CAR,DraftKings,-135.0,114.0,0.551441,False
2025020558,2025,2025-12-20,NSH,TOR,DraftKings,-110.0,-110.0,0.5,False
2025020559,2025,2025-12-20,CGY,VGK,DraftKings,110.0,-130.0,0.457256,False
2025020560,2025,2025-12-20,ANA,CBJ,DraftKings,-122.0,102.0,0.526087,False
2025020561,2025,2025-12-20,SJS,SEA,DraftKings,-130.0,110.0,0.542744,False
2025020562,2025,2025-12-21,DET,WSH,DraftKings,-115.0,-105.0,0.510834,False
2025020563,2025,2025-12-21,MIN,COL,DraftKings,142.0,-170.0,0.396243,False
2025020564,2025,2025-12-21,BOS,OTT,DraftKings,124.0,-148.0,0.42794,False
2025020565,2025,2025-12-21,NJD,BUF,DraftKings,-180.0,150.0,0.616438,False
2025020566,2025,2025-12-21,PIT,MTL,DraftKings,-115.0,-105.0,0.510834,False
2025020567,2025,2025-12-21,NSH,NYR,DraftKings,-112.0,-108.0,0.50433,False
2025020568,2025,2025-12-21,DAL,TOR,DraftKings,-218.0,180.0,0.657475,False
2025020569,2025,2025-12-21,UTA,WPG,DraftKings,-122.0,102.0,0.526087,False
2025020570,2025,2025-12-21,EDM,VGK,DraftKings,-125.0,105.0,0.532468,False
2025020571,2025,2025-12-22,TBL,STL,DraftKings,-250.0,205.0,0.685393,False
2025020572,2025,2025-12-22,PHI,VAN,DraftKings,-148.0,124.0,0.57206,False
2025020573,2025,2025-12-22,ANA,SEA,DraftKings,-185.0,154.0,0.622467,False
2025020574,2025,2025-12-22,LAK,CBJ,DraftKings,-162.0,136.0,0.59337,False
2025020575,2025,2025-12-23,TOR,PIT,DraftKings,-130.0,110.0,0.542744,False
2025020579,2025,2025-12-23,DET,DAL,DraftKings,105.0,-125.0,0.467532,False
2025020576,2025,2025-12-23,WSH,NYR,DraftKings,-162.0,136.0,0.59337,False
2025020577,2025,2025-12-23,BOS,MTL,DraftKings,-120.0,100.0,0.521739,False
2025020578,2025,2025-12-23,OTT,BUF,DraftKings,-166.0,140.0,0.599639,False
2025020580,2025,2025-12-23,NYI,NJD,DraftKings,110.0,-130.0,0.457256,False
2025020581,2025,2025-12-23,CAR,FLA,DraftKings,-142.0,120.0,0.563492,False
2025020582,2025,2025-12-23,MIN,NSH,DraftKings,-185.0,154.0,0.622467,False
2025020583,2025,2025-12-23,CHI,PHI,DraftKings,100.0,-120.0,0.478261,False
2025020584,2025,2025-12-23,COL,UTA,DraftKings,-270.0,220.0,0.700162,False
2025020585,2025,2025-12-23,EDM,CGY,DraftKings,-162.0,136.0,0.59337,False
2025020586,2025,2025-12-23,VGK,SJS,DraftKings,-198.0,164.0,0.636904,False
2025020587,2025,2025-12-23,LAK,SEA,DraftKings,-218.0,180.0,0.657475,False
2025020588,2025,2025-12-27,NYI,NYR,DraftKings,-105.0,-115.0,0.489166,False
2025020589,2025,2025-12-27,BUF,BOS,DraftKings,-135.0,114.0,0.551441,False
2025020590,2025,2025-12-27,TOR,OTT,DraftKings,105.0,-125.0,0.467532,False
2025020591,2025,2025-12-27,FLA,TBL,DraftKings,-102.0,-118.0,0.482636,False
2025020592,2025,2025-12-27,NJD,WSH,DraftKings,-120.0,100.0,0.521739,False
2025020593,2025,2025-12-27,CAR,DET,DraftKings,-170.0,142.0,0.603757,False
2025020594,2025,2025-12-27,WPG,MIN,DraftKings,-105.0,-115.0,0.489166,False
2025020595,2025,2025-12-27,STL,NSH,DraftKings,-118.0,-102.0,0.517364,False
2025020596,2025,2025-12-27,DAL,CHI,DraftKings,-360.0,285.0,0.750813,False
2025020597,2025,2025-12-27,LAK,ANA,DraftKings,-125.0,105.0,0.532468,False
2025020598,2025,2025-12-27,CGY,EDM,DraftKings,124.0,-148.0,0.42794,False
2025020599,2025,2025-12-27,VAN,SJS,DraftKings,-148.0,124.0,0.57206,False
2025020600,2025,2025-12-27,VGK,COL,DraftKings,130.0,-155.0,0.417007,False
2025020602,2025,2025-12-28,TBL,MTL,DraftKings,-148.0,124.0,0.57206,False
2025020603,2025,2025-12-28,CBJ,NYI,DraftKings,-142.0,120.0,0.563492,False
2025020601,2025,2025-12-28,DET,TOR,DraftKings,-142.0,120.0,0.563492,False
2025020604,2025,2025-12-28,CHI,PIT,DraftKings,130.0,-155.0,0.417007,False
2025020605,2025,2025-12-28,SEA,PHI,DraftKings,120.0,-142.0,0.436508,False
2025020607,2025,2025-12-29,FLA,WSH,DraftKings,-125.0,105.0,0.532468,False
2025020608,2025,2025-12-29,CAR,NYR,DraftKings,-175.0,145.0,0.609236,False
2025020606,2025,2025-12-29,OTT,CBJ,DraftKings,-218.0,180.0,0.657475,False
2025020609,2025,2025-12-29,WPG,EDM,DraftKings,-105.0,-115.0,0.489166,False
2025020610,2025,2025-12-29,STL,BUF,DraftKings,-105.0,-115.0,0.489166,False
2025020611,2025,2025-12-29,COL,LAK,DraftKings,-225.0,185.0,0.663648,False
2025020612,2025,2025-12-29,UTA,NSH,DraftKings,-142.0,120.0,0.563492,False
2025020613,2025,2025-12-29,CGY,BOS,DraftKings,-130.0,110.0,0.542744,False
2025020614,2025,2025-12-29,VGK,MIN,DraftKings,-115.0,-105.0,0.510834,False
2025020615,2025,2025-12-29,ANA,SJS,DraftKings,-170.0,142.0,0.603757,False
2025020616,2025,2025-12-29,SEA,VAN,DraftKings,-102.0,-118.0,0.482636,False
2025020617,2025,2025-12-30,TOR,NJD,DraftKings,120.0,-142.0,0.436508,False
2025020618,2025,2025-12-30,FLA,MTL,DraftKings,-125.0,105.0,0.532468,False
2025020619,2025,2025-12-30,PIT,CAR,DraftKings,110.0,-130.0,0.457256,False
2025020620,2025,2025-12-30,CHI,NYI,DraftKings,114.0,-135.0,0.448559,False
2025020621,2025,2025-12-30,VAN,PHI,DraftKings,124.0,-148.0,0.42794,False
2025020622,2025,2025-12-31,WSH,NYR,DraftKings,-135.0,114.0,0.551441,False
2025020623,2025,2025-12-31,VGK,NSH,DraftKings,-175.0,145.0,0.609236,False
2025020624,2025,2025-12-31,ANA,TBL,DraftKings,130.0,-155.0,0.417007,False
2025020625,2025,2025-12-31,SJS,MIN,DraftKings,150.0,-180.0,0.383562,False
2025020626,2025,2025-12-31,DET,WPG,DraftKings,-102.0,-118.0,0.482636,False
2025020627,2025,2025-12-31,CBJ,NJD,DraftKings,-118.0,-102.0,0.517364,False
2025020628,2025,2025-12-31,DAL,BUF,DraftKings,-155.0,130.0,0.582993,False
2025020629,2025,2025-12-31,COL,STL,DraftKings,-360.0,285.0,0.750813,False
2025020630,2025,2025-12-31,CGY,PHI,DraftKings,-135.0,114.0,0.551441,False
2025020631,2025,2025-12-31,EDM,BOS,DraftKings,-185.0,154.0,0.622467,False
2025020632,2025,2026-01-01,OTT,WSH,DraftKings,-155.0,130.0,0.582993,False
2025020633,2025,2026-01-01,NYI,UTA,DraftKings,105.0,-125.0,0.467532,False
2025020634,2025,2026-01-01,TOR,WPG,DraftKings,-130.0,110.0,0.542744,False
2025020635,2025,2026-01-01,PIT,DET,DraftKings,-135.0,114.0,0.551441,False
2025020636,2025,2026-01-01,CAR,MTL,DraftKings,-166.0,140.0,0.599639,False
2025020639,2025,2026-01-01,LAK,TBL,DraftKings,-125.0,105.0,0.532468,False
2025020637,2025,2026-01-01,CHI,DAL,DraftKings,154.0,-185.0,0.377533,False
2025020638,2025,2026-01-01,SEA,NSH,DraftKings,-105.0,-115.0,0.489166,False
2025020640,2025,2026-01-02,STL,VGK,DraftKings,130.0,-155.0,0.417007,False
2025020641,2025,2026-01-02,FLA,NYR,DraftKings,-135.0,114.0,0.551441,False
2025020642,2025,2026-01-02,VAN,SEA,DraftKings,-142.0,120.0,0.563492,False
2025020643,2025,2026-01-02,ANA,MIN,DraftKings,120.0,-142.0,0.436508,False
2025020644,2025,2026-01-03,DET,PIT,DraftKings,-135.0,114.0,0.551441,False
2025020645,2025,2026-01-03,NJD,UTA,DraftKings,-118.0,-102.0,0.517364,False
2025020646,2025,2026-01-03,CBJ,BUF,DraftKings,-110.0,-110.0,0.5,False
2025020647,2025,2026-01-03,EDM,PHI,DraftKings,-155.0,130.0,0.582993,False
2025020648,2025,2026-01-03,STL,MTL,DraftKings,130.0,-155.0,0.417007,False
2025020649,2025,2026-01-03,SJS,TBL,DraftKings,180.0,-218.0,0.342525,False
2025020650,2025,2026-01-03,OTT,WPG,DraftKings,-120.0,100.0,0.521739,False
2025020651,2025,2026-01-03,NYI,TOR,DraftKings,-105.0,-115.0,0.489166,False
2025020652,2025,2026-01-03,WSH,CHI,DraftKings,-250.0,205.0,0.685393,False
2025020653,2025,2026-01-03,CAR,COL,DraftKings,124.0,-148.0,0.42794,False
2025020654,2025,2026-01-03,CGY,NSH,DraftKings,-115.0,-105.0,0.510834,False
2025020655,2025,2026-01-03,LAK,MIN,DraftKings,-122.0,102.0,0.526087,False
2025020656,2025,2026-01-03,VAN,BOS,DraftKings,120.0,-142.0,0.436508,False
2025020657,2025,2026-01-04,DAL,MTL,DraftKings,-185.0,154.0,0.622467,False
2025020658,2025,2026-01-04,CBJ,PIT,DraftKings,-130.0,110.0,0.542744,False
2025020659,2025,2026-01-04,FLA,COL,DraftKings,124.0,-148.0,0.42794,False
2025020660,2025,2026-01-04,NJD,CAR,DraftKings,105.0,-125.0,0.467532,False
2025020661,2025,2026-01-04,CHI,VGK,DraftKings,215.0,-265.0,0.30423,False
2025020662,2025,2026-01-05,NYR,UTA,DraftKings,-108.0,-112.0,0.49567,False
2025020663,2025,2026-01-05,WSH,ANA,DraftKings,-130.0,110.0,0.542744,False
2025020664,2025,2026-01-05,OTT,DET,DraftKings,-162.0,136.0,0.59337,False
2025020665,2025,2026-01-05,CGY,SEA,DraftKings,-155.0,130.0,0.582993,False
2025020666,2025,2026-01-05,LAK,MIN,DraftKings,102.0,-122.0,0.473913,False
2025020667,2025,2026-01-06,BUF,VAN,DraftKings,-170.0,142.0,0.603757,False
2025020668,2025,2026-01-06,TBL,COL,DraftKings,-102.0,-118.0,0.482636,False
2025020670,2025,2026-01-06,PHI,ANA,DraftKings,-155.0,130.0,0.582993,False
2025020671,2025,2026-01-06,CAR,DAL,DraftKings,-142.0,120.0,0.563492,False
2025020669,2025,2026-01-06,NYI,NJD,DraftKings,102.0,-122.0,0.473913,False
2025020672,2025,2026-01-06,TOR,FLA,DraftKings,114.0,-135.0,0.448559,False
2025020673,2025,2026-01-06,WPG,VGK,DraftKings,-118.0,-102.0,0.517364,False
2025020674,2025,2026-01-06,EDM,NSH,DraftKings,-148.0,124.0,0.57206,False
2025020675,2025,2026-01-06,SJS,CBJ,DraftKings,120.0,-142.0,0.436508,False
2025020676,2025,2026-01-06,SEA,BOS,DraftKings,100.0,-120.0,0.478261,False
2025020677,2025,2026-01-07,WSH,DAL,DraftKings,-122.0,102.0,0.526087,False
2025020678,2025,2026-01-07,MTL,CGY,DraftKings,-135.0,114.0,0.551441,False
2025020679,2025,2026-01-07,CHI,STL,DraftKings,102.0,-122.0,0.473913,False
2025020680,2025,2026-01-07,UTA,OTT,DraftKings,-118.0,-102.0,0.517364,False
2025020681,2025,2026-01-07,LAK,SJS,DraftKings,-230.0,190.0,0.669007,False
2025020682,2025,2026-01-08,BOS,CGY,DraftKings,-130.0,110.0,0.542744,False
2025020683,2025,2026-01-08,MTL,FLA,DraftKings,-108.0,-112.0,0.49567,False
2025020684,2025,2026-01-08,DET,VAN,DraftKings,-148.0,124.0,0.57206,False
2025020685,2025,2026-01-08,NYR,BUF,DraftKings,105.0,-125.0,0.467532,False
2025020686,2025,2026-01-08,PHI,TOR,DraftKings,-122.0,102.0,0.526087,False
2025020687,2025,2026-01-08,PIT,NJD,DraftKings,-105.0,-115.0,0.489166,False
2025020688,2025,2026-01-08,CAR,ANA,DraftKings,-230.0,190.0,0.669007,False
2025020689,2025,2026-01-08,NSH,NYI,DraftKings,-142.0,120.0,0.563492,False
2025020690,2025,2026-01-08,WPG,EDM,DraftKings,-105.0,-115.0,0.489166,False
2025020691,2025,2026-01-08,COL,OTT,DraftKings,-290.0,235.0,0.713551,False
2025020692,2025,2026-01-08,VGK,CBJ,DraftKings,-135.0,114.0,0.551441,False
2025020693,2025,2026-01-08,SEA,MIN,DraftKings,142.0,-170.0,0.396243,False
2025020694,2025,2026-01-09,CHI,WSH,DraftKings,114.0,-135.0,0.448559,False
2025020695,2025,2026-01-09,WPG,LAK,DraftKings,114.0,-135.0,0.448559,False
2025020696,2025,2026-01-09,UTA,STL,DraftKings,-192.0,160.0,0.63094,False
2025020697,2025,2026-01-10,BOS,NYR,DraftKings,-130.0,110.0,0.542744,False
2025020698,2025,2026-01-10,PIT,CGY,DraftKings,-148.0,124.0,0.57206,False
2025020699,2025,2026-01-10,COL,CBJ,DraftKings,-285.0,230.0,0.709544,False
2025020700,2025,2026-01-10,SJS,DAL,DraftKings,136.0,-162.0,0.40663,False
2025020701,2025,2026-01-10,BUF,ANA,DraftKings,-148.0,124.0,0.57206,False
2025020702,2025,2026-01-10,TOR,VAN,DraftKings,-162.0,136.0,0.59337,False
2025020703,2025,2026-01-10,MTL,DET,DraftKings,-135.0,114.0,0.551441,False
2025020704,2025,2026-01-10,OTT,FLA,DraftKings,-125.0,105.0,0.532468,False
2025020705,2025,2026-01-10,PHI,TBL,DraftKings,154.0,-185.0,0.377533,False
2025020706,2025,2026-01-10,CAR,SEA,DraftKings,-305.0,245.0,0.722079,False
2025020707,2025,2026-01-10,NSH,CHI,DraftKings,-218.0,180.0,0.657475,False
2025020708,2025,2026-01-10,MIN,NYI,DraftKings,-155.0,130.0,0.582993,False
2025020709,2025,2026-01-10,EDM,LAK,DraftKings,-180.0,150.0,0.616438,False
2025020710,2025,2026-01-10,VGK,STL,DraftKings,-278.0,225.0,0.705033,False
2025020711,2025,2026-01-11,WPG,NJD,DraftKings,-130.0,110.0,0.542744,False
2025020712,2025,2026-01-11,BOS,PIT,DraftKings,100.0,-120.0,0.478261,False
2025020713,2025,2026-01-11,NSH,WSH,DraftKings,110.0,-130.0,0.457256,False
2025020714,2025,2026-01-11,UTA,CBJ,DraftKings,-175.0,145.0,0.609236,False
2025020715,2025,2026-01-11,SJS,VGK,DraftKings,120.0,-142.0,0.436508,False
2025020716,2025,2026-01-12,BUF,FLA,DraftKings,-120.0,100.0,0.521739,False
2025020717,2025,2026-01-12,DET,CAR,DraftKings,130.0,-155.0,0.417007,False
2025020718,2025,2026-01-12,NYR,SEA,DraftKings,-142.0,120.0,0.563492,False
2025020719,2025,2026-01-12,PHI,TBL,DraftKings,120.0,-142.0,0.436508,False
2025020720,2025,2026-01-12,MTL,VAN,DraftKings,-192.0,160.0,0.63094,False
2025020721,2025,2026-01-12,MIN,NJD,DraftKings,-175.0,145.0,0.609236,False
2025020722,2025,2026-01-12,CHI,EDM,DraftKings,150.0,-180.0,0.383562,False
2025020723,2025,2026-01-12,COL,TOR,DraftKings,-238.0,195.0,0.675031,False
2025020724,2025,2026-01-12,LAK,DAL,DraftKings,100.0,-120.0,0.478261,False
2025020725,2025,2026-01-13,OTT,VAN,DraftKings,-238.0,195.0,0.675031,False
2025020726,2025,2026-01-13,PIT,TBL,DraftKings,124.0,-148.0,0.42794,False
2025020727,2025,2026-01-13,WSH,MTL,DraftKings,-135.0,114.0,0.551441,False
2025020728,2025,2026-01-13,CBJ,CGY,DraftKings,-148.0,124.0,0.57206,False
2025020729,2025,2026-01-13,BOS,DET,DraftKings,-148.0,124.0,0.57206,False
2025020730,2025,2026-01-13,STL,CAR,DraftKings,150.0,-180.0,0.383562,False
2025020731,2025,2026-01-13,NSH,EDM,DraftKings,114.0,-135.0,0.448559,False
2025020732,2025,2026-01-13,WPG,NYI,DraftKings,-130.0,110.0,0.542744,False
2025020733,2025,2026-01-13,UTA,TOR,DraftKings,-162.0,136.0,0.59337,False
2025020734,2025,2026-01-13,ANA,DAL,DraftKings,105.0,-125.0,0.467532,False
2025020735,2025,2026-01-14,NJD,SEA,DraftKings,-162.0,136.0,0.59337,False
2025020736,2025,2026-01-14,BUF,PHI,DraftKings,-142.0,120.0,0.563492,False
2025020737,2025,2026-01-14,NYR,OTT,DraftKings,102.0,-122.0,0.473913,False
2025020738,2025,2026-01-14,LAK,VGK,DraftKings,102.0,-122.0,0.473913,False
2025020740,2025,2026-01-15,BUF,MTL,DraftKings,105.0,-125.0,0.467532,False
2025020741,2025,2026-01-15,PIT,PHI,DraftKings,-175.0,145.0,0.609236,False
2025020742,2025,2026-01-15,WSH,SJS,DraftKings,-175.0,145.0,0.609236,False
2025020743,2025,2026-01-15,CBJ,VAN,DraftKings,-166.0,140.0,0.599639,False
2025020739,2025,2026-01-15,BOS,SEA,DraftKings,-175.0,145.0,0.609236,False
2025020744,2025,2026-01-15,MIN,WPG,DraftKings,-135.0,114.0,0.551441,False
2025020745,2025,2026-01-15,CHI,CGY,DraftKings,-120.0,100.0,0.521739,False
2025020746,2025,2026-01-15,UTA,DAL,DraftKings,-130.0,110.0,0.542744,False
2025020747,2025,2026-01-15,EDM,NYI,DraftKings,-170.0,142.0,0.603757,False
2025020748,2025,2026-01-15,VGK,TOR,DraftKings,-130.0,110.0,0.542744,False
2025020749,2025,2026-01-16,DET,SJS,DraftKings,-166.0,140.0,0.599639,False
2025020750,2025,2026-01-16,CAR,FLA,DraftKings,-180.0,150.0,0.616438,False
2025020751,2025,2026-01-16,STL,TBL,DraftKings,170.0,-205.0,0.355271,False
2025020752,2025,2026-01-16,COL,NSH,DraftKings,-325.0,260.0,0.733542,False
2025020753,2025,2026-01-16,LAK,ANA,DraftKings,-148.0,124.0,0.57206,False
2025020754,2025,2026-01-17,BUF,MIN,DraftKings,-125.0,105.0,0.532468,False
2025020755,2025,2026-01-17,PHI,NYR,DraftKings,-125.0,105.0,0.532468,False
2025020756,2025,2026-01-17,CGY,NYI,DraftKings,-125.0,105.0,0.532468,False
2025020757,2025,2026-01-17,UTA,SEA,DraftKings,-198.0,164.0,0.636904,False
2025020758,2025,2026-01-17,OTT,MTL,DraftKings,-120.0,100.0,0.521739,False
2025020759,2025,2026-01-17,NJD,CAR,DraftKings,-105.0,-115.0,0.489166,False
2025020760,2025,2026-01-17,PIT,CBJ,DraftKings,-118.0,-102.0,0.517364,False
2025020761,2025,2026-01-17,WSH,FLA,DraftKings,-162.0,136.0,0.59337,False
2025020762,2025,2026-01-17,WPG,TOR,DraftKings,-148.0,124.0,0.57206,False
2025020763,2025,2026-01-17,CHI,BOS,DraftKings,105.0,-125.0,0.467532,False
2025020764,2025,2026-01-17,VAN,EDM,DraftKings,154.0,-185.0,0.377533,False
2025020765,2025,2026-01-17,VGK,NSH,DraftKings,-218.0,180.0,0.657475,False
2025020766,2025,2026-01-17,ANA,LAK,DraftKings,-105.0,-115.0,0.489166,False
2025020767,2025,2026-01-18,DAL,TBL,DraftKings,-102.0,-118.0,0.482636,False
2025020768,2025,2026-01-18,DET,OTT,DraftKings,-125.0,105.0,0.532468,False
2025020769,2025,2026-01-18,EDM,STL,DraftKings,-162.0,136.0,0.59337,False
2025020770,2025,2026-01-19,CAR,BUF,DraftKings,-185.0,154.0,0.622467,False
2025020771,2025,2026-01-19,COL,WSH,DraftKings,-218.0,180.0,0.657475,False
2025020772,2025,2026-01-19,SEA,PIT,DraftKings,110.0,-130.0,0.457256,False
2025020773,2025,2026-01-19,FLA,SJS,DraftKings,-185.0,154.0,0.622467,False
2025020774,2025,2026-01-19,TOR,MIN,DraftKings,-110.0,-110.0,0.5,False
2025020775,2025,2026-01-19,VGK,PHI,DraftKings,-230.0,190.0,0.669007,False
2025020776,2025,2026-01-19,CHI,WPG,DraftKings,124.0,-148.0,0.42794,False
2025020777,2025,2026-01-19,CGY,NJD,DraftKings,105.0,-125.0,0.467532,False
2025020778,2025,2026-01-19,VAN,NYI,DraftKings,130.0,-155.0,0.417007,False
2025020779,2025,2026-01-19,ANA,NYR,DraftKings,-148.0,124.0,0.57206,False
2025020780,2025,2026-01-20,MTL,MIN,DraftKings,-142.0,120.0,0.563492,False
2025020781,2025,2026-01-20,TBL,SJS,DraftKings,-310.0,250.0,0.725753,False
2025020782,2025,2026-01-20,CBJ,OTT,DraftKings,-105.0,-115.0,0.489166,False
2025020783,2025,2026-01-20,DAL,BOS,DraftKings,-135.0,114.0,0.551441,False
2025020784,2025,2026-01-20,NSH,BUF,DraftKings,-135.0,114.0,0.551441,False
2025020785,2025,2026-01-20,WPG,STL,DraftKings,-125.0,105.0,0.532468,False
2025020786,2025,2026-01-20,EDM,NJD,DraftKings,-175.0,145.0,0.609236,False
2025020787,2025,2026-01-20,LAK,NYR,DraftKings,-185.0,154.0,0.622467,False
2025020788,2025,2026-01-21,TOR,DET,DraftKings,-125.0,105.0,0.532468,False
2025020789,2025,2026-01-21,COL,ANA,DraftKings,-355.0,280.0,0.747783,False
2025020790,2025,2026-01-21,UTA,PHI,DraftKings,-180.0,150.0,0.616438,False
2025020791,2025,2026-01-21,CGY,PIT,DraftKings,105.0,-125.0,0.467532,False
2025020793,2025,2026-01-21,SEA,NYI,DraftKings,-108.0,-112.0,0.49567,False
2025020792,2025,2026-01-21,VAN,WSH,DraftKings,150.0,-180.0,0.383562,False
2025020794,2025,2026-01-22,BOS,VGK,DraftKings,136.0,-162.0,0.40663,False
2025020795,2025,2026-01-22,MTL,BUF,DraftKings,-120.0,100.0,0.521739,False
2025020796,2025,2026-01-22,CAR,CHI,DraftKings,-298.0,240.0,0.717971,False
2025020797,2025,2026-01-22,CBJ,DAL,DraftKings,-110.0,-110.0,0.5,False
2025020798,2025,2026-01-22,NSH,OTT,DraftKings,-102.0,-118.0,0.482636,False
2025020799,2025,2026-01-22,WPG,FLA,DraftKings,-110.0,-110.0,0.5,False
2025020800,2025,2026-01-22,EDM,PIT,DraftKings,-192.0,160.0,0.63094,False
2025020801,2025,2026-01-22,MIN,DET,DraftKings,-162.0,136.0,0.59337,False
2025020802,2025,2026-01-23,TOR,VGK,DraftKings,102.0,-122.0,0.473913,False
2025020803,2025,2026-01-23,CHI,TBL,DraftKings,250.0,-310.0,0.274247,False
2025020804,2025,2026-01-23,DAL,STL,DraftKings,-162.0,136.0,0.59337,False
2025020805,2025,2026-01-23,COL,PHI,DraftKings,-325.0,260.0,0.733542,False
2025020806,2025,2026-01-23,CGY,WSH,DraftKings,124.0,-148.0,0.42794,False
2025020807,2025,2026-01-23,VAN,NJD,DraftKings,130.0,-155.0,0.417007,False
2025020808,2025,2026-01-23,SJS,NYR,DraftKings,-130.0,110.0,0.542744,False
2025020809,2025,2026-01-23,SEA,ANA,DraftKings,-122.0,102.0,0.526087,False
2025020810,2025,2026-01-24,NYI,BUF,DraftKings,-110.0,-110.0,0.5,False
2025020811,2025,2026-01-24,NSH,UTA,DraftKings,-105.0,-115.0,0.489166,False
2025020812,2025,2026-01-24,BOS,MTL,DraftKings,-115.0,-105.0,0.510834,False
2025020813,2025,2026-01-24,OTT,CAR,DraftKings,114.0,-135.0,0.448559,False
2025020814,2025,2026-01-24,CBJ,TBL,DraftKings,-105.0,-115.0,0.489166,False
2025020815,2025,2026-01-24,WPG,DET,DraftKings,-125.0,105.0,0.532468,False
2025020816,2025,2026-01-24,STL,LAK,DraftKings,124.0,-148.0,0.42794,False
2025020817,2025,2026-01-24,MIN,FLA,DraftKings,-130.0,110.0,0.542744,False
2025020818,2025,2026-01-24,EDM,WSH,DraftKings,-175.0,145.0,0.609236,False
2025020819,2025,2026-01-25,TOR,COL,DraftKings,145.0,-175.0,0.390764,False
2025020820,2025,2026-01-25,SEA,NJD,DraftKings,105.0,-125.0,0.467532,False
2025020821,2025,2026-01-25,OTT,VGK,DraftKings,124.0,-148.0,0.42794,False
2025020822,2025,2026-01-25,VAN,PIT,DraftKings,124.0,-148.0,0.42794,False
2025020823,2025,2026-01-25,CHI,FLA,DraftKings,114.0,-135.0,0.448559,False
2025020824,2025,2026-01-25,CGY,ANA,DraftKings,-108.0,-112.0,0.49567,False
2025020825,2025,2026-01-26,TBL,UTA,DraftKings,-155.0,130.0,0.582993,False
2025020826,2025,2026-01-26,NYR,BOS,DraftKings,102.0,-122.0,0.473913,False
2025020827,2025,2026-01-26,PHI,NYI,DraftKings,-115.0,-105.0,0.510834,False
2025020829,2025,2026-01-26,EDM,ANA,DraftKings,-270.0,220.0,0.700162,False
2025020830,2025,2026-01-27,BOS,NSH,DraftKings,-115.0,-105.0,0.510834,False
2025020831,2025,2026-01-27,TOR,BUF,DraftKings,-118.0,-102.0,0.517364,False
2025020832,2025,2026-01-27,MTL,VGK,DraftKings,100.0,-120.0,0.478261,False
2025020833,2025,2026-01-27,DET,LAK,DraftKings,-125.0,105.0,0.532468,False
2025020834,2025,2026-01-27,FLA,UTA,DraftKings,-166.0,140.0,0.599639,False
2025020835,2025,2026-01-27,NJD,WPG,DraftKings,-130.0,110.0,0.542744,False
2025020836,2025,2026-01-27,STL,DAL,DraftKings,136.0,-162.0,0.40663,False
2025020837,2025,2026-01-27,MIN,CHI,DraftKings,-198.0,164.0,0.636904,False
2025020838,2025,2026-01-27,VAN,SJS,DraftKings,114.0,-135.0,0.448559,False
2025020839,2025,2026-01-27,SEA,WSH,DraftKings,-102.0,-118.0,0.482636,False
2025020842,2025,2026-01-28,NYI,NYR,DraftKings,-148.0,124.0,0.57206,False
2025020840,2025,2026-01-28,CBJ,PHI,DraftKings,-115.0,-105.0,0.510834,False
2025020841,2025,2026-01-28,OTT,COL,DraftKings,130.0,-155.0,0.417007,False
2025020843,2025,2026-01-29,BOS,PHI,DraftKings,-162.0,136.0,0.59337,False
2025020844,2025,2026-01-29,BUF,LAK,DraftKings,-125.0,105.0,0.532468,False
2025020845,2025,2026-01-29,MTL,COL,DraftKings,110.0,-130.0,0.457256,False
2025020847,2025,2026-01-29,TBL,WPG,DraftKings,-185.0,154.0,0.622467,False
2025020848,2025,2026-01-29,NJD,NSH,DraftKings,-125.0,105.0,0.532468,False
2025020849,2025,2026-01-29,NYR,NYI,DraftKings,120.0,-142.0,0.436508,False
2025020850,2025,2026-01-29,PIT,CHI,DraftKings,-185.0,154.0,0.622467,False
2025020851,2025,2026-01-29,CAR,UTA,DraftKings,-192.0,160.0,0.63094,False
2025020846,2025,2026-01-29,DET,WSH,DraftKings,-130.0,110.0,0.542744,False
2025020852,2025,2026-01-29,STL,FLA,DraftKings,130.0,-155.0,0.417007,False
2025020853,2025,2026-01-29,MIN,CGY,DraftKings,-185.0,154.0,0.622467,False
2025020854,2025,2026-01-29,EDM,SJS,DraftKings,-192.0,160.0,0.63094,False
2025020855,2025,2026-01-29,VAN,ANA,DraftKings,130.0,-155.0,0.417007,False
2025020856,2025,2026-01-29,VGK,DAL,DraftKings,-120.0,100.0,0.521739,False
2025020857,2025,2026-01-29,SEA,TOR,DraftKings,-102.0,-118.0,0.482636,False
2025020858,2025,2026-01-30,CHI,CBJ,DraftKings,136.0,-162.0,0.40663,False
2025020859,2025,2026-01-31,PHI,LAK,DraftKings,-108.0,-112.0,0.49567,False
2025020860,2025,2026-01-31,DET,COL,DraftKings,110.0,-130.0,0.457256,False
2025020861,2025,2026-01-31,PIT,NYR,DraftKings,-205.0,170.0,0.644729,False
2025020862,2025,2026-01-31,FLA,WPG,DraftKings,-148.0,124.0,0.57206,False
2025020863,2025,2026-01-31,CGY,SJS,DraftKings,-108.0,-112.0,0.49567,False
2025020864,2025,2026-01-31,WSH,CAR,DraftKings,160.0,-192.0,0.36906,False
2025020865,2025,2026-01-31,BUF,MTL,DraftKings,-125.0,105.0,0.532468,False
2025020866,2025,2026-01-31,OTT,NJD,DraftKings,-162.0,136.0,0.59337,False
2025020867,2025,2026-01-31,NYI,NSH,DraftKings,-125.0,105.0,0.532468,False
2025020868,2025,2026-01-31,STL,CBJ,DraftKings,-102.0,-118.0,0.482636,False
2025020869,2025,2026-01-31,VAN,TOR,DraftKings,136.0,-162.0,0.40663,False
2025020870,2025,2026-01-31,UTA,DAL,DraftKings,-120.0,100.0,0.521739,False
2025020871,2025,2026-01-31,EDM,MIN,DraftKings,-130.0,110.0,0.542744,False
2025020872,2025,2026-01-31,VGK,SEA,DraftKings,-192.0,160.0,0.63094,False
2025020874,2025,2026-02-01,CAR,LAK,DraftKings,-180.0,150.0,0.616438,False
2025020873,2025,2026-02-01,TBL,BOS,DraftKings,-218.0,180.0,0.657475,False
2025020875,2025,2026-02-01,ANA,VGK,DraftKings,-118.0,-102.0,0.517364,False
2025020876,2025,2026-02-02,FLA,BUF,DraftKings,-115.0,-105.0,0.510834,False
2025020877,2025,2026-02-02,PIT,OTT,DraftKings,110.0,-130.0,0.457256,False
2025020878,2025,2026-02-02,WSH,NYI,DraftKings,-130.0,110.0,0.542744,False
2025020879,2025,2026-02-02,MIN,MTL,DraftKings,-130.0,110.0,0.542744,False
2025020880,2025,2026-02-02,NSH,STL,DraftKings,-142.0,120.0,0.563492,False
2025020881,2025,2026-02-02,CHI,SJS,DraftKings,-105.0,-115.0,0.489166,False
2025020882,2025,2026-02-02,DAL,WPG,DraftKings,-148.0,124.0,0.57206,False
2025020883,2025,2026-02-02,COL,DET,DraftKings,-192.0,160.0,0.63094,False
2025020884,2025,2026-02-02,UTA,VAN,DraftKings,-290.0,235.0,0.713551,False
2025020885,2025,2026-02-02,CGY,TOR,DraftKings,102.0,-122.0,0.473913,False
2025020887,2025,2026-02-03,NJD,CBJ,DraftKings,-108.0,-112.0,0.49567,False
2025020889,2025,2026-02-03,PHI,WSH,DraftKings,-142.0,120.0,0.563492,False
2025020890,2025,2026-02-03,CAR,OTT,DraftKings,-180.0,150.0,0.616438,False
2025020886,2025,2026-02-03,TBL,BUF,DraftKings,-205.0,170.0,0.644729,False
2025020888,2025,2026-02-03,NYI,PIT,DraftKings,100.0,-120.0,0.478261,False
2025020891,2025,2026-02-03,EDM,TOR,DraftKings,-192.0,160.0,0.63094,False
2025020892,2025,2026-02-03,ANA,SEA,DraftKings,-142.0,120.0,0.563492,False
2025020893,2025,2026-02-04,FLA,BOS,DraftKings,-162.0,136.0,0.59337,False
2025020894,2025,2026-02-04,CBJ,CHI,DraftKings,-155.0,130.0,0.582993,False
2025020895,2025,2026-02-04,WPG,MTL,DraftKings,-130.0,110.0,0.542744,False
2025020896,2025,2026-02-04,NSH,MIN,DraftKings,105.0,-125.0,0.467532,False
2025020897,2025,2026-02-04,COL,SJS,DraftKings,-298.0,240.0,0.717971,False
2025020898,2025,2026-02-04,UTA,DET,DraftKings,-135.0,114.0,0.551441,False
2025020899,2025,2026-02-04,DAL,STL,DraftKings,-218.0,180.0,0.657475,False
2025020900,2025,2026-02-04,CGY,EDM,DraftKings,124.0,-148.0,0.42794,False
2025020901,2025,2026-02-04,VGK,VAN,DraftKings,-310.0,250.0,0.725753,False
2025020902,2025,2026-02-04,LAK,SEA,DraftKings,-175.0,145.0,0.609236,False
2025020903,2025,2026-02-05,BUF,PIT,DraftKings,-125.0,105.0,0.532468,False
2025020905,2025,2026-02-05,NJD,NYI,DraftKings,-115.0,-105.0,0.510834,False
2025020906,2025,2026-02-05,NYR,CAR,DraftKings,185.0,-225.0,0.336352,False
2025020907,2025,2026-02-05,PHI,OTT,DraftKings,110.0,-130.0,0.457256,False
2025020908,2025,2026-02-05,WSH,NSH,DraftKings,-175.0,145.0,0.609236,False
2025020904,2025,2026-02-05,TBL,FLA,DraftKings,-218.0,180.0,0.657475,False
2025020909,2025,2026-02-05,VGK,LAK,DraftKings,-142.0,120.0,0.563492,False
2025020910,2025,2026-02-25,NJD,BUF,DraftKings,-112.0,-108.0,0.50433,False
2025020911,2025,2026-02-25,WSH,PHI,DraftKings,-142.0,120.0,0.563492,False
2025020912,2025,2026-02-25,TBL,TOR,DraftKings,-225.0,185.0,0.663648,False
2025020913,2025,2026-02-25,DAL,SEA,DraftKings,-170.0,142.0,0.603757,False
2025020914,2025,2026-02-25,UTA,COL,DraftKings,100.0,-120.0,0.478261,False
2025020915,2025,2026-02-25,VAN,WPG,DraftKings,110.0,-130.0,0.457256,False
2025020916,2025,2026-02-25,LAK,VGK,DraftKings,-180.0,150.0,0.616438,False
2025020917,2025,2026-02-25,ANA,EDM,DraftKings,110.0,-130.0,0.457256,False
2025020918,2025,2026-02-26,BOS,CBJ,DraftKings,-115.0,-105.0,0.510834,False
2025020919,2025,2026-02-26,MTL,NYI,DraftKings,-155.0,130.0,0.582993,False
2025020920,2025,2026-02-26,OTT,DET,DraftKings,-155.0,130.0,0.582993,False
2025020921,2025,2026-02-26,FLA,TOR,DraftKings,-162.0,136.0,0.59337,False
2025020922,2025,2026-02-26,PIT,NJD,DraftKings,-162.0,136.0,0.59337,False
2025020923,2025,2026-02-26,CAR,TBL,DraftKings,-148.0,124.0,0.57206,False
2025020924,2025,2026-02-26,NYR,PHI,DraftKings,-148.0,124.0,0.57206,False
2025020925,2025,2026-02-26,STL,SEA,DraftKings,-142.0,120.0,0.563492,False
2025020926,2025,2026-02-26,NSH,CHI,DraftKings,-175.0,145.0,0.609236,False
2025020927,2025,2026-02-26,COL,MIN,DraftKings,-155.0,130.0,0.582993,False
2025020928,2025,2026-02-26,SJS,CGY,DraftKings,-130.0,110.0,0.542744,False
2025020929,2025,2026-02-26,LAK,EDM,DraftKings,100.0,-120.0,0.478261,False
2025020930,2025,2026-02-27,FLA,BUF,DraftKings,-115.0,-105.0,0.510834,False
2025020931,2025,2026-02-27,WSH,VGK,DraftKings,-115.0,-105.0,0.510834,False
2025020932,2025,2026-02-27,UTA,MIN,DraftKings,-142.0,120.0,0.563492,False
2025020933,2025,2026-02-27,ANA,WPG,DraftKings,-135.0,114.0,0.551441,False
2025020934,2025,2026-02-28,NYR,PIT,DraftKings,105.0,-125.0,0.467532,False
2025020935,2025,2026-02-28,PHI,BOS,DraftKings,-115.0,-105.0,0.510834,False
2025020936,2025,2026-02-28,SJS,EDM,DraftKings,136.0,-162.0,0.40663,False
2025020943,2025,2026-02-28,STL,NJD,DraftKings,-102.0,-118.0,0.482636,False
2025020937,2025,2026-02-28,CBJ,NYI,DraftKings,-142.0,120.0,0.563492,False
2025020938,2025,2026-02-28,COL,CHI,DraftKings,-360.0,285.0,0.750813,False
2025020939,2025,2026-02-28,TOR,OTT,DraftKings,114.0,-135.0,0.448559,False
2025020940,2025,2026-02-28,MTL,WSH,DraftKings,-162.0,136.0,0.59337,False
2025020941,2025,2026-02-28,TBL,BUF,DraftKings,-245.0,200.0,0.680556,False
2025020942,2025,2026-02-28,CAR,DET,DraftKings,-192.0,160.0,0.63094,False
2025020944,2025,2026-02-28,LAK,CGY,DraftKings,-148.0,124.0,0.57206,False
2025020945,2025,2026-02-28,DAL,NSH,DraftKings,-148.0,124.0,0.57206,False
2025020946,2025,2026-02-28,SEA,VAN,DraftKings,-162.0,136.0,0.59337,False
2025020947,2025,2026-03-01,PIT,VGK,DraftKings,130.0,-155.0,0.417007,False
2025020949,2025,2026-03-01,UTA,CHI,DraftKings,-340.0,270.0,0.740872,False
2025020950,2025,2026-03-01,SJS,WPG,DraftKings,100.0,-120.0,0.478261,False
2025020951,2025,2026-03-01,MIN,STL,DraftKings,-230.0,190.0,0.669007,False
2025020948,2025,2026-03-01,NYI,FLA,DraftKings,130.0,-155.0,0.417007,False
2025020952,2025,2026-03-01,ANA,CGY,DraftKings,-185.0,154.0,0.622467,False
2025020955,2025,2026-03-02,NSH,DET,DraftKings,-108.0,-112.0,0.49567,False
2025020953,2025,2026-03-02,NYR,CBJ,DraftKings,-110.0,-110.0,0.5,False
2025020954,2025,2026-03-02,TOR,PHI,DraftKings,-135.0,114.0,0.551441,False
2025020956,2025,2026-03-02,VAN,DAL,DraftKings,170.0,-205.0,0.355271,False
2025020957,2025,2026-03-02,SEA,CAR,DraftKings,154.0,-185.0,0.377533,False
2025020958,2025,2026-03-02,LAK,COL,DraftKings,154.0,-185.0,0.377533,False
2025020959,2025,2026-03-03,BOS,PIT,DraftKings,-120.0,100.0,0.521739,False
2025020960,2025,2026-03-03,BUF,VGK,DraftKings,-135.0,114.0,0.551441,False
2025020961,2025,2026-03-03,NJD,FLA,DraftKings,100.0,-120.0,0.478261,False
2025020962,2025,2026-03-03,WSH,UTA,DraftKings,-112.0,-108.0,0.50433,False
2025020963,2025,2026-03-03,CBJ,NSH,DraftKings,-130.0,110.0,0.542744,False
2025020964,2025,2026-03-03,WPG,CHI,DraftKings,-148.0,124.0,0.57206,False
2025020965,2025,2026-03-03,CGY,DAL,DraftKings,110.0,-130.0,0.457256,False
2025020966,2025,2026-03-03,EDM,OTT,DraftKings,-120.0,100.0,0.521739,False
2025020967,2025,2026-03-03,MIN,TBL,DraftKings,120.0,-142.0,0.436508,False
2025020968,2025,2026-03-03,ANA,COL,DraftKings,124.0,-148.0,0.42794,False
2025020969,2025,2026-03-03,SJS,MTL,DraftKings,114.0,-135.0,0.448559,False
2025020970,2025,2026-03-04,DET,VGK,DraftKings,-135.0,114.0,0.551441,False
2025020971,2025,2026-03-04,NJD,TOR,DraftKings,-125.0,105.0,0.532468,False
2025020972,2025,2026-03-04,VAN,CAR,DraftKings,270.0,-340.0,0.259128,False
2025020973,2025,2026-03-04,ANA,NYI,DraftKings,105.0,-125.0,0.467532,False
2025020974,2025,2026-03-04,SEA,STL,DraftKings,-148.0,124.0,0.57206,False
2025020975,2025,2026-03-05,NYR,TOR,DraftKings,-130.0,110.0,0.542744,False
2025020976,2025,2026-03-05,PHI,UTA,DraftKings,100.0,-120.0,0.478261,False
2025020977,2025,2026-03-05,PIT,BUF,DraftKings,-105.0,-115.0,0.489166,False
2025020978,2025,2026-03-05,CBJ,FLA,DraftKings,-115.0,-105.0,0.510834,False
2025020979,2025,2026-03-05,NSH,BOS,DraftKings,-110.0,-110.0,0.5,False
2025020980,2025,2026-03-05,WPG,TBL,DraftKings,170.0,-205.0,0.355271,False
2025020981,2025,2026-03-05,CGY,OTT,DraftKings,150.0,-180.0,0.383562,False
2025020982,2025,2026-03-05,LAK,NYI,DraftKings,-120.0,100.0,0.521739,False
2025020983,2025,2026-03-06,DET,FLA,DraftKings,-148.0,124.0,0.57206,False
2025020984,2025,2026-03-06,DAL,COL,DraftKings,102.0,-122.0,0.473913,False
2025020985,2025,2026-03-06,CHI,VAN,DraftKings,-155.0,130.0,0.582993,False
2025020986,2025,2026-03-06,EDM,CAR,DraftKings,-108.0,-112.0,0.49567,False
2025020987,2025,2026-03-06,ANA,MTL,DraftKings,-102.0,-118.0,0.482636,False
2025020988,2025,2026-03-06,VGK,MIN,DraftKings,-102.0,-118.0,0.482636,False
2025020989,2025,2026-03-06,SJS,STL,DraftKings,-148.0,124.0,0.57206,False
2025020990,2025,2026-03-07,BOS,WSH,DraftKings,-130.0,110.0,0.542744,False
2025020991,2025,2026-03-07,NJD,NYR,DraftKings,-180.0,150.0,0.616438,False
2025020992,2025,2026-03-07,BUF,NSH,DraftKings,-185.0,154.0,0.622467,False
2025020993,2025,2026-03-07,PIT,PHI,DraftKings,-142.0,120.0,0.563492,False
2025020994,2025,2026-03-07,TOR,TBL,DraftKings,180.0,-218.0,0.342525,False
2025020995,2025,2026-03-07,CBJ,UTA,DraftKings,102.0,-122.0,0.473913,False
2025020996,2025,2026-03-07,WPG,VAN,DraftKings,-290.0,235.0,0.713551,False
2025020997,2025,2026-03-07,LAK,MTL,DraftKings,-115.0,-105.0,0.510834,False
2025020998,2025,2026-03-07,CGY,CAR,DraftKings,180.0,-218.0,0.342525,False
2025020999,2025,2026-03-07,SJS,NYI,DraftKings,124.0,-148.0,0.42794,False
2025021000,2025,2026-03-07,SEA,OTT,DraftKings,136.0,-162.0,0.40663,False
2025021001,2025,2026-03-08,COL,MIN,DraftKings,-185.0,154.0,0.622467,False
2025021002,2025,2026-03-08,PIT,BOS,DraftKings,-125.0,105.0,0.532468,False
2025021003,2025,2026-03-08,BUF,TBL,DraftKings,-105.0,-115.0,0.489166,False
2025021004,2025,2026-03-08,DAL,CHI,DraftKings,-325.0,260.0,0.733542,False
2025021005,2025,2026-03-08,NJD,DET,DraftKings,-105.0,-115.0,0.489166,False
2025021006,2025,2026-03-08,ANA,STL,DraftKings,-175.0,145.0,0.609236,False
2025021007,2025,2026-03-08,VGK,EDM,DraftKings,-110.0,-110.0,0.5,False
2025020828,2025,2026-03-09,CBJ,LAK,DraftKings,-155.0,130.0,0.582993,False
2025021008,2025,2026-03-09,PHI,NYR,DraftKings,-142.0,120.0,0.563492,False
2025021009,2025,2026-03-09,WSH,CGY,DraftKings,-192.0,160.0,0.63094,False
2025021010,2025,2026-03-09,CHI,UTA,DraftKings,195.0,-238.0,0.324969,False
2025021011,2025,2026-03-09,VAN,OTT,DraftKings,190.0,-230.0,0.330993,False
2025021012,2025,2026-03-10,BOS,LAK,DraftKings,-162.0,136.0,0.59337,False
2025021013,2025,2026-03-10,BUF,SJS,DraftKings,-205.0,170.0,0.644729,False
2025021014,2025,2026-03-10,MTL,TOR,DraftKings,-170.0,142.0,0.603757,False
2025021015,2025,2026-03-10,TBL,CBJ,DraftKings,-238.0,195.0,0.675031,False
2025021016,2025,2026-03-10,FLA,DET,DraftKings,-115.0,-105.0,0.510834,False
2025021017,2025,2026-03-10,NYR,CGY,DraftKings,-125.0,105.0,0.532468,False
2025021018,2025,2026-03-10,CAR,PIT,DraftKings,-205.0,170.0,0.644729,False
2025021019,2025,2026-03-10,STL,NYI,DraftKings,105.0,-125.0,0.467532,False
2025021020,2025,2026-03-10,DAL,VGK,DraftKings,-148.0,124.0,0.57206,False
2025021021,2025,2026-03-10,MIN,UTA,DraftKings,-162.0,136.0,0.59337,False
2025021022,2025,2026-03-10,WPG,ANA,DraftKings,-130.0,110.0,0.542744,False
2025021023,2025,2026-03-10,COL,EDM,DraftKings,-175.0,145.0,0.609236,False
2025021024,2025,2026-03-10,SEA,NSH,DraftKings,-110.0,-110.0,0.5,False
2025021025,2025,2026-03-11,OTT,MTL,DraftKings,-192.0,160.0,0.63094,False
2025021026,2025,2026-03-11,PHI,WSH,DraftKings,120.0,-142.0,0.436508,False
2025021027,2025,2026-03-12,BOS,SJS,DraftKings,-162.0,136.0,0.59337,False
2025021028,2025,2026-03-12,BUF,WSH,DraftKings,-218.0,180.0,0.657475,False
2025021029,2025,2026-03-12,TOR,ANA,DraftKings,-110.0,-110.0,0.5,False
2025021030,2025,2026-03-12,TBL,DET,DraftKings,-218.0,180.0,0.657475,False
2025021031,2025,2026-03-12,FLA,CBJ,DraftKings,105.0,-125.0,0.467532,False
2025021032,2025,2026-03-12,NJD,CGY,DraftKings,-192.0,160.0,0.63094,False
2025021033,2025,2026-03-12,CAR,STL,DraftKings,-290.0,235.0,0.713551,False
2025021034,2025,2026-03-12,DAL,EDM,DraftKings,-130.0,110.0,0.542744,False
2025021035,2025,2026-03-12,MIN,PHI,DraftKings,-225.0,185.0,0.663648,False
2025021036,2025,2026-03-12,WPG,NYR,DraftKings,-155.0,130.0,0.582993,False
2025021037,2025,2026-03-12,UTA,CHI,DraftKings,-230.0,190.0,0.669007,False
2025021038,2025,2026-03-12,VAN,NSH,DraftKings,142.0,-170.0,0.396243,False
2025021039,2025,2026-03-12,VGK,PIT,DraftKings,-170.0,142.0,0.603757,False
2025021040,2025,2026-03-12,SEA,COL,DraftKings,170.0,-205.0,0.355271,False
2025021041,2025,2026-03-13,NYI,LAK,DraftKings,-142.0,120.0,0.563492,False
2025021042,2025,2026-03-13,STL,EDM,DraftKings,120.0,-142.0,0.436508,False
2025021043,2025,2026-03-14,OTT,ANA,DraftKings,-180.0,150.0,0.616438,False
2025021044,2025,2026-03-14,WSH,BOS,DraftKings,-130.0,110.0,0.542744,False
2025021045,2025,2026-03-14,WPG,COL,DraftKings,154.0,-185.0,0.377533,False
2025021046,2025,2026-03-14,MIN,NYR,DraftKings,-198.0,164.0,0.636904,False
2025021047,2025,2026-03-14,BUF,TOR,DraftKings,-230.0,190.0,0.669007,False
2025021048,2025,2026-03-14,MTL,SJS,DraftKings,-155.0,130.0,0.582993,False
2025021049,2025,2026-03-14,TBL,CAR,DraftKings,-130.0,110.0,0.542744,False
2025021050,2025,2026-03-14,NJD,LAK,DraftKings,-155.0,130.0,0.582993,False
2025021051,2025,2026-03-14,NYI,CGY,DraftKings,-148.0,124.0,0.57206,False
2025021052,2025,2026-03-14,PHI,CBJ,DraftKings,120.0,-142.0,0.436508,False
2025021053,2025,2026-03-14,DAL,DET,DraftKings,-192.0,160.0,0.63094,False
2025021054,2025,2026-03-14,UTA,PIT,DraftKings,-155.0,130.0,0.582993,False
2025021055,2025,2026-03-14,VAN,SEA,DraftKings,120.0,-142.0,0.436508,False
2025021056,2025,2026-03-14,VGK,CHI,DraftKings,-225.0,185.0,0.663648,False
2025021057,2025,2026-03-15,WPG,STL,DraftKings,-108.0,-112.0,0.49567,False
2025021058,2025,2026-03-15,OTT,SJS,DraftKings,-205.0,170.0,0.644729,False
2025021059,2025,2026-03-15,MTL,ANA,DraftKings,-142.0,120.0,0.563492,False
2025021060,2025,2026-03-15,MIN,TOR,DraftKings,-265.0,215.0,0.69577,False
2025021061,2025,2026-03-15,EDM,NSH,DraftKings,-192.0,160.0,0.63094,False
2025021062,2025,2026-03-15,SEA,FLA,DraftKings,110.0,-130.0,0.457256,False
2025021063,2025,2026-03-16,DET,CGY,DraftKings,-185.0,154.0,0.622467,False
2025021064,2025,2026-03-16,NJD,BOS,DraftKings,-125.0,105.0,0.532468,False
2025021065,2025,2026-03-16,NYR,LAK,DraftKings,-110.0,-110.0,0.5,False
2025021066,2025,2026-03-16,DAL,UTA,DraftKings,-162.0,136.0,0.59337,False
2025021067,2025,2026-03-16,COL,PIT,DraftKings,-218.0,180.0,0.657475,False
2025021068,2025,2026-03-17,TOR,NYI,DraftKings,136.0,-162.0,0.40663,False
2025021069,2025,2026-03-17,MTL,BOS,DraftKings,-155.0,130.0,0.582993,False
2025021070,2025,2026-03-17,CBJ,CAR,DraftKings,100.0,-120.0,0.478261,False
2025021072,2025,2026-03-17,CHI,MIN,DraftKings,150.0,-180.0,0.383562,False
2025021071,2025,2026-03-17,WPG,NSH,DraftKings,-130.0,110.0,0.542744,False
2025021073,2025,2026-03-17,EDM,SJS,DraftKings,-162.0,136.0,0.59337,False
2025021074,2025,2026-03-17,VAN,FLA,DraftKings,130.0,-155.0,0.417007,False
2025021075,2025,2026-03-17,VGK,BUF,DraftKings,-135.0,114.0,0.551441,False
2025021076,2025,2026-03-17,SEA,TBL,DraftKings,154.0,-185.0,0.377533,False
2025021077,2025,2026-03-18,NYR,NJD,DraftKings,105.0,-125.0,0.467532,False
2025021078,2025,2026-03-18,CAR,PIT,DraftKings,-135.0,114.0,0.551441,False
2025021079,2025,2026-03-18,WSH,OTT,DraftKings,114.0,-135.0,0.448559,False
2025021080,2025,2026-03-18,COL,DAL,DraftKings,-142.0,120.0,0.563492,False
2025021081,2025,2026-03-18,CGY,STL,DraftKings,120.0,-142.0,0.436508,False
2025021082,2025,2026-03-18,ANA,PHI,DraftKings,-155.0,130.0,0.582993,False
2025021083,2025,2026-03-19,BOS,WPG,DraftKings,-142.0,120.0,0.563492,False
2025021084,2025,2026-03-19,OTT,NYI,DraftKings,-125.0,105.0,0.532468,False
2025021085,2025,2026-03-19,DET,MTL,DraftKings,-105.0,-115.0,0.489166,False
2025021086,2025,2026-03-19,CBJ,NYR,DraftKings,-218.0,180.0,0.657475,False
2025021088,2025,2026-03-19,MIN,CHI,DraftKings,-198.0,164.0,0.636904,False
2025021087,2025,2026-03-19,NSH,SEA,DraftKings,-120.0,100.0,0.521739,False
2025021089,2025,2026-03-19,EDM,FLA,DraftKings,-162.0,136.0,0.59337,False
2025021090,2025,2026-03-19,VAN,TBL,DraftKings,270.0,-340.0,0.259128,False
2025021091,2025,2026-03-19,VGK,UTA,DraftKings,-135.0,114.0,0.551441,False
2025021092,2025,2026-03-19,SJS,BUF,DraftKings,120.0,-142.0,0.436508,False
2025021093,2025,2026-03-19,LAK,PHI,DraftKings,-192.0,160.0,0.63094,False
2025021094,2025,2026-03-20,TOR,CAR,DraftKings,180.0,-218.0,0.342525,False
2025021095,2025,2026-03-20,WSH,NJD,DraftKings,-125.0,105.0,0.532468,False
2025021096,2025,2026-03-20,CHI,COL,DraftKings,270.0,-340.0,0.259128,False
2025021097,2025,2026-03-20,CGY,FLA,DraftKings,-118.0,-102.0,0.517364,False
2025021098,2025,2026-03-20,UTA,ANA,DraftKings,-142.0,120.0,0.563492,False
2025021099,2025,2026-03-21,PIT,WPG,DraftKings,-162.0,136.0,0.59337,False
2025021100,2025,2026-03-21,NSH,VGK,DraftKings,130.0,-155.0,0.417007,False
2025021101,2025,2026-03-21,MIN,DAL,DraftKings,114.0,-135.0,0.448559,False
2025021102,2025,2026-03-21,LAK,BUF,DraftKings,110.0,-130.0,0.457256,False
2025021103,2025,2026-03-21,SJS,PHI,DraftKings,-122.0,102.0,0.526087,False
2025021104,2025,2026-03-21,CBJ,SEA,DraftKings,-180.0,150.0,0.616438,False
2025021105,2025,2026-03-21,MTL,NYI,DraftKings,-120.0,100.0,0.521739,False
2025021106,2025,2026-03-21,OTT,TOR,DraftKings,-325.0,260.0,0.733542,False
2025021107,2025,2026-03-21,VAN,STL,DraftKings,124.0,-148.0,0.42794,False
2025021108,2025,2026-03-21,DET,BOS,DraftKings,-120.0,100.0,0.521739,False
2025021109,2025,2026-03-21,EDM,TBL,DraftKings,114.0,-135.0,0.448559,False
2025021110,2025,2026-03-22,NYR,WPG,DraftKings,-115.0,-105.0,0.510834,False
2025021111,2025,2026-03-22,WSH,COL,DraftKings,136.0,-162.0,0.40663,False
2025021112,2025,2026-03-22,PIT,CAR,DraftKings,120.0,-142.0,0.436508,False
2025021113,2025,2026-03-22,CHI,NSH,DraftKings,-105.0,-115.0,0.489166,False
2025021114,2025,2026-03-22,NYI,CBJ,DraftKings,105.0,-125.0,0.467532,False
2025021115,2025,2026-03-22,DAL,VGK,DraftKings,-135.0,114.0,0.551441,False
2025021116,2025,2026-03-22,CGY,TBL,DraftKings,145.0,-175.0,0.390764,False
2025021117,2025,2026-03-22,ANA,BUF,DraftKings,-102.0,-118.0,0.482636,False
2025021118,2025,2026-03-22,UTA,LAK,DraftKings,-175.0,145.0,0.609236,False
2025021119,2025,2026-03-23,NYR,OTT,DraftKings,160.0,-192.0,0.36906,False
2025021120,2025,2026-03-24,BOS,TOR,DraftKings,-205.0,170.0,0.644729,False
2025021121,2025,2026-03-24,MTL,CAR,DraftKings,105.0,-125.0,0.467532,False
2025021122,2025,2026-03-24,DET,OTT,DraftKings,-135.0,114.0,0.551441,False
2025021123,2025,2026-03-24,FLA,SEA,DraftKings,-130.0,110.0,0.542744,False
2025021124,2025,2026-03-24,NYI,CHI,DraftKings,-166.0,140.0,0.599639,False
2025021125,2025,2026-03-24,PHI,CBJ,DraftKings,114.0,-135.0,0.448559,False
2025021126,2025,2026-03-24,PIT,COL,DraftKings,145.0,-175.0,0.390764,False
2025021127,2025,2026-03-24,TBL,MIN,DraftKings,-148.0,124.0,0.57206,False
2025021128,2025,2026-03-24,STL,WSH,DraftKings,-105.0,-115.0,0.489166,False
2025021129,2025,2026-03-24,NSH,SJS,DraftKings,-142.0,120.0,0.563492,False
2025021130,2025,2026-03-24,DAL,NJD,DraftKings,-162.0,136.0,0.59337,False
2025021131,2025,2026-03-24,WPG,VGK,DraftKings,114.0,-135.0,0.448559,False
2025021133,2025,2026-03-24,CGY,LAK,DraftKings,124.0,-148.0,0.42794,False
2025021132,2025,2026-03-24,UTA,EDM,DraftKings,-135.0,114.0,0.551441,False
2025021134,2025,2026-03-24,VAN,ANA,DraftKings,150.0,-180.0,0.383562,False
2025021135,2025,2026-03-25,BUF,BOS,DraftKings,-205.0,170.0,0.644729,False
2025021136,2025,2026-03-25,TOR,NYR,DraftKings,110.0,-130.0,0.457256,False
2025021137,2025,2026-03-26,MTL,CBJ,DraftKings,-112.0,-108.0,0.50433,False
2025021138,2025,2026-03-26,OTT,PIT,DraftKings,-148.0,124.0,0.57206,False
2025021139,2025,2026-03-26,TBL,SEA,DraftKings,-290.0,235.0,0.713551,False
2025021140,2025,2026-03-26,FLA,MIN,DraftKings,140.0,-166.0,0.400361,False
2025021141,2025,2026-03-26,NYI,DAL,DraftKings,-102.0,-118.0,0.482636,False
2025021142,2025,2026-03-26,PHI,CHI,DraftKings,-142.0,120.0,0.563492,False
2025021143,2025,2026-03-26,STL,SJS,DraftKings,-130.0,110.0,0.542744,False
2025021144,2025,2026-03-26,NSH,NJD,DraftKings,-112.0,-108.0,0.50433,False
2025021145,2025,2026-03-26,WPG,COL,DraftKings,154.0,-185.0,0.377533,False
2025021146,2025,2026-03-26,UTA,WSH,DraftKings,-135.0,114.0,0.551441,False
2025021147,2025,2026-03-26,CGY,ANA,DraftKings,114.0,-135.0,0.448559,False
2025021148,2025,2026-03-26,VGK,EDM,DraftKings,-142.0,120.0,0.563492,False
2025021149,2025,2026-03-26,VAN,LAK,DraftKings,145.0,-175.0,0.390764,False
2025021150,2025,2026-03-27,BUF,DET,DraftKings,-142.0,120.0,0.563492,False
2025021151,2025,2026-03-27,NYR,CHI,DraftKings,-175.0,145.0,0.609236,False
2025021152,2025,2026-03-28,TBL,OTT,DraftKings,-135.0,114.0,0.551441,False
2025021153,2025,2026-03-28,NYI,FLA,DraftKings,-205.0,170.0,0.644729,False
2025021154,2025,2026-03-28,EDM,ANA,DraftKings,-148.0,124.0,0.57206,False
2025021155,2025,2026-03-28,BOS,MIN,DraftKings,-105.0,-115.0,0.489166,False
2025021156,2025,2026-03-28,PIT,DAL,DraftKings,110.0,-130.0,0.457256,False
2025021157,2025,2026-03-28,CAR,NJD,DraftKings,-205.0,170.0,0.644729,False
2025021158,2025,2026-03-28,CBJ,SJS,DraftKings,-185.0,154.0,0.622467,False
2025021159,2025,2026-03-28,BUF,SEA,DraftKings,-198.0,164.0,0.636904,False
2025021160,2025,2026-03-28,STL,TOR,DraftKings,-148.0,124.0,0.57206,False
2025021161,2025,2026-03-28,NSH,MTL,DraftKings,-105.0,-115.0,0.489166,False
2025021162,2025,2026-03-28,COL,WPG,DraftKings,-270.0,220.0,0.700162,False
2025021163,2025,2026-03-28,DET,PHI,DraftKings,-130.0,110.0,0.542744,False
2025021164,2025,2026-03-28,LAK,UTA,DraftKings,-115.0,-105.0,0.510834,False
2025021165,2025,2026-03-28,CGY,VAN,DraftKings,-162.0,136.0,0.59337,False
2025021166,2025,2026-03-28,VGK,WSH,DraftKings,-155.0,130.0,0.582993,False
2025021167,2025,2026-03-29,NYR,FLA,DraftKings,-185.0,154.0,0.622467,False
2025021168,2025,2026-03-29,TBL,NSH,DraftKings,-185.0,154.0,0.622467,False
2025021169,2025,2026-03-29,CAR,MTL,DraftKings,-175.0,145.0,0.609236,False
2025021170,2025,2026-03-29,CBJ,BOS,DraftKings,-162.0,136.0,0.59337,False
2025021171,2025,2026-03-29,NJD,CHI,DraftKings,-170.0,142.0,0.603757,False
2025021172,2025,2026-03-29,PHI,DAL,DraftKings,145.0,-175.0,0.390764,False
2025021173,2025,2026-03-30,NYI,PIT,DraftKings,-130.0,110.0,0.542744,False
2025021174,2025,2026-03-30,COL,CGY,DraftKings,-395.0,310.0,0.765902,False
2025021175,2025,2026-03-30,VGK,VAN,DraftKings,-360.0,285.0,0.750813,False
2025021176,2025,2026-03-30,ANA,TOR,DraftKings,-192.0,160.0,0.63094,False
2025021177,2025,2026-03-30,SJS,STL,DraftKings,-110.0,-110.0,0.5,False
2025021178,2025,2026-03-31,BOS,DAL,DraftKings,110.0,-130.0,0.457256,False
2025021179,2025,2026-03-31,BUF,NYI,DraftKings,-175.0,145.0,0.609236,False
2025021180,2025,2026-03-31,TBL,MTL,DraftKings,-170.0,142.0,0.603757,False
2025021181,2025,2026-03-31,FLA,OTT,DraftKings,150.0,-180.0,0.383562,False
2025021182,2025,2026-03-31,NYR,NJD,DraftKings,105.0,-125.0,0.467532,False
2025021183,2025,2026-03-31,PIT,DET,DraftKings,-112.0,-108.0,0.50433,False
2025021184,2025,2026-03-31,WSH,PHI,DraftKings,-125.0,105.0,0.532468,False
2025021185,2025,2026-03-31,CBJ,CAR,DraftKings,110.0,-130.0,0.457256,False
2025021186,2025,2026-03-31,CHI,WPG,DraftKings,130.0,-155.0,0.417007,False
2025021187,2025,2026-03-31,EDM,SEA,DraftKings,-185.0,154.0,0.622467,False
2025021188,2025,2026-04-01,COL,VAN,DraftKings,-470.0,360.0,0.791362,False
2025021189,2025,2026-04-01,LAK,STL,DraftKings,-155.0,130.0,0.582993,False
2025021190,2025,2026-04-01,SJS,ANA,DraftKings,-108.0,-112.0,0.49567,False
2025021191,2025,2026-04-02,OTT,BUF,DraftKings,-120.0,100.0,0.521739,False
2025021192,2025,2026-04-02,TBL,PIT,DraftKings,-162.0,136.0,0.59337,False
2025021193,2025,2026-04-02,FLA,BOS,DraftKings,136.0,-162.0,0.40663,False
2025021195,2025,2026-04-02,NYR,MTL,DraftKings,105.0,-125.0,0.467532,False
2025021196,2025,2026-04-02,PHI,DET,DraftKings,-108.0,-112.0,0.49567,False
2025021197,2025,2026-04-02,CAR,CBJ,DraftKings,-198.0,164.0,0.636904,False
2025021194,2025,2026-04-02,NJD,WSH,DraftKings,-120.0,100.0,0.521739,False
2025021198,2025,2026-04-02,DAL,WPG,DraftKings,-155.0,130.0,0.582993,False
2025021199,2025,2026-04-02,MIN,VAN,DraftKings,-425.0,330.0,0.776833,False
2025021200,2025,2026-04-02,EDM,CHI,DraftKings,-230.0,190.0,0.669007,False
2025021201,2025,2026-04-02,VGK,CGY,DraftKings,-238.0,195.0,0.675031,False
2025021202,2025,2026-04-02,SJS,TOR,DraftKings,-135.0,114.0,0.551441,False
2025021203,2025,2026-04-02,SEA,UTA,DraftKings,120.0,-142.0,0.436508,False
2025021204,2025,2026-04-02,LAK,NSH,DraftKings,-125.0,105.0,0.532468,False
2025021205,2025,2026-04-03,NYI,PHI,DraftKings,-155.0,130.0,0.582993,False
2025021206,2025,2026-04-03,ANA,STL,DraftKings,-142.0,120.0,0.563492,False
2025021207,2025,2026-04-04,NYR,DET,DraftKings,124.0,-148.0,0.42794,False
2025021208,2025,2026-04-04,OTT,MIN,DraftKings,-130.0,110.0,0.542744,False
2025021209,2025,2026-04-04,DAL,COL,DraftKings,100.0,-120.0,0.478261,False
2025021210,2025,2026-04-04,TBL,BOS,DraftKings,-175.0,145.0,0.609236,False
2025021211,2025,2026-04-04,PIT,FLA,DraftKings,-245.0,200.0,0.680556,False
2025021212,2025,2026-04-04,NJD,MTL,DraftKings,105.0,-125.0,0.467532,False
2025021213,2025,2026-04-04,WSH,BUF,DraftKings,-105.0,-115.0,0.489166,False
2025021214,2025,2026-04-04,CAR,NYI,DraftKings,-258.0,210.0,0.690793,False
2025021215,2025,2026-04-04,CBJ,WPG,DraftKings,-148.0,124.0,0.57206,False
2025021216,2025,2026-04-04,VAN,UTA,DraftKings,190.0,-230.0,0.330993,False
2025021217,2025,2026-04-04,LAK,TOR,DraftKings,-205.0,170.0,0.644729,False
2025021218,2025,2026-04-04,EDM,VGK,DraftKings,-110.0,-110.0,0.5,False
2025021219,2025,2026-04-04,ANA,CGY,DraftKings,-155.0,130.0,0.582993,False
2025021220,2025,2026-04-04,SJS,NSH,DraftKings,-120.0,100.0,0.521739,False
2025021221,2025,2026-04-04,SEA,CHI,DraftKings,-170.0,142.0,0.603757,False
2025021222,2025,2026-04-05,DET,MIN,DraftKings,114.0,-135.0,0.448559,False
2025021223,2025,2026-04-05,PIT,FLA,DraftKings,-250.0,205.0,0.685393,False
2025021224,2025,2026-04-05,PHI,BOS,DraftKings,-162.0,136.0,0.59337,False
2025021225,2025,2026-04-05,OTT,CAR,DraftKings,100.0,-120.0,0.478261,False
2025021226,2025,2026-04-05,MTL,NJD,DraftKings,-148.0,124.0,0.57206,False
2025021227,2025,2026-04-05,NYR,WSH,DraftKings,-105.0,-115.0,0.489166,False
2025021228,2025,2026-04-05,COL,STL,DraftKings,-198.0,164.0,0.636904,False
2025021229,2025,2026-04-06,BUF,TBL,DraftKings,102.0,-122.0,0.473913,False
2025021230,2025,2026-04-06,WPG,SEA,DraftKings,-166.0,140.0,0.599639,False
2025021231,2025,2026-04-06,SJS,CHI,DraftKings,-162.0,136.0,0.59337,False
2025021232,2025,2026-04-06,LAK,NSH,DraftKings,-135.0,114.0,0.551441,False
2025021233,2025,2026-04-07,MTL,FLA,DraftKings,-290.0,235.0,0.713551,False
2025021234,2025,2026-04-07,OTT,TBL,DraftKings,-142.0,120.0,0.563492,False
2025021235,2025,2026-04-07,DET,CBJ,DraftKings,-110.0,-110.0,0.5,False
2025021236,2025,2026-04-07,NJD,PHI,DraftKings,-125.0,105.0,0.532468,False
2025021237,2025,2026-04-07,CAR,BOS,DraftKings,-185.0,154.0,0.622467,False
2025021238,2025,2026-04-07,STL,COL,DraftKings,130.0,-155.0,0.417007,False
2025021239,2025,2026-04-07,DAL,CGY,DraftKings,-258.0,210.0,0.690793,False
2025021240,2025,2026-04-07,MIN,SEA,DraftKings,-270.0,220.0,0.700162,False
2025021241,2025,2026-04-07,UTA,EDM,DraftKings,-135.0,114.0,0.551441,False
2025021242,2025,2026-04-07,VAN,VGK,DraftKings,210.0,-258.0,0.309207,False
2025021243,2025,2026-04-07,ANA,NSH,DraftKings,-155.0,130.0,0.582993,False
2025021244,2025,2026-04-08,NYR,BUF,DraftKings,114.0,-135.0,0.448559,False
2025021245,2025,2026-04-08,TOR,WSH,DraftKings,130.0,-155.0,0.417007,False
2025021246,2025,2026-04-08,SJS,EDM,DraftKings,-112.0,-108.0,0.50433,False
2025021252,2025,2026-04-09,NYI,TOR,DraftKings,-305.0,245.0,0.722079,False
2025021247,2025,2026-04-09,BUF,CBJ,DraftKings,-102.0,-118.0,0.482636,False
2025021248,2025,2026-04-09,MTL,TBL,DraftKings,102.0,-122.0,0.473913,False
2025021249,2025,2026-04-09,OTT,FLA,DraftKings,-395.0,310.0,0.765902,False
2025021250,2025,2026-04-09,DET,PHI,DraftKings,-118.0,-102.0,0.517364,False
2025021251,2025,2026-04-09,NJD,PIT,DraftKings,-108.0,-112.0,0.49567,False
2025021253,2025,2026-04-09,STL,WPG,DraftKings,-115.0,-105.0,0.510834,False
2025021255,2025,2026-04-09,CHI,CAR,DraftKings,154.0,-185.0,0.377533,False
2025021254,2025,2026-04-09,DAL,MIN,DraftKings,-122.0,102.0,0.526087,False
2025021256,2025,2026-04-09,COL,CGY,DraftKings,-340.0,270.0,0.740872,False
2025021257,2025,2026-04-09,UTA,NSH,DraftKings,-180.0,150.0,0.616438,False
2025021258,2025,2026-04-09,ANA,SJS,DraftKings,-175.0,145.0,0.609236,False
2025021259,2025,2026-04-09,SEA,VGK,DraftKings,160.0,-192.0,0.36906,False
2025021260,2025,2026-04-09,LAK,VAN,DraftKings,-290.0,235.0,0.713551,False
2025021261,2025,2026-04-11,BOS,TBL,DraftKings,-105.0,-115.0,0.489166,False
2025021262,2025,2026-04-11,NYI,OTT,DraftKings,110.0,-130.0,0.457256,False
2025021263,2025,2026-04-11,PIT,WSH,DraftKings,130.0,-155.0,0.417007,False
2025021264,2025,2026-04-11,LAK,EDM,DraftKings,-118.0,-102.0,0.517364,False
2025021265,2025,2026-04-11,DET,NJD,DraftKings,-135.0,114.0,0.551441,False
2025021266,2025,2026-04-11,CHI,STL,DraftKings,124.0,-148.0,0.42794,False
2025021267,2025,2026-04-11,NSH,MIN,DraftKings,-110.0,-110.0,0.5,False
2025021268,2025,2026-04-11,DAL,NYR,DraftKings,-180.0,150.0,0.616438,False
2025021269,2025,2026-04-11,UTA,CAR,DraftKings,-125.0,105.0,0.532468,False
2025021270,2025,2026-04-11,TOR,FLA,DraftKings,-162.0,136.0,0.59337,False
2025021271,2025,2026-04-11,MTL,CBJ,DraftKings,-130.0,110.0,0.542744,False
2025021272,2025,2026-04-11,WPG,PHI,DraftKings,-125.0,105.0,0.532468,False
2025021273,2025,2026-04-11,SEA,CGY,DraftKings,-130.0,110.0,0.542744,False
2025021274,2025,2026-04-11,COL,VGK,DraftKings,-130.0,110.0,0.542744,False
2025021275,2025,2026-04-11,SJS,VAN,DraftKings,-192.0,160.0,0.63094,False
2025021276,2025,2026-04-12,WSH,PIT,DraftKings,-148.0,124.0,0.57206,False
2025021277,2025,2026-04-12,NYI,MTL,DraftKings,-125.0,105.0,0.532468,False
2025021278,2025,2026-04-12,CBJ,BOS,DraftKings,-205.0,170.0,0.644729,False
2025021279,2025,2026-04-12,NJD,OTT,DraftKings,-125.0,105.0,0.532468,False
2025021280,2025,2026-04-12,ANA,VAN,DraftKings,-325.0,260.0,0.733542,False
2025021281,2025,2026-04-12,CGY,UTA,DraftKings,136.0,-162.0,0.40663,False
2025021282,2025,2026-04-13,TBL,DET,DraftKings,-198.0,164.0,0.636904,False
2025021283,2025,2026-04-13,FLA,NYR,DraftKings,130.0,-155.0,0.417007,False
2025021284,2025,2026-04-13,PHI,CAR,DraftKings,-162.0,136.0,0.59337,False
2025021285,2025,2026-04-13,TOR,DAL,DraftKings,160.0,-192.0,0.36906,False
2025021286,2025,2026-04-13,STL,MIN,DraftKings,-185.0,154.0,0.622467,False
2025021287,2025,2026-04-13,NSH,SJS,DraftKings,-155.0,130.0,0.582993,False
2025021288,2025,2026-04-13,CHI,BUF,DraftKings,164.0,-198.0,0.363096,False
2025021289,2025,2026-04-13,EDM,COL,DraftKings,105.0,-125.0,0.467532,False
2025021291,2025,2026-04-13,SEA,LAK,DraftKings,145.0,-175.0,0.390764,False
2025021290,2025,2026-04-13,VGK,WPG,DraftKings,-185.0,154.0,0.622467,False
2025021292,2025,2026-04-14,BOS,NJD,DraftKings,-155.0,130.0,0.582993,False
2025021293,2025,2026-04-14,NYI,CAR,DraftKings,-185.0,154.0,0.622467,False
2025021294,2025,2026-04-14,PHI,MTL,DraftKings,245.0,-305.0,0.277921,False
2025021295,2025,2026-04-14,CBJ,WSH,DraftKings,-155.0,130.0,0.582993,False
2025021296,2025,2026-04-14,MIN,ANA,DraftKings,145.0,-175.0,0.390764,False
2025021297,2025,2026-04-14,UTA,WPG,DraftKings,-218.0,180.0,0.657475,False
2025021298,2025,2026-04-14,CGY,COL,DraftKings,130.0,-155.0,0.417007,False
2025021299,2025,2026-04-14,STL,PIT,DraftKings,-218.0,180.0,0.657475,False
2025021300,2025,2026-04-14,VAN,LAK,DraftKings,136.0,-162.0,0.40663,False
2025021301,2025,2026-04-15,BUF,DAL,DraftKings,124.0,-148.0,0.42794,False
2025021302,2025,2026-04-15,TBL,NYR,DraftKings,-142.0,120.0,0.563492,False
2025021303,2025,2026-04-15,FLA,DET,DraftKings,145.0,-175.0,0.390764,False
2025021304,2025,2026-04-15,OTT,TOR,DraftKings,-198.0,164.0,0.636904,False
2025021305,2025,2026-04-15,CHI,SJS,DraftKings,105.0,-125.0,0.467532,False
2025021306,2025,2026-04-15,VGK,SEA,DraftKings,-325.0,260.0,0.733542,False
2025021309,2025,2026-04-16,UTA,STL,DraftKings,-122.0,102.0,0.526087,False
2025021307,2025,2026-04-16,NSH,ANA,DraftKings,105.0,-125.0,0.467532,False
2025021308,2025,2026-04-16,WPG,SJS,DraftKings,-162.0,136.0,0.59337,False
2025021310,2025,2026-04-16,CGY,LAK,DraftKings,145.0,-175.0,0.390764,False
2025021311,2025,2026-04-16,EDM,VAN,DraftKings,-355.0,280.0,0.747783,False
2025021312,2025,2026-04-16,COL,SEA,DraftKings,-218.0,180.0,0.657475,False
