game_id,season,home,away,provider,home_price,away_price,closing,home_prob
401584689,2023,DEN,LAL,BetfairSportsbook,-200.0,155.0,True,0.62963
401584690,2023,GS,PHX,BetfairSportsbook,-154.0,120.0,True,0.571525
401584691,2023,CHA,ATL,BetfairSportsbook,155.0,-200.0,True,0.37037
401584692,2023,IND,WSH,BetfairSportsbook,-213.0,163.0,True,0.641544
401584693,2023,NY,BOS,BetfairSportsbook,145.0,-188.0,True,0.384718
401584694,2023,ORL,HOU,BetfairSportsbook,-200.0,155.0,True,0.62963
401584695,2023,BKN,CLE,BetfairSportsbook,100.0,-125.0,True,0.473684
401584696,2023,MIA,DET,BetfairSportsbook,-500.0,333.0,True,0.783002
401584697,2023,TOR,MIN,BetfairSportsbook,-111.0,-111.0,True,0.5
401584698,2023,CHI,OKC,BetfairSportsbook,-154.0,120.0,True,0.571525
401584699,2023,MEM,NO,BetfairSportsbook,-111.0,-111.0,True,0.5
401584700,2023,UTAH,SAC,BetfairSportsbook,100.0,-125.0,True,0.473684
401584701,2023,SA,DAL,BetfairSportsbook,163.0,-213.0,True,0.358456
401584702,2023,LAC,POR,BetfairSportsbook,-500.0,333.0,True,0.783002
401584703,2023,MIL,PHI,BetfairSportsbook,-250.0,188.0,True,0.672897
401584704,2023,LAL,PHX,BetfairSportsbook,-250.0,188.0,True,0.672897
401584705,2023,CHA,DET,BetfairSportsbook,-200.0,155.0,True,0.62963
401584706,2023,MEM,DEN,BetfairSportsbook,188.0,-250.0,True,0.327103
401584707,2023,ATL,NY,BetfairSportsbook,100.0,-125.0,True,0.473684
401584708,2023,BOS,MIA,BetfairSportsbook,-450.0,310.0,True,0.770355
401584709,2023,CLE,OKC,BetfairSportsbook,-150.0,115.0,True,0.563319
401584710,2023,CHI,TOR,BetfairSportsbook,-138.0,110.0,True,0.549072
401584711,2023,SA,HOU,BetfairSportsbook,-167.0,130.0,True,0.589925
401584712,2023,DAL,BKN,BetfairSportsbook,-250.0,188.0,True,0.672897
401584713,2023,UTAH,LAC,BetfairSportsbook,145.0,-188.0,True,0.384718
401584714,2023,POR,ORL,BetfairSportsbook,138.0,-175.0,True,0.397686
401584715,2023,SAC,GS,BetfairSportsbook,-175.0,138.0,True,0.602314
401584716,2023,DET,CHI,BetfairSportsbook,115.0,-150.0,True,0.436681
401584717,2023,WSH,MEM,BetfairSportsbook,-111.0,-111.0,True,0.5
401584718,2023,NO,NY,BetfairSportsbook,-154.0,120.0,True,0.571525
401584719,2023,CLE,IND,BetfairSportsbook,145.0,-188.0,True,0.384718
401584720,2023,TOR,PHI,BetfairSportsbook,163.0,-213.0,True,0.358456
401584721,2023,MIN,MIA,BetfairSportsbook,-350.0,250.0,True,0.731343
401584722,2023,PHX,UTAH,BetfairSportsbook,-225.0,170.0,True,0.651475
401584723,2023,OKC,DEN,BetfairSportsbook,138.0,-175.0,True,0.397686
401584724,2023,HOU,GS,BetfairSportsbook,210.0,-275.0,True,0.305499
401584725,2023,MIL,ATL,BetfairSportsbook,-275.0,210.0,True,0.694501
401584726,2023,PHI,POR,BetfairSportsbook,-500.0,333.0,True,0.783002
401584727,2023,LAC,SA,BetfairSportsbook,-450.0,310.0,True,0.770355
401584728,2023,SAC,LAL,BetfairSportsbook,-150.0,115.0,True,0.563319
401584729,2023,CHA,BKN,BetfairSportsbook,105.0,-133.0,True,0.460793
401584730,2023,IND,CHI,BetfairSportsbook,-154.0,120.0,True,0.571525
401584731,2023,WSH,BOS,BetfairSportsbook,400.0,-600.0,True,0.189189
401584732,2023,ATL,MIN,BetfairSportsbook,115.0,-150.0,True,0.436681
401584733,2023,TOR,POR,BetfairSportsbook,-500.0,333.0,True,0.783002
401584734,2023,MEM,DAL,BetfairSportsbook,-111.0,-111.0,True,0.5
401584735,2023,MIL,MIA,BetfairSportsbook,-333.0,240.0,True,0.723358
401584736,2023,NO,GS,BetfairSportsbook,-154.0,120.0,True,0.571525
401584737,2023,OKC,DET,BetfairSportsbook,-275.0,210.0,True,0.694501
401584738,2023,DEN,UTAH,BetfairSportsbook,-450.0,310.0,True,0.770355
401584739,2023,LAL,ORL,BetfairSportsbook,-175.0,138.0,True,0.602314
401584740,2023,CLE,NY,BetfairSportsbook,100.0,-125.0,True,0.473684
401584741,2023,PHX,SA,BetfairSportsbook,-275.0,210.0,True,0.694501
401584742,2023,LAC,ORL,BetfairSportsbook,-250.0,188.0,True,0.672897
401584743,2023,DET,POR,BetfairSportsbook,-167.0,130.0,True,0.589925
401584744,2023,TOR,MIL,BetfairSportsbook,155.0,-200.0,True,0.37037
401584745,2023,ATL,WSH,BetfairSportsbook,-450.0,310.0,True,0.770355
401584746,2023,BOS,IND,BetfairSportsbook,-1000.0,550.0,True,0.855263
401584747,2023,MIA,BKN,BetfairSportsbook,-275.0,210.0,True,0.694501
401584748,2023,NY,CLE,BetfairSportsbook,-250.0,188.0,True,0.672897
401584749,2023,OKC,NO,BetfairSportsbook,-163.0,125.0,True,0.582374
401584750,2023,HOU,CHA,BetfairSportsbook,-163.0,125.0,True,0.582374
401584751,2023,MIN,DEN,BetfairSportsbook,110.0,-138.0,True,0.450928
401584752,2023,DAL,CHI,BetfairSportsbook,-175.0,138.0,True,0.602314
401584753,2023,UTAH,MEM,BetfairSportsbook,-138.0,110.0,True,0.549072
401584754,2023,GS,SAC,BetfairSportsbook,-250.0,188.0,True,0.672897
401584755,2023,LAL,LAC,BetfairSportsbook,-163.0,125.0,True,0.582374
401584756,2023,PHI,TOR,BetfairSportsbook,-300.0,225.0,True,0.709091
401584757,2023,NO,DET,BetfairSportsbook,-200.0,155.0,True,0.62963
401584758,2023,UTAH,ORL,BetfairSportsbook,100.0,-125.0,True,0.473684
401584759,2023,PHX,SA,BetfairSportsbook,-500.0,333.0,True,0.783002
401584089,2023,IND,CLE,BetfairSportsbook,110.0,-138.0,True,0.450928
401584090,2023,MIL,NY,BetfairSportsbook,-250.0,188.0,True,0.672897
401584091,2023,MIA,WSH,BetfairSportsbook,-450.0,310.0,True,0.770355
401584092,2023,CHI,BKN,BetfairSportsbook,-188.0,145.0,True,0.615282
401584093,2023,OKC,GS,BetfairSportsbook,188.0,-250.0,True,0.327103
401584094,2023,DEN,DAL,BetfairSportsbook,-225.0,170.0,True,0.651475
401584095,2023,POR,MEM,BetfairSportsbook,138.0,-175.0,True,0.397686
401584760,2023,PHI,PHX,BetfairSportsbook,-275.0,210.0,True,0.694501
401584761,2023,IND,CHA,BetfairSportsbook,-200.0,155.0,True,0.62963
401584762,2023,ORL,LAL,BetfairSportsbook,130.0,-167.0,True,0.410075
401584763,2023,NO,ATL,BetfairSportsbook,-138.0,110.0,True,0.549072
401584764,2023,BKN,BOS,BetfairSportsbook,333.0,-500.0,True,0.216998
401584765,2023,HOU,SAC,BetfairSportsbook,115.0,-150.0,True,0.436681
401584766,2023,MIN,UTAH,BetfairSportsbook,-333.0,240.0,True,0.723358
401584767,2023,DEN,CHI,BetfairSportsbook,-450.0,310.0,True,0.770355
401584768,2023,DET,PHX,BetfairSportsbook,130.0,-167.0,True,0.410075
401584769,2023,SA,TOR,BetfairSportsbook,138.0,-175.0,True,0.397686
401584770,2023,CLE,GS,BetfairSportsbook,-125.0,100.0,True,0.526316
401584771,2023,DAL,CHA,BetfairSportsbook,-600.0,400.0,True,0.810811
401584772,2023,POR,MEM,BetfairSportsbook,125.0,-163.0,True,0.417626
401584773,2023,DET,GS,BetfairSportsbook,310.0,-450.0,True,0.229645
401584774,2023,IND,SA,BetfairSportsbook,-400.0,280.0,True,0.752475
401584775,2023,ORL,DAL,BetfairSportsbook,-111.0,-111.0,True,0.5
401584776,2023,PHI,WSH,BetfairSportsbook,-600.0,400.0,True,0.810811
401584777,2023,BKN,MIL,BetfairSportsbook,163.0,-213.0,True,0.358456
401584778,2023,MIA,LAL,BetfairSportsbook,-111.0,-111.0,True,0.5
401584779,2023,NY,LAC,BetfairSportsbook,-125.0,100.0,True,0.526316
401584780,2023,CHI,UTAH,BetfairSportsbook,-188.0,145.0,True,0.615282
401584781,2023,HOU,SAC,BetfairSportsbook,110.0,-138.0,True,0.450928
401584782,2023,MIN,BOS,BetfairSportsbook,130.0,-167.0,True,0.410075
401584783,2023,OKC,ATL,BetfairSportsbook,-111.0,-111.0,True,0.5
401584784,2023,DEN,NO,BetfairSportsbook,-250.0,188.0,True,0.672897
401584785,2023,CHA,WSH,BetfairSportsbook,-138.0,110.0,True,0.549072
401584786,2023,IND,UTAH,BetfairSportsbook,-250.0,188.0,True,0.672897
401584787,2023,PHI,BOS,BetfairSportsbook,115.0,-150.0,True,0.436681
401584788,2023,BKN,LAC,BetfairSportsbook,170.0,-225.0,True,0.348525
401584789,2023,NY,SA,BetfairSportsbook,-450.0,310.0,True,0.770355
401584790,2023,CHI,PHX,BetfairSportsbook,-111.0,-111.0,True,0.5
401584791,2023,HOU,LAL,BetfairSportsbook,105.0,-133.0,True,0.460793
401584792,2023,MEM,MIA,BetfairSportsbook,105.0,-133.0,True,0.460793
401584793,2023,MIL,DET,BetfairSportsbook,-700.0,450.0,True,0.827957
401584794,2023,MIN,NO,BetfairSportsbook,-450.0,310.0,True,0.770355
401584795,2023,OKC,CLE,BetfairSportsbook,105.0,-133.0,True,0.460793
401584796,2023,DAL,TOR,BetfairSportsbook,-188.0,145.0,True,0.615282
401584797,2023,DEN,GS,BetfairSportsbook,-200.0,155.0,True,0.62963
401584798,2023,SAC,POR,BetfairSportsbook,-350.0,250.0,True,0.731343
401584799,2023,IND,MIL,BetfairSportsbook,-111.0,-111.0,True,0.5
401584800,2023,ORL,ATL,BetfairSportsbook,130.0,-167.0,True,0.410075
401584096,2023,DET,PHI,BetfairSportsbook,280.0,-400.0,True,0.247525
401584097,2023,WSH,CHA,BetfairSportsbook,-163.0,125.0,True,0.582374
401584098,2023,BOS,BKN,BetfairSportsbook,-700.0,450.0,True,0.827957
401584099,2023,HOU,NO,BetfairSportsbook,-163.0,125.0,True,0.582374
401584100,2023,MEM,UTAH,BetfairSportsbook,-213.0,163.0,True,0.641544
401584101,2023,SA,MIN,BetfairSportsbook,225.0,-300.0,True,0.290909
401584102,2023,DAL,LAC,BetfairSportsbook,-125.0,100.0,True,0.526316
401584103,2023,PHX,LAL,BetfairSportsbook,-133.0,105.0,True,0.539207
401584104,2023,SAC,OKC,BetfairSportsbook,100.0,-125.0,True,0.473684
401584801,2023,ORL,MIL,BetfairSportsbook,110.0,-138.0,True,0.450928
401584802,2023,BOS,TOR,BetfairSportsbook,-450.0,310.0,True,0.770355
401584803,2023,ATL,MIA,BetfairSportsbook,-333.0,240.0,True,0.723358
401584804,2023,GS,CLE,BetfairSportsbook,-188.0,145.0,True,0.615282
401584805,2023,NY,CHA,BetfairSportsbook,-600.0,400.0,True,0.810811
401584806,2023,BKN,WSH,BetfairSportsbook,-275.0,210.0,True,0.694501
401584807,2023,LAC,MEM,BetfairSportsbook,-350.0,250.0,True,0.731343
401584808,2023,PHI,IND,BetfairSportsbook,-275.0,210.0,True,0.694501
401584809,2023,CHI,DET,BetfairSportsbook,-250.0,188.0,True,0.672897
401584810,2023,HOU,DEN,BetfairSportsbook,155.0,-200.0,True,0.37037
401584811,2023,NO,DAL,BetfairSportsbook,138.0,-175.0,True,0.397686
401584812,2023,SA,MIA,BetfairSportsbook,105.0,-133.0,True,0.460793
401584813,2023,PHX,OKC,BetfairSportsbook,-175.0,138.0,True,0.602314
401584814,2023,GS,MIN,BetfairSportsbook,-154.0,120.0,True,0.571525
401584815,2023,LAL,POR,BetfairSportsbook,-400.0,280.0,True,0.752475
401584816,2023,BOS,NY,BetfairSportsbook,-500.0,333.0,True,0.783002
401584817,2023,TOR,WSH,BetfairSportsbook,-350.0,250.0,True,0.731343
401584818,2023,MIL,CHI,BetfairSportsbook,-500.0,333.0,True,0.783002
401584819,2023,SAC,CLE,BetfairSportsbook,-111.0,-111.0,True,0.5
401584105,2023,CHA,MIA,BetfairSportsbook,188.0,-250.0,True,0.327103
401584106,2023,DET,ATL,BetfairSportsbook,155.0,-200.0,True,0.37037
401584107,2023,PHI,IND,BetfairSportsbook,-275.0,188.0,True,0.678663
401584108,2023,BKN,ORL,BetfairSportsbook,-150.0,115.0,True,0.563319
401584109,2023,OKC,SA,BetfairSportsbook,-500.0,333.0,True,0.783002
401584110,2023,NO,DAL,BetfairSportsbook,130.0,-167.0,True,0.410075
401584111,2023,UTAH,POR,BetfairSportsbook,-275.0,210.0,True,0.694501
401584112,2023,DEN,LAC,BetfairSportsbook,-188.0,145.0,True,0.615282
401584113,2023,GS,MIN,BetfairSportsbook,130.0,-167.0,True,0.410075
401584114,2023,LAL,MEM,BetfairSportsbook,-275.0,210.0,True,0.694501
401584820,2023,WSH,DAL,BetfairSportsbook,145.0,-188.0,True,0.384718
401584821,2023,ATL,NY,BetfairSportsbook,-125.0,100.0,True,0.526316
401584822,2023,PHI,BOS,BetfairSportsbook,-111.0,-111.0,True,0.5
401584823,2023,TOR,MIL,BetfairSportsbook,-111.0,-111.0,True,0.5
401584824,2023,CHI,ORL,BetfairSportsbook,-138.0,110.0,True,0.549072
401584825,2023,PHX,MIN,BetfairSportsbook,-200.0,155.0,True,0.62963
401584826,2023,LAL,SAC,BetfairSportsbook,-111.0,-111.0,True,0.5
401584827,2023,POR,CLE,BetfairSportsbook,310.0,-450.0,True,0.229645
401584828,2023,MIA,BKN,BetfairSportsbook,-175.0,138.0,True,0.602314
401584829,2023,GS,OKC,BetfairSportsbook,130.0,-167.0,True,0.410075
401584115,2023,CHA,MIL,BetfairSportsbook,280.0,-400.0,True,0.247525
401584116,2023,WSH,NY,BetfairSportsbook,210.0,-275.0,True,0.305499
401584117,2023,ATL,PHI,BetfairSportsbook,100.0,-125.0,True,0.473684
401584118,2023,CLE,DET,BetfairSportsbook,-450.0,310.0,True,0.770355
401584119,2023,TOR,BOS,BetfairSportsbook,280.0,-400.0,True,0.247525
401584120,2023,SA,SAC,BetfairSportsbook,280.0,-400.0,True,0.247525
401584121,2023,CHI,ORL,BetfairSportsbook,-175.0,138.0,True,0.602314
401584122,2023,NO,DEN,BetfairSportsbook,155.0,-200.0,True,0.37037
401584123,2023,UTAH,PHX,BetfairSportsbook,163.0,-213.0,True,0.358456
401584124,2023,POR,LAL,BetfairSportsbook,310.0,-450.0,True,0.229645
401584125,2023,LAC,HOU,BetfairSportsbook,-300.0,225.0,True,0.709091
401584830,2023,CHA,NY,BetfairSportsbook,210.0,-275.0,True,0.305499
401584831,2023,NO,MIN,BetfairSportsbook,225.0,-300.0,True,0.290909
401584832,2023,CHI,MIA,BetfairSportsbook,110.0,-138.0,True,0.450928
401584833,2023,MIL,DAL,BetfairSportsbook,-133.0,105.0,True,0.539207
401584834,2023,SA,MEM,BetfairSportsbook,130.0,-167.0,True,0.410075
401584835,2023,GS,OKC,BetfairSportsbook,-133.0,105.0,True,0.539207
401584836,2023,BKN,PHI,BetfairSportsbook,138.0,-175.0,True,0.397686
401584839,2023,TOR,DET,BetfairSportsbook,-450.0,310.0,True,0.770355
401584837,2023,IND,ORL,BetfairSportsbook,-200.0,155.0,True,0.62963
401584838,2023,CLE,DEN,BetfairSportsbook,155.0,-200.0,True,0.37037
401584840,2023,DAL,SAC,BetfairSportsbook,-125.0,100.0,True,0.526316
401584841,2023,MEM,BOS,BetfairSportsbook,450.0,-700.0,True,0.172043
401584842,2023,UTAH,PHX,BetfairSportsbook,155.0,-200.0,True,0.37037
401584843,2023,POR,OKC,BetfairSportsbook,210.0,-275.0,True,0.305499
401584844,2023,LAL,HOU,BetfairSportsbook,-250.0,188.0,True,0.672897
401584845,2023,CHA,BOS,BetfairSportsbook,280.0,-400.0,True,0.247525
401584846,2023,DET,DEN,BetfairSportsbook,333.0,-500.0,True,0.216998
401584847,2023,WSH,MIL,BetfairSportsbook,333.0,-500.0,True,0.216998
401584848,2023,CHI,MIA,BetfairSportsbook,100.0,-125.0,True,0.473684
401584849,2023,MIN,NY,BetfairSportsbook,-150.0,115.0,True,0.563319
401584850,2023,NO,SAC,BetfairSportsbook,100.0,-125.0,True,0.473684
401584851,2023,SA,LAC,BetfairSportsbook,310.0,-450.0,True,0.229645
401584852,2023,GS,HOU,BetfairSportsbook,-300.0,225.0,True,0.709091
401584126,2023,ORL,TOR,BetfairSportsbook,-111.0,-111.0,True,0.5
401584127,2023,ATL,IND,BetfairSportsbook,-175.0,138.0,True,0.602314
401584128,2023,PHI,CLE,BetfairSportsbook,-350.0,250.0,True,0.731343
401584129,2023,PHX,POR,BetfairSportsbook,-800.0,500.0,True,0.842105
401584130,2023,LAL,UTAH,BetfairSportsbook,-333.0,240.0,True,0.723358
401584853,2023,CHA,WSH,BetfairSportsbook,-188.0,145.0,True,0.615282
401584854,2023,ORL,DEN,BetfairSportsbook,120.0,-154.0,True,0.428475
401584855,2023,ATL,BKN,BetfairSportsbook,-163.0,125.0,True,0.582374
401584856,2023,BOS,MIL,BetfairSportsbook,-250.0,188.0,True,0.672897
401584857,2023,CLE,MIA,BetfairSportsbook,-125.0,100.0,True,0.526316
401584858,2023,IND,TOR,BetfairSportsbook,-154.0,120.0,True,0.571525
401584859,2023,HOU,MEM,BetfairSportsbook,-213.0,163.0,True,0.641544
401584860,2023,MIN,PHI,BetfairSportsbook,-275.0,210.0,True,0.694501
401584861,2023,NO,SAC,BetfairSportsbook,100.0,-125.0,True,0.473684
401584862,2023,OKC,CHI,BetfairSportsbook,-333.0,240.0,True,0.723358
401584863,2023,SA,LAC,BetfairSportsbook,240.0,-333.0,True,0.276642
401584864,2023,PHX,GS,BetfairSportsbook,-150.0,115.0,True,0.563319
401584865,2023,POR,UTAH,BetfairSportsbook,130.0,-167.0,True,0.410075
401584866,2023,LAL,DAL,BetfairSportsbook,-111.0,-111.0,True,0.5
401584131,2023,ORL,BOS,BetfairSportsbook,163.0,-213.0,True,0.358456
401584132,2023,MEM,PHX,BetfairSportsbook,130.0,-167.0,True,0.410075
401584133,2023,NY,MIA,BetfairSportsbook,-225.0,170.0,True,0.651475
401584134,2023,TOR,CHI,BetfairSportsbook,-200.0,155.0,True,0.62963
401584135,2023,IND,DET,BetfairSportsbook,-450.0,310.0,True,0.770355
401584136,2023,HOU,DEN,BetfairSportsbook,120.0,-154.0,True,0.428475
401584137,2023,MIL,WSH,BetfairSportsbook,-1000.0,550.0,True,0.855263
401584138,2023,MIN,SAC,BetfairSportsbook,-200.0,155.0,True,0.62963
401584139,2023,GS,SA,BetfairSportsbook,-500.0,333.0,True,0.783002
401584140,2023,LAC,NO,BetfairSportsbook,-213.0,163.0,True,0.641544
401584867,2023,OKC,PHI,BetfairSportsbook,-111.0,-111.0,True,0.5
401584868,2023,BKN,MIA,BetfairSportsbook,-300.0,225.0,True,0.709091
401584869,2023,WSH,ATL,BetfairSportsbook,250.0,-350.0,True,0.268657
401584870,2023,CLE,LAL,BetfairSportsbook,-175.0,138.0,True,0.602314
401584871,2023,UTAH,NO,BetfairSportsbook,120.0,-154.0,True,0.428475
401584872,2023,LAC,DAL,BetfairSportsbook,-111.0,-111.0,True,0.5
401584873,2023,MIL,POR,BetfairSportsbook,-1000.0,550.0,True,0.855263
401584874,2023,BOS,ATL,BetfairSportsbook,-300.0,225.0,True,0.709091
401584875,2023,NY,PHX,BetfairSportsbook,-250.0,188.0,True,0.672897
401584876,2023,ORL,CHA,BetfairSportsbook,-275.0,210.0,True,0.694501
401584877,2023,MEM,MIN,BetfairSportsbook,188.0,-250.0,True,0.327103
401584878,2023,BKN,CHI,BetfairSportsbook,-154.0,120.0,True,0.571525
401584879,2023,CLE,TOR,BetfairSportsbook,-167.0,130.0,True,0.589925
401584880,2023,DEN,SA,BetfairSportsbook,-500.0,333.0,True,0.783002
401584881,2023,DET,WSH,BetfairSportsbook,-150.0,115.0,True,0.563319
401584882,2023,IND,POR,BetfairSportsbook,-700.0,450.0,True,0.827957
401584883,2023,PHI,LAL,BetfairSportsbook,-250.0,188.0,True,0.672897
401584884,2023,UTAH,NO,BetfairSportsbook,188.0,-250.0,True,0.327103
401584885,2023,LAC,DEN,BetfairSportsbook,-600.0,400.0,True,0.810811
401584141,2023,BOS,CHI,BetfairSportsbook,-800.0,500.0,True,0.842105
401584142,2023,BKN,TOR,BetfairSportsbook,-125.0,100.0,True,0.526316
401584143,2023,CLE,ATL,BetfairSportsbook,-200.0,155.0,True,0.62963
401584144,2023,MIA,MIL,BetfairSportsbook,145.0,-188.0,True,0.384718
401584145,2023,NY,CHA,BetfairSportsbook,-600.0,400.0,True,0.810811
401584146,2023,MIN,OKC,BetfairSportsbook,-163.0,125.0,True,0.582374
401584147,2023,DAL,HOU,BetfairSportsbook,-200.0,155.0,True,0.62963
401584148,2023,SAC,GS,BetfairSportsbook,-138.0,110.0,True,0.549072
401584886,2023,DET,LAL,BetfairSportsbook,225.0,-300.0,True,0.290909
401584887,2023,ORL,WSH,BetfairSportsbook,-500.0,333.0,True,0.783002
401584888,2023,TOR,PHX,BetfairSportsbook,138.0,-175.0,True,0.397686
401584889,2023,MEM,UTAH,BetfairSportsbook,-167.0,130.0,True,0.589925
401584890,2023,NO,PHI,BetfairSportsbook,-150.0,115.0,True,0.563319
401584891,2023,DEN,HOU,BetfairSportsbook,-500.0,333.0,True,0.783002
401584892,2023,SAC,LAC,BetfairSportsbook,100.0,-125.0,True,0.473684
401584893,2023,CLE,POR,BetfairSportsbook,-600.0,400.0,True,0.810811
401584894,2023,BKN,CHA,BetfairSportsbook,-400.0,280.0,True,0.752475
401584895,2023,MIA,IND,BetfairSportsbook,-188.0,145.0,True,0.615282
401584896,2023,NY,DET,BetfairSportsbook,-1000.0,550.0,True,0.855263
401584897,2023,CHI,MIL,BetfairSportsbook,400.0,-600.0,True,0.189189
401584898,2023,MIN,UTAH,BetfairSportsbook,-600.0,400.0,True,0.810811
401584899,2023,OKC,LAL,BetfairSportsbook,-213.0,163.0,True,0.641544
401584900,2023,SA,ATL,BetfairSportsbook,188.0,-250.0,True,0.327103
401584901,2023,GS,LAC,BetfairSportsbook,-133.0,105.0,True,0.539207
401584902,2023,ORL,WSH,BetfairSportsbook,-500.0,333.0,True,0.783002
401584903,2023,BOS,PHI,BetfairSportsbook,-800.0,500.0,True,0.842105
401584904,2023,TOR,NY,BetfairSportsbook,-125.0,100.0,True,0.526316
401584905,2023,DAL,MEM,BetfairSportsbook,-250.0,188.0,True,0.672897
401584906,2023,NO,SA,BetfairSportsbook,-800.0,500.0,True,0.842105
401584907,2023,PHX,DEN,BetfairSportsbook,-111.0,-111.0,True,0.5
401584908,2023,LAC,GS,BetfairSportsbook,-225.0,170.0,True,0.651475
401584909,2023,CHA,MIN,BetfairSportsbook,170.0,-225.0,True,0.348525
401584910,2023,BKN,ORL,BetfairSportsbook,-138.0,110.0,True,0.549072
401584911,2023,DET,CLE,BetfairSportsbook,310.0,-450.0,True,0.229645
401584912,2023,MIA,IND,BetfairSportsbook,-213.0,163.0,True,0.641544
401584913,2023,CHI,NO,BetfairSportsbook,100.0,-125.0,True,0.473684
401584914,2023,MIL,ATL,BetfairSportsbook,-275.0,210.0,True,0.694501
401584915,2023,DAL,OKC,BetfairSportsbook,170.0,-225.0,True,0.348525
401584916,2023,PHX,MEM,BetfairSportsbook,-500.0,333.0,True,0.783002
401584917,2023,UTAH,POR,BetfairSportsbook,-125.0,100.0,True,0.526316
401584918,2023,SAC,DEN,BetfairSportsbook,-154.0,120.0,True,0.571525
401584919,2023,LAL,HOU,BetfairSportsbook,-200.0,155.0,True,0.62963
401607491,2023,IND,BOS,BetfairSportsbook,163.0,-213.0,True,0.358456
401607492,2023,SAC,NO,BetfairSportsbook,-167.0,130.0,True,0.589925
401607489,2023,MIL,NY,BetfairSportsbook,-213.0,163.0,True,0.641544
401607490,2023,LAL,PHX,BetfairSportsbook,-125.0,100.0,True,0.526316
401616459,2023,CLE,ORL,BetfairSportsbook,-188.0,145.0,True,0.615282
401616460,2023,DET,MEM,BetfairSportsbook,105.0,-133.0,True,0.460793
401616462,2023,WSH,PHI,BetfairSportsbook,333.0,-500.0,True,0.216998
401616461,2023,TOR,MIA,BetfairSportsbook,-188.0,145.0,True,0.615282
401616463,2023,ATL,BKN,BetfairSportsbook,-167.0,130.0,True,0.589925
401616464,2023,MIN,SA,BetfairSportsbook,-700.0,450.0,True,0.827957
401616465,2023,CHI,CHA,BetfairSportsbook,-200.0,155.0,True,0.62963
401616466,2023,HOU,OKC,BetfairSportsbook,105.0,-133.0,True,0.460793
401616467,2023,DAL,UTAH,BetfairSportsbook,-700.0,450.0,True,0.827957
401616468,2023,GS,POR,BetfairSportsbook,-800.0,500.0,True,0.842105
401616469,2023,LAC,DEN,BetfairSportsbook,-111.0,-111.0,True,0.5
401607494,2023,MIL,IND,BetfairSportsbook,-225.0,170.0,True,0.651475
401607493,2023,LAL,NO,BetfairSportsbook,-138.0,110.0,True,0.549072
401616470,2023,CHA,TOR,BetfairSportsbook,170.0,-225.0,True,0.348525
401616471,2023,ORL,DET,BetfairSportsbook,-500.0,333.0,True,0.783002
401616472,2023,PHI,ATL,BetfairSportsbook,-400.0,280.0,True,0.752475
401616473,2023,BKN,WSH,BetfairSportsbook,-450.0,310.0,True,0.770355
401617579,2023,BOS,NY,BetfairSportsbook,-300.0,225.0,True,0.709091
401616474,2023,MIA,CLE,BetfairSportsbook,-111.0,-111.0,True,0.5
401616475,2023,MEM,MIN,BetfairSportsbook,170.0,-225.0,True,0.348525
401616476,2023,OKC,GS,BetfairSportsbook,-163.0,125.0,True,0.582374
401616477,2023,SA,CHI,BetfairSportsbook,105.0,-133.0,True,0.460793
401616478,2023,DEN,HOU,BetfairSportsbook,-450.0,310.0,True,0.770355
401617581,2023,PHX,SAC,BetfairSportsbook,120.0,-154.0,True,0.428475
401616479,2023,UTAH,LAC,BetfairSportsbook,240.0,-333.0,True,0.276642
401616480,2023,POR,DAL,BetfairSportsbook,333.0,-500.0,True,0.216998
401607495,2023,LAL,IND,ESPN BET,-175.0,145.0,True,0.609236
401584920,2023,CHA,MIA,BetfairSportsbook,155.0,-200.0,True,0.37037
401584921,2023,DET,IND,BetfairSportsbook,225.0,-300.0,True,0.290909
401584922,2023,ORL,CLE,BetfairSportsbook,-150.0,115.0,True,0.563319
401584923,2023,PHI,WSH,BetfairSportsbook,-1000.0,550.0,True,0.855263
401584924,2023,ATL,DEN,BetfairSportsbook,120.0,-154.0,True,0.428475
401584925,2023,NY,TOR,BetfairSportsbook,-188.0,145.0,True,0.615282
401584926,2023,HOU,SA,BetfairSportsbook,-450.0,310.0,True,0.770355
401584927,2023,MEM,DAL,BetfairSportsbook,-111.0,-111.0,True,0.5
401584928,2023,MIL,CHI,BetfairSportsbook,-700.0,450.0,True,0.827957
401584929,2023,NO,MIN,BetfairSportsbook,-175.0,138.0,True,0.602314
401584930,2023,OKC,UTAH,BetfairSportsbook,-800.0,500.0,True,0.842105
401584931,2023,SAC,BKN,BetfairSportsbook,-200.0,155.0,True,0.62963
401584932,2023,LAC,POR,BetfairSportsbook,-1200.0,650.0,True,0.873786
401584933,2023,BOS,CLE,BetfairSportsbook,-700.0,450.0,True,0.827957
401584934,2023,DAL,LAL,BetfairSportsbook,130.0,-167.0,True,0.410075
401584935,2023,CHI,DEN,BetfairSportsbook,188.0,-250.0,True,0.327103
401584936,2023,PHX,GS,BetfairSportsbook,100.0,-125.0,True,0.473684
401584937,2023,LAC,SAC,BetfairSportsbook,-175.0,138.0,True,0.602314
401584938,2023,DET,PHI,BetfairSportsbook,450.0,-700.0,True,0.172043
401584939,2023,WSH,NO,BetfairSportsbook,210.0,-275.0,True,0.305499
401584940,2023,MIA,CHA,BetfairSportsbook,-333.0,240.0,True,0.723358
401584941,2023,TOR,ATL,BetfairSportsbook,-138.0,110.0,True,0.549072
401584942,2023,HOU,MEM,BetfairSportsbook,-500.0,333.0,True,0.783002
401584943,2023,MIL,IND,BetfairSportsbook,-250.0,188.0,True,0.672897
401584944,2023,SA,LAL,BetfairSportsbook,138.0,-175.0,True,0.397686
401584945,2023,PHX,BKN,BetfairSportsbook,-213.0,163.0,True,0.641544
401584946,2023,UTAH,NY,BetfairSportsbook,188.0,-250.0,True,0.327103
401584947,2023,BOS,CLE,BetfairSportsbook,-400.0,280.0,True,0.752475
401584948,2023,MIA,CHI,BetfairSportsbook,-175.0,138.0,True,0.602314
401584949,2023,DAL,MIN,BetfairSportsbook,105.0,-133.0,True,0.460793
401584950,2023,DEN,BKN,BetfairSportsbook,-450.0,310.0,True,0.770355
401584951,2023,POR,UTAH,BetfairSportsbook,-213.0,163.0,True,0.641544
401584952,2023,SAC,OKC,BetfairSportsbook,-138.0,110.0,True,0.549072
401584953,2023,LAC,GS,BetfairSportsbook,-138.0,110.0,True,0.549072
401584954,2023,CHA,NO,BetfairSportsbook,310.0,-450.0,True,0.229645
401584955,2023,PHI,DET,BetfairSportsbook,-1200.0,650.0,True,0.873786
401584956,2023,WSH,IND,BetfairSportsbook,240.0,-333.0,True,0.276642
401584957,2023,BOS,ORL,BetfairSportsbook,-250.0,188.0,True,0.672897
401584958,2023,TOR,ATL,BetfairSportsbook,-138.0,110.0,True,0.549072
401584959,2023,SA,LAL,BetfairSportsbook,145.0,-188.0,True,0.384718
401584960,2023,MEM,HOU,BetfairSportsbook,115.0,-150.0,True,0.436681
401584961,2023,PHX,NY,BetfairSportsbook,-213.0,163.0,True,0.641544
401584962,2023,MIL,DET,BetfairSportsbook,-1400.0,700.0,True,0.88189
401584963,2023,CHA,PHI,BetfairSportsbook,450.0,-700.0,True,0.172043
401584964,2023,CLE,ATL,BetfairSportsbook,-200.0,155.0,True,0.62963
401584965,2023,MIA,CHI,BetfairSportsbook,-200.0,155.0,True,0.62963
401584966,2023,MIN,IND,BetfairSportsbook,-500.0,333.0,True,0.783002
401584967,2023,GS,BKN,BetfairSportsbook,-175.0,138.0,True,0.602314
401584968,2023,DEN,OKC,BetfairSportsbook,-225.0,170.0,True,0.651475
401584969,2023,POR,DAL,BetfairSportsbook,155.0,-200.0,True,0.37037
401584970,2023,SAC,UTAH,BetfairSportsbook,-350.0,250.0,True,0.731343
401584971,2023,LAC,NY,BetfairSportsbook,-275.0,210.0,True,0.694501
401584972,2023,BOS,ORL,BetfairSportsbook,-400.0,280.0,True,0.752475
401584973,2023,SA,NO,BetfairSportsbook,240.0,-333.0,True,0.276642
401584974,2023,MIL,HOU,BetfairSportsbook,-275.0,210.0,True,0.694501
401584975,2023,PHX,WSH,BetfairSportsbook,-1000.0,550.0,True,0.855263
401584976,2023,POR,GS,BetfairSportsbook,188.0,-250.0,True,0.327103
401584977,2023,CLE,HOU,BetfairSportsbook,-175.0,138.0,True,0.602314
401584978,2023,IND,LAC,BetfairSportsbook,155.0,-200.0,True,0.37037
401584979,2023,PHI,CHI,BetfairSportsbook,-500.0,333.0,True,0.783002
401584980,2023,ATL,DET,BetfairSportsbook,-700.0,450.0,True,0.827957
401584981,2023,MIA,MIN,BetfairSportsbook,105.0,-133.0,True,0.460793
401584982,2023,TOR,CHA,BetfairSportsbook,-800.0,500.0,True,0.842105
401584983,2023,OKC,MEM,BetfairSportsbook,-500.0,333.0,True,0.783002
401584984,2023,DEN,DAL,BetfairSportsbook,-350.0,250.0,True,0.731343
401584985,2023,UTAH,BKN,BetfairSportsbook,125.0,-163.0,True,0.417626
401584986,2023,SAC,WSH,BetfairSportsbook,-1000.0,550.0,True,0.855263
401584987,2023,LAL,NY,BetfairSportsbook,-200.0,155.0,True,0.62963
401584988,2023,NO,MEM,BetfairSportsbook,-450.0,310.0,True,0.770355
401584989,2023,MIL,SA,BetfairSportsbook,-1600.0,750.0,True,0.888889
401584990,2023,GS,BOS,BetfairSportsbook,163.0,-213.0,True,0.358456
401584991,2023,POR,PHX,BetfairSportsbook,225.0,-300.0,True,0.290909
401584992,2023,CLE,UTAH,BetfairSportsbook,-167.0,130.0,True,0.589925
401584993,2023,IND,CHA,BetfairSportsbook,-500.0,333.0,True,0.783002
401584994,2023,ORL,MIA,BetfairSportsbook,-225.0,170.0,True,0.651475
401584995,2023,PHI,MIN,BetfairSportsbook,-188.0,145.0,True,0.615282
401584996,2023,BKN,NY,BetfairSportsbook,-111.0,-111.0,True,0.5
401584997,2023,TOR,DEN,BetfairSportsbook,138.0,-175.0,True,0.397686
401584998,2023,CHI,LAL,BetfairSportsbook,145.0,-188.0,True,0.384718
401584999,2023,HOU,ATL,BetfairSportsbook,-150.0,115.0,True,0.563319
401585000,2023,DAL,LAC,BetfairSportsbook,110.0,-138.0,True,0.450928
401585001,2023,SAC,BOS,BetfairSportsbook,-175.0,138.0,True,0.602314
401585002,2023,DET,UTAH,BetfairSportsbook,-138.0,110.0,True,0.549072
401585003,2023,CLE,NO,BetfairSportsbook,130.0,-167.0,True,0.410075
401585004,2023,CHI,SA,BetfairSportsbook,-250.0,188.0,True,0.672897
401585005,2023,MEM,IND,BetfairSportsbook,-150.0,115.0,True,0.563319
401585006,2023,MIL,ORL,BetfairSportsbook,-400.0,280.0,True,0.752475
401585007,2023,OKC,LAC,BetfairSportsbook,-250.0,188.0,True,0.672897
401585008,2023,MIN,LAL,BetfairSportsbook,-333.0,240.0,True,0.723358
401585009,2023,POR,WSH,BetfairSportsbook,-200.0,155.0,True,0.62963
401585010,2023,PHI,TOR,BetfairSportsbook,-300.0,225.0,True,0.709091
401585011,2023,BKN,DEN,BetfairSportsbook,163.0,-213.0,True,0.358456
401585012,2023,MIA,ATL,BetfairSportsbook,-111.0,-111.0,True,0.5
401585013,2023,HOU,DAL,BetfairSportsbook,-350.0,250.0,True,0.731343
401585015,2023,SAC,PHX,BetfairSportsbook,-200.0,155.0,True,0.62963
401585014,2023,GS,WSH,BetfairSportsbook,-500.0,333.0,True,0.783002
401585016,2023,NY,MIL,BetfairSportsbook,110.0,-138.0,True,0.450928
401585017,2023,LAC,BOS,BetfairSportsbook,145.0,-188.0,True,0.384718
401585018,2023,CHA,DEN,BetfairSportsbook,400.0,-600.0,True,0.189189
401585019,2023,IND,ORL,BetfairSportsbook,-150.0,115.0,True,0.563319
401585020,2023,NO,HOU,BetfairSportsbook,-300.0,225.0,True,0.709091
401585021,2023,ATL,MEM,BetfairSportsbook,-125.0,100.0,True,0.526316
401585022,2023,BKN,DET,BetfairSportsbook,-500.0,333.0,True,0.783002
401585023,2023,TOR,UTAH,BetfairSportsbook,-225.0,170.0,True,0.651475
401585024,2023,CHI,CLE,BetfairSportsbook,-250.0,188.0,True,0.672897
401585025,2023,OKC,LAL,BetfairSportsbook,-175.0,138.0,True,0.602314
401585026,2023,DAL,SA,BetfairSportsbook,-350.0,250.0,True,0.731343
401585027,2023,GS,POR,BetfairSportsbook,-350.0,250.0,True,0.731343
401585028,2023,SAC,MIN,BetfairSportsbook,-133.0,105.0,True,0.539207
401585029,2023,NY,MIL,BetfairSportsbook,138.0,-175.0,True,0.397686
401585030,2023,DEN,GS,BetfairSportsbook,-333.0,240.0,True,0.723358
401585031,2023,LAL,BOS,BetfairSportsbook,163.0,-213.0,True,0.358456
401585032,2023,MIA,PHI,BetfairSportsbook,-150.0,115.0,True,0.563319
401585033,2023,PHX,DAL,BetfairSportsbook,-188.0,145.0,True,0.615282
401585034,2023,DET,BKN,BetfairSportsbook,188.0,-250.0,True,0.327103
401585035,2023,WSH,ORL,BetfairSportsbook,210.0,-275.0,True,0.305499
401585036,2023,CHI,ATL,BetfairSportsbook,110.0,-138.0,True,0.450928
401585037,2023,HOU,IND,BetfairSportsbook,-150.0,115.0,True,0.563319
401585038,2023,NO,MEM,BetfairSportsbook,-200.0,155.0,True,0.62963
401585039,2023,OKC,MIN,BetfairSportsbook,-125.0,100.0,True,0.526316
401585040,2023,SA,UTAH,BetfairSportsbook,125.0,-163.0,True,0.417626
401585041,2023,POR,SAC,BetfairSportsbook,310.0,-450.0,True,0.229645
401585042,2023,LAC,CHA,BetfairSportsbook,-600.0,400.0,True,0.810811
401585043,2023,ORL,PHI,BetfairSportsbook,-150.0,115.0,True,0.563319
401585044,2023,WSH,TOR,BetfairSportsbook,210.0,-275.0,True,0.305499
401585045,2023,BKN,MIL,BetfairSportsbook,333.0,-500.0,True,0.216998
401585046,2023,HOU,PHX,BetfairSportsbook,130.0,-167.0,True,0.410075
401585047,2023,OKC,NY,BetfairSportsbook,-175.0,138.0,True,0.602314
401585048,2023,DAL,CLE,BetfairSportsbook,-275.0,210.0,True,0.694501
401585049,2023,BOS,DET,BetfairSportsbook,-1400.0,700.0,True,0.88189
401585050,2023,CHI,IND,BetfairSportsbook,-111.0,-111.0,True,0.5
401585051,2023,MIN,DAL,BetfairSportsbook,-800.0,500.0,True,0.842105
401585052,2023,NO,UTAH,BetfairSportsbook,-450.0,310.0,True,0.770355
401585053,2023,DEN,MEM,BetfairSportsbook,-400.0,280.0,True,0.752475
401585054,2023,GS,MIA,BetfairSportsbook,-275.0,210.0,True,0.694501
401585055,2023,POR,SA,BetfairSportsbook,-163.0,125.0,True,0.582374
401585056,2023,LAL,CHA,BetfairSportsbook,-1000.0,550.0,True,0.855263
401585057,2023,ORL,NY,BetfairSportsbook,-111.0,-111.0,True,0.5
401585058,2023,WSH,BKN,BetfairSportsbook,188.0,-250.0,True,0.327103
401585059,2023,ATL,SAC,BetfairSportsbook,-111.0,-111.0,True,0.5
401585060,2023,BOS,TOR,BetfairSportsbook,-213.0,163.0,True,0.641544
401585061,2023,CLE,MIL,BetfairSportsbook,163.0,-213.0,True,0.358456
401585062,2023,HOU,PHI,BetfairSportsbook,-111.0,-111.0,True,0.5
401585063,2023,DEN,OKC,BetfairSportsbook,-133.0,105.0,True,0.539207
401585064,2023,PHX,CHA,BetfairSportsbook,-1400.0,700.0,True,0.88189
401585065,2023,POR,SA,BetfairSportsbook,-200.0,155.0,True,0.62963
401585066,2023,LAC,MEM,BetfairSportsbook,-200.0,155.0,True,0.62963
401585067,2023,UTAH,MIA,BetfairSportsbook,125.0,-163.0,True,0.417626
401585068,2023,DET,TOR,BetfairSportsbook,155.0,-200.0,True,0.37037
401585069,2023,IND,NY,BetfairSportsbook,-175.0,138.0,True,0.602314
401585070,2023,CHI,PHI,BetfairSportsbook,-111.0,-111.0,True,0.5
401585071,2023,MIN,LAL,BetfairSportsbook,-175.0,138.0,True,0.602314
401585072,2023,GS,DAL,BetfairSportsbook,-188.0,145.0,True,0.615282
401585073,2023,WSH,ATL,BetfairSportsbook,210.0,-275.0,True,0.305499
401585074,2023,NO,LAL,BetfairSportsbook,-250.0,188.0,True,0.672897
401585075,2023,OKC,BKN,BetfairSportsbook,-300.0,225.0,True,0.709091
401585076,2023,SA,BOS,BetfairSportsbook,550.0,-1000.0,True,0.144737
401585077,2023,MEM,SAC,BetfairSportsbook,-111.0,-111.0,True,0.5
401585078,2023,PHX,ORL,BetfairSportsbook,-250.0,188.0,True,0.672897
401585079,2023,NY,MIN,BetfairSportsbook,-111.0,-111.0,True,0.5
401585080,2023,TOR,CLE,BetfairSportsbook,-154.0,120.0,True,0.571525
401585081,2023,HOU,DET,BetfairSportsbook,-450.0,310.0,True,0.770355
401585082,2023,MIL,IND,BetfairSportsbook,-350.0,250.0,True,0.731343
401585083,2023,DEN,CHA,BetfairSportsbook,-1600.0,750.0,True,0.888889
401585084,2023,PHX,POR,BetfairSportsbook,-450.0,310.0,True,0.770355
401585085,2023,UTAH,DAL,BetfairSportsbook,155.0,-200.0,True,0.37037
401585086,2023,LAC,MIA,BetfairSportsbook,-350.0,250.0,True,0.731343
401585087,2023,PHI,CHI,BetfairSportsbook,-500.0,333.0,True,0.783002
401585088,2023,MEM,SA,BetfairSportsbook,-700.0,450.0,True,0.827957
401585089,2023,NO,BKN,BetfairSportsbook,-225.0,170.0,True,0.651475
401585090,2023,OKC,BOS,BetfairSportsbook,145.0,-188.0,True,0.384718
401585091,2023,GS,ORL,BetfairSportsbook,-175.0,138.0,True,0.602314
401585092,2023,SAC,CHA,BetfairSportsbook,-1400.0,700.0,True,0.88189
401585093,2023,CLE,WSH,BetfairSportsbook,-450.0,310.0,True,0.770355
401585094,2023,IND,MIL,BetfairSportsbook,138.0,-175.0,True,0.397686
401585095,2023,ATL,OKC,BetfairSportsbook,-111.0,-111.0,True,0.5
401585097,2023,HOU,BKN,BetfairSportsbook,-175.0,138.0,True,0.602314
401585098,2023,MEM,TOR,BetfairSportsbook,-125.0,100.0,True,0.526316
401585099,2023,MIN,NO,BetfairSportsbook,-225.0,170.0,True,0.651475
401585096,2023,NY,CHI,BetfairSportsbook,-400.0,280.0,True,0.752475
401585100,2023,DAL,POR,BetfairSportsbook,-700.0,450.0,True,0.827957
401585101,2023,PHX,LAC,BetfairSportsbook,145.0,-188.0,True,0.384718
401585102,2023,UTAH,DET,BetfairSportsbook,-400.0,280.0,True,0.752475
401585103,2023,LAL,MIA,BetfairSportsbook,-213.0,163.0,True,0.641544
401585104,2023,SAC,ORL,BetfairSportsbook,-225.0,170.0,True,0.651475
401585105,2023,SA,MIL,BetfairSportsbook,400.0,-600.0,True,0.189189
401585106,2023,GS,DEN,BetfairSportsbook,138.0,-175.0,True,0.397686
401585107,2023,BOS,UTAH,BetfairSportsbook,-1000.0,550.0,True,0.855263
401585108,2023,IND,ATL,BetfairSportsbook,-150.0,115.0,True,0.563319
401585109,2023,BKN,OKC,BetfairSportsbook,155.0,-200.0,True,0.37037
401585110,2023,CLE,WSH,BetfairSportsbook,-600.0,400.0,True,0.810811
401585111,2023,PHI,NY,BetfairSportsbook,-250.0,188.0,True,0.672897
401585112,2023,CHI,CHA,BetfairSportsbook,-350.0,250.0,True,0.731343
401585113,2023,HOU,MIN,BetfairSportsbook,145.0,-188.0,True,0.384718
401585114,2023,NO,LAC,BetfairSportsbook,-111.0,-111.0,True,0.5
401585115,2023,DAL,POR,BetfairSportsbook,-333.0,240.0,True,0.723358
401585116,2023,DEN,ORL,BetfairSportsbook,-600.0,400.0,True,0.810811
401585117,2023,PHX,MIA,BetfairSportsbook,-150.0,115.0,True,0.563319
401585118,2023,GS,DET,BetfairSportsbook,-600.0,400.0,True,0.810811
401585119,2023,LAL,MEM,BetfairSportsbook,-200.0,155.0,True,0.62963
401585120,2023,SAC,TOR,BetfairSportsbook,-188.0,145.0,True,0.615282
401585121,2023,IND,BOS,BetfairSportsbook,210.0,-275.0,True,0.305499
401585122,2023,WSH,NY,BetfairSportsbook,310.0,-450.0,True,0.229645
401585123,2023,PHI,UTAH,BetfairSportsbook,-250.0,188.0,True,0.672897
401585124,2023,HOU,MIL,BetfairSportsbook,225.0,-300.0,True,0.290909
401585125,2023,CLE,SA,BetfairSportsbook,-600.0,400.0,True,0.810811
401585126,2023,BKN,POR,BetfairSportsbook,-450.0,310.0,True,0.770355
401585127,2023,ORL,ATL,BetfairSportsbook,115.0,-150.0,True,0.436681
401585128,2023,SAC,NO,BetfairSportsbook,-200.0,155.0,True,0.62963
401585129,2023,DAL,MIN,BetfairSportsbook,110.0,-138.0,True,0.450928
401585130,2023,DEN,DET,BetfairSportsbook,-1600.0,750.0,True,0.888889
401585131,2023,PHX,MEM,BetfairSportsbook,-333.0,240.0,True,0.723358
401585132,2023,GS,TOR,BetfairSportsbook,-138.0,110.0,True,0.549072
401585133,2023,LAL,LAC,BetfairSportsbook,155.0,-200.0,True,0.37037
401585134,2023,CHA,CHI,BetfairSportsbook,210.0,-275.0,True,0.305499
401585135,2023,IND,BOS,BetfairSportsbook,130.0,-167.0,True,0.410075
401585136,2023,WSH,OKC,BetfairSportsbook,450.0,-700.0,True,0.172043
401585137,2023,MIA,HOU,BetfairSportsbook,-200.0,155.0,True,0.62963
401585138,2023,MIL,UTAH,BetfairSportsbook,-400.0,280.0,True,0.752475
401585139,2023,LAC,PHX,BetfairSportsbook,-213.0,163.0,True,0.641544
401585140,2023,DET,SAC,BetfairSportsbook,400.0,-600.0,True,0.189189
401585141,2023,ORL,MIN,BetfairSportsbook,170.0,-225.0,True,0.348525
401585142,2023,NY,POR,BetfairSportsbook,-1000.0,550.0,True,0.855263
401585143,2023,DAL,MEM,BetfairSportsbook,-500.0,333.0,True,0.783002
401585144,2023,LAL,TOR,BetfairSportsbook,-213.0,163.0,True,0.641544
401585145,2023,BOS,MIN,BetfairSportsbook,-500.0,333.0,True,0.783002
401585146,2023,CHA,SAC,BetfairSportsbook,250.0,-350.0,True,0.268657
401585147,2023,DET,SA,BetfairSportsbook,125.0,-163.0,True,0.417626
401585148,2023,IND,WSH,BetfairSportsbook,-333.0,240.0,True,0.723358
401585149,2023,ATL,PHI,BetfairSportsbook,-111.0,-111.0,True,0.5
401585150,2023,MIA,OKC,BetfairSportsbook,155.0,-200.0,True,0.37037
401585151,2023,CHI,HOU,BetfairSportsbook,-188.0,145.0,True,0.615282
401585153,2023,GS,NO,BetfairSportsbook,115.0,-150.0,True,0.436681
401585152,2023,UTAH,DEN,BetfairSportsbook,210.0,-275.0,True,0.305499
401585154,2023,LAC,TOR,BetfairSportsbook,-700.0,450.0,True,0.827957
401585155,2023,CLE,BKN,BetfairSportsbook,-175.0,138.0,True,0.602314
401585156,2023,MIL,BOS,BetfairSportsbook,-138.0,110.0,True,0.549072
401585157,2023,OKC,POR,BetfairSportsbook,-1200.0,650.0,True,0.873786
401585158,2023,DAL,NY,BetfairSportsbook,163.0,-213.0,True,0.358456
401585159,2023,LAL,PHX,BetfairSportsbook,-111.0,-111.0,True,0.5
401585160,2023,PHI,SAC,BetfairSportsbook,-111.0,-111.0,True,0.5
401585161,2023,ATL,IND,BetfairSportsbook,-250.0,188.0,True,0.672897
401585162,2023,DET,HOU,BetfairSportsbook,310.0,-450.0,True,0.229645
401585163,2023,MIA,ORL,BetfairSportsbook,-125.0,100.0,True,0.526316
401585164,2023,CHI,GS,BetfairSportsbook,-154.0,120.0,True,0.571525
401585165,2023,MEM,LAC,BetfairSportsbook,280.0,-400.0,True,0.247525
401585166,2023,MIN,POR,BetfairSportsbook,-1400.0,700.0,True,0.88189
401585169,2023,SA,CHA,BetfairSportsbook,-138.0,110.0,True,0.549072
401585168,2023,UTAH,TOR,BetfairSportsbook,-111.0,-111.0,True,0.5
401585167,2023,DEN,NO,BetfairSportsbook,-250.0,188.0,True,0.672897
401585170,2023,BOS,HOU,BetfairSportsbook,-1200.0,650.0,True,0.873786
401585171,2023,ATL,WSH,BetfairSportsbook,-333.0,240.0,True,0.723358
401585172,2023,MEM,NY,BetfairSportsbook,400.0,-600.0,True,0.189189
401585173,2023,MIL,GS,BetfairSportsbook,-1000.0,550.0,True,0.855263
401585174,2023,OKC,ORL,BetfairSportsbook,-600.0,400.0,True,0.810811
401585175,2023,DAL,NO,BetfairSportsbook,-225.0,170.0,True,0.651475
401585176,2023,SA,CHI,BetfairSportsbook,188.0,-250.0,True,0.327103
401585177,2023,UTAH,LAL,BetfairSportsbook,-150.0,115.0,True,0.563319
401585178,2023,DEN,IND,BetfairSportsbook,-600.0,400.0,True,0.810811
401585179,2023,MIA,CHA,BetfairSportsbook,-400.0,280.0,True,0.752475
401585180,2023,MIL,SAC,BetfairSportsbook,-188.0,145.0,True,0.615282
401585181,2023,MIN,LAC,BetfairSportsbook,-111.0,-111.0,True,0.5
401585182,2023,POR,PHX,BetfairSportsbook,550.0,-1000.0,True,0.144737
401585183,2023,PHI,HOU,BetfairSportsbook,-350.0,250.0,True,0.731343
401585184,2023,DAL,NO,BetfairSportsbook,155.0,-200.0,True,0.37037
401585185,2023,NY,ORL,BetfairSportsbook,-225.0,170.0,True,0.651475
401585186,2023,WSH,DET,BetfairSportsbook,-250.0,188.0,True,0.672897
401585187,2023,ATL,SA,BetfairSportsbook,-350.0,250.0,True,0.731343
401585188,2023,MEM,GS,BetfairSportsbook,225.0,-300.0,True,0.290909
401585189,2023,CLE,CHI,BetfairSportsbook,-188.0,145.0,True,0.615282
401585190,2023,BKN,MIA,BetfairSportsbook,-111.0,-111.0,True,0.5
401585191,2023,TOR,BOS,BetfairSportsbook,210.0,-275.0,True,0.305499
401585192,2023,UTAH,IND,BetfairSportsbook,-275.0,210.0,True,0.694501
401585193,2023,LAL,OKC,BetfairSportsbook,120.0,-154.0,True,0.428475
401585194,2023,PHI,DEN,BetfairSportsbook,-133.0,105.0,True,0.539207
401585195,2023,PHX,SAC,BetfairSportsbook,-188.0,145.0,True,0.615282
401585196,2023,LAC,OKC,BetfairSportsbook,-250.0,188.0,True,0.672897
401585197,2023,DET,MIN,BetfairSportsbook,500.0,-800.0,True,0.157895
401585198,2023,ATL,ORL,BetfairSportsbook,-200.0,155.0,True,0.62963
401585199,2023,BOS,SA,BetfairSportsbook,-1400.0,700.0,True,0.88189
401585200,2023,CLE,MIL,BetfairSportsbook,-133.0,105.0,True,0.539207
401585201,2023,NY,HOU,BetfairSportsbook,-300.0,225.0,True,0.709091
401585202,2023,TOR,MIA,BetfairSportsbook,130.0,-167.0,True,0.410075
401585203,2023,NO,CHA,BetfairSportsbook,-700.0,450.0,True,0.827957
401585205,2023,LAL,DAL,BetfairSportsbook,-167.0,130.0,True,0.589925
401585206,2023,POR,BKN,BetfairSportsbook,163.0,-213.0,True,0.358456
401585207,2023,NY,WSH,BetfairSportsbook,-800.0,500.0,True,0.842105
401585208,2023,TOR,CHI,BetfairSportsbook,105.0,-133.0,True,0.460793
401585209,2023,UTAH,OKC,BetfairSportsbook,120.0,-154.0,True,0.428475
401585210,2023,MIN,MEM,BetfairSportsbook,-800.0,500.0,True,0.842105
401585211,2023,SAC,IND,BetfairSportsbook,-400.0,280.0,True,0.752475
401585212,2023,CHA,SA,BetfairSportsbook,-200.0,155.0,True,0.62963
401585213,2023,ORL,PHI,BetfairSportsbook,163.0,-213.0,True,0.358456
401585214,2023,BOS,DEN,BetfairSportsbook,-300.0,225.0,True,0.709091
401585215,2023,MIA,ATL,BetfairSportsbook,-300.0,225.0,True,0.709091
401585216,2023,NO,PHX,BetfairSportsbook,-150.0,115.0,True,0.563319
401585218,2023,POR,IND,BetfairSportsbook,250.0,-350.0,True,0.268657
401585219,2023,LAL,BKN,BetfairSportsbook,-300.0,225.0,True,0.709091
401585220,2023,DET,MIL,BetfairSportsbook,550.0,-1200.0,True,0.142857
401585221,2023,CHA,PHI,BetfairSportsbook,450.0,-700.0,True,0.172043
401585222,2023,WSH,SA,BetfairSportsbook,-138.0,110.0,True,0.549072
401585223,2023,ATL,CLE,BetfairSportsbook,105.0,-133.0,True,0.460793
401585224,2023,NY,TOR,BetfairSportsbook,-300.0,225.0,True,0.709091
401585225,2023,CHI,MEM,BetfairSportsbook,-300.0,225.0,True,0.709091
401585226,2023,HOU,UTAH,BetfairSportsbook,-125.0,100.0,True,0.526316
401585227,2023,MIN,OKC,BetfairSportsbook,-163.0,125.0,True,0.582374
401585228,2023,LAC,BKN,BetfairSportsbook,-500.0,333.0,True,0.783002
401585229,2023,ORL,MIA,BetfairSportsbook,-111.0,-111.0,True,0.5
401585230,2023,WSH,DEN,BetfairSportsbook,500.0,-800.0,True,0.157895
401585231,2023,HOU,BOS,BetfairSportsbook,450.0,-700.0,True,0.172043
401585232,2023,PHX,IND,BetfairSportsbook,-300.0,225.0,True,0.709091
401585233,2023,LAL,POR,BetfairSportsbook,-600.0,400.0,True,0.810811
401585234,2023,DET,MIL,BetfairSportsbook,500.0,-800.0,True,0.157895
401585235,2023,ORL,CLE,BetfairSportsbook,110.0,-138.0,True,0.450928
401585236,2023,PHI,SA,BetfairSportsbook,-1000.0,550.0,True,0.855263
401585237,2023,TOR,MEM,BetfairSportsbook,-275.0,210.0,True,0.694501
401585238,2023,MIN,CHA,BetfairSportsbook,-1000.0,550.0,True,0.855263
401585239,2023,DAL,BOS,BetfairSportsbook,120.0,-154.0,True,0.428475
401585240,2023,PHX,CHI,BetfairSportsbook,-225.0,170.0,True,0.651475
401585241,2023,SAC,ATL,BetfairSportsbook,-350.0,250.0,True,0.731343
401585242,2023,IND,DEN,BetfairSportsbook,163.0,-213.0,True,0.358456
401585243,2023,BKN,NY,BetfairSportsbook,130.0,-167.0,True,0.410075
401585244,2023,NO,UTAH,BetfairSportsbook,-275.0,210.0,True,0.694501
401585245,2023,OKC,POR,BetfairSportsbook,-1000.0,550.0,True,0.855263
401585246,2023,LAC,LAL,BetfairSportsbook,-450.0,310.0,True,0.770355
401585247,2023,DET,CHA,BetfairSportsbook,-154.0,120.0,True,0.571525
401585248,2023,WSH,MIN,BetfairSportsbook,333.0,-500.0,True,0.216998
401585249,2023,MIA,MEM,BetfairSportsbook,-700.0,450.0,True,0.827957
401585251,2023,HOU,POR,BetfairSportsbook,-500.0,333.0,True,0.783002
401585252,2023,MIL,CLE,BetfairSportsbook,-275.0,210.0,True,0.694501
401585253,2023,DAL,PHX,BetfairSportsbook,110.0,-138.0,True,0.450928
401585250,2023,SA,OKC,BetfairSportsbook,280.0,-400.0,True,0.247525
401585254,2023,GS,ATL,BetfairSportsbook,-250.0,188.0,True,0.672897
401585255,2023,IND,PHI,BetfairSportsbook,138.0,-175.0,True,0.397686
401585256,2023,WSH,UTAH,BetfairSportsbook,225.0,-300.0,True,0.290909
401585257,2023,BKN,MIN,BetfairSportsbook,145.0,-188.0,True,0.384718
401585258,2023,MIA,BOS,BetfairSportsbook,250.0,-350.0,True,0.268657
401585259,2023,NY,DEN,BetfairSportsbook,115.0,-150.0,True,0.436681
401585260,2023,GS,SAC,BetfairSportsbook,100.0,-125.0,True,0.473684
401585261,2023,LAL,CHI,BetfairSportsbook,-250.0,188.0,True,0.672897
401585262,2023,ATL,DAL,BetfairSportsbook,-138.0,110.0,True,0.549072
401585263,2023,CHA,HOU,BetfairSportsbook,163.0,-213.0,True,0.358456
401585264,2023,IND,PHX,BetfairSportsbook,163.0,-213.0,True,0.358456
401585265,2023,TOR,LAC,BetfairSportsbook,240.0,-333.0,True,0.276642
401585266,2023,MEM,ORL,BetfairSportsbook,188.0,-250.0,True,0.327103
401585267,2023,MIL,CLE,BetfairSportsbook,-213.0,163.0,True,0.641544
401585268,2023,NO,OKC,BetfairSportsbook,105.0,-133.0,True,0.460793
401585269,2023,SA,POR,BetfairSportsbook,-213.0,163.0,True,0.641544
401585270,2023,DET,WSH,BetfairSportsbook,-163.0,125.0,True,0.582374
401585271,2023,NY,MIA,BetfairSportsbook,-213.0,163.0,True,0.641544
401585272,2023,DEN,PHI,BetfairSportsbook,-500.0,333.0,True,0.783002
401585273,2023,BKN,HOU,BetfairSportsbook,-188.0,145.0,True,0.615282
401585274,2023,BOS,LAC,BetfairSportsbook,-275.0,210.0,True,0.694501
401585275,2023,CHA,UTAH,BetfairSportsbook,333.0,-500.0,True,0.216998
401585276,2023,MIL,NO,BetfairSportsbook,-167.0,130.0,True,0.589925
401585277,2023,SA,MIN,BetfairSportsbook,400.0,-600.0,True,0.189189
401585278,2023,GS,LAL,BetfairSportsbook,-111.0,-111.0,True,0.5
401585279,2023,DAL,SAC,BetfairSportsbook,138.0,-175.0,True,0.397686
401585282,2023,DET,OKC,BetfairSportsbook,550.0,-1000.0,True,0.144737
401585280,2023,IND,MEM,BetfairSportsbook,-300.0,225.0,True,0.709091
401585281,2023,ATL,TOR,BetfairSportsbook,-250.0,188.0,True,0.672897
401585283,2023,ORL,PHX,BetfairSportsbook,100.0,-125.0,True,0.473684
401585284,2023,POR,CHI,BetfairSportsbook,170.0,-225.0,True,0.348525
401585285,2023,CHA,NY,BetfairSportsbook,333.0,-500.0,True,0.216998
401585286,2023,CLE,LAC,BetfairSportsbook,105.0,-133.0,True,0.460793
401585287,2023,BOS,NO,BetfairSportsbook,-333.0,240.0,True,0.723358
401585288,2023,BKN,UTAH,BetfairSportsbook,-111.0,-111.0,True,0.5
401585289,2023,MIA,PHX,BetfairSportsbook,-138.0,110.0,True,0.549072
401585290,2023,HOU,LAL,BetfairSportsbook,-111.0,-111.0,True,0.5
401585291,2023,MEM,SAC,BetfairSportsbook,400.0,-600.0,True,0.189189
401585292,2023,OKC,MIN,BetfairSportsbook,-154.0,120.0,True,0.571525
401585293,2023,SA,WSH,BetfairSportsbook,-167.0,130.0,True,0.589925
401585294,2023,DAL,ORL,BetfairSportsbook,-188.0,145.0,True,0.615282
401585295,2023,DEN,MIL,BetfairSportsbook,-188.0,145.0,True,0.615282
401585296,2023,POR,PHI,BetfairSportsbook,188.0,-250.0,True,0.327103
401585297,2023,ATL,LAL,BetfairSportsbook,-225.0,170.0,True,0.651475
401585298,2023,BOS,IND,BetfairSportsbook,-350.0,250.0,True,0.731343
401585299,2023,NY,UTAH,BetfairSportsbook,-154.0,120.0,True,0.571525
401585300,2023,CHI,TOR,BetfairSportsbook,-300.0,225.0,True,0.709091
401585301,2023,GS,PHI,BetfairSportsbook,-138.0,110.0,True,0.549072
401585302,2023,CHA,CHI,BetfairSportsbook,170.0,-225.0,True,0.348525
401585303,2023,CLE,DET,BetfairSportsbook,-1000.0,550.0,True,0.855263
401585304,2023,WSH,LAC,BetfairSportsbook,333.0,-500.0,True,0.216998
401585306,2023,MIA,SAC,BetfairSportsbook,-138.0,110.0,True,0.549072
401585307,2023,HOU,NO,BetfairSportsbook,-111.0,-111.0,True,0.5
401585308,2023,MIN,DAL,BetfairSportsbook,-1000.0,550.0,True,0.855263
401585309,2023,SA,ORL,BetfairSportsbook,188.0,-250.0,True,0.327103
401585310,2023,OKC,DEN,BetfairSportsbook,-225.0,170.0,True,0.651475
401585305,2023,BKN,PHX,BetfairSportsbook,138.0,-175.0,True,0.397686
401585311,2023,POR,MIL,BetfairSportsbook,333.0,-500.0,True,0.216998
401585312,2023,BOS,LAL,BetfairSportsbook,-1600.0,750.0,True,0.888889
401585313,2023,NY,IND,BetfairSportsbook,-133.0,105.0,True,0.539207
401585315,2023,MEM,CLE,BetfairSportsbook,280.0,-400.0,True,0.247525
401585314,2023,UTAH,PHI,BetfairSportsbook,-200.0,155.0,True,0.62963
401585316,2023,DET,LAC,BetfairSportsbook,500.0,-800.0,True,0.157895
401585317,2023,WSH,MIA,BetfairSportsbook,225.0,-300.0,True,0.290909
401585318,2023,ATL,PHX,BetfairSportsbook,125.0,-163.0,True,0.417626
401585319,2023,IND,SAC,BetfairSportsbook,155.0,-200.0,True,0.37037
401585320,2023,HOU,TOR,BetfairSportsbook,-200.0,155.0,True,0.62963
401585321,2023,MEM,GS,BetfairSportsbook,240.0,-333.0,True,0.276642
401585322,2023,MIN,ORL,BetfairSportsbook,-275.0,210.0,True,0.694501
401585323,2023,OKC,CHA,BetfairSportsbook,-1400.0,700.0,True,0.88189
401585324,2023,SA,NO,BetfairSportsbook,280.0,-400.0,True,0.247525
401585325,2023,DEN,POR,BetfairSportsbook,-1200.0,650.0,True,0.873786
401585326,2023,PHI,BKN,BetfairSportsbook,-111.0,-111.0,True,0.5
401585327,2023,ATL,GS,BetfairSportsbook,-138.0,110.0,True,0.549072
401585328,2023,CHI,SAC,BetfairSportsbook,-111.0,-111.0,True,0.5
401585329,2023,NY,LAL,BetfairSportsbook,-138.0,110.0,True,0.549072
401585330,2023,DAL,MIL,BetfairSportsbook,138.0,-175.0,True,0.397686
401585331,2023,SA,CLE,BetfairSportsbook,333.0,-500.0,True,0.216998
401585332,2023,DET,ORL,BetfairSportsbook,188.0,-250.0,True,0.327103
401585333,2023,WSH,PHX,BetfairSportsbook,333.0,-500.0,True,0.216998
401585334,2023,BOS,MEM,BetfairSportsbook,-5000.0,1200.0,True,0.927247
401585335,2023,CHA,IND,BetfairSportsbook,450.0,-700.0,True,0.172043
401585336,2023,MIA,LAC,BetfairSportsbook,170.0,-225.0,True,0.348525
401585337,2023,MIN,HOU,BetfairSportsbook,-333.0,240.0,True,0.723358
401585338,2023,OKC,TOR,BetfairSportsbook,-400.0,280.0,True,0.752475
401585339,2023,UTAH,MIL,BetfairSportsbook,-138.0,110.0,True,0.549072
401585340,2023,DEN,POR,BetfairSportsbook,-1400.0,700.0,True,0.88189
401585341,2023,CHA,LAL,BetfairSportsbook,550.0,-1000.0,True,0.144737
401585342,2023,CLE,SAC,BetfairSportsbook,-200.0,155.0,True,0.62963
401585343,2023,PHI,DAL,BetfairSportsbook,115.0,-150.0,True,0.436681
401585344,2023,ATL,LAC,BetfairSportsbook,145.0,-188.0,True,0.384718
401585345,2023,BKN,GS,BetfairSportsbook,-111.0,-111.0,True,0.5
401585346,2023,NO,TOR,BetfairSportsbook,-500.0,333.0,True,0.783002
401585347,2023,IND,HOU,BetfairSportsbook,-350.0,250.0,True,0.731343
401585348,2023,BKN,DAL,BetfairSportsbook,120.0,-154.0,True,0.428475
401585349,2023,MIA,ORL,BetfairSportsbook,-167.0,130.0,True,0.589925
401585350,2023,NY,MEM,BetfairSportsbook,-1200.0,650.0,True,0.873786
401585351,2023,CHI,MIN,BetfairSportsbook,145.0,-188.0,True,0.384718
401585352,2023,UTAH,OKC,BetfairSportsbook,125.0,-163.0,True,0.417626
401585353,2023,PHX,MIL,BetfairSportsbook,-250.0,188.0,True,0.672897
401585354,2023,CHA,TOR,BetfairSportsbook,210.0,-275.0,True,0.305499
401585356,2023,WSH,CLE,BetfairSportsbook,500.0,-800.0,True,0.157895
401585355,2023,PHI,GS,BetfairSportsbook,120.0,-154.0,True,0.428475
401585357,2023,BOS,ATL,BetfairSportsbook,-700.0,450.0,True,0.827957
401585358,2023,MIA,SA,BetfairSportsbook,-350.0,250.0,True,0.731343
401585359,2023,LAC,NO,BetfairSportsbook,-213.0,163.0,True,0.641544
401585360,2023,SAC,DET,BetfairSportsbook,-1000.0,550.0,True,0.855263
401585361,2023,IND,GS,BetfairSportsbook,-250.0,188.0,True,0.672897
401585362,2023,ORL,SA,BetfairSportsbook,-500.0,333.0,True,0.783002
401585363,2023,BKN,CLE,BetfairSportsbook,225.0,-300.0,True,0.290909
401585364,2023,NY,DAL,BetfairSportsbook,188.0,-250.0,True,0.327103
401585365,2023,MEM,CHI,BetfairSportsbook,170.0,-225.0,True,0.348525
401585366,2023,MIL,MIN,BetfairSportsbook,105.0,-133.0,True,0.460793
401585367,2023,PHX,UTAH,BetfairSportsbook,-225.0,170.0,True,0.651475
401585368,2023,LAL,DEN,BetfairSportsbook,130.0,-167.0,True,0.410075
401585369,2023,POR,DET,BetfairSportsbook,-188.0,145.0,True,0.615282
401585370,2023,PHI,ATL,BetfairSportsbook,130.0,-167.0,True,0.410075
401585371,2023,BOS,WSH,BetfairSportsbook,-2500.0,1000.0,True,0.913621
401585372,2023,TOR,HOU,BetfairSportsbook,-150.0,115.0,True,0.563319
401585373,2023,MIL,CHA,BetfairSportsbook,-1600.0,750.0,True,0.888889
401585374,2023,SAC,DEN,BetfairSportsbook,-154.0,120.0,True,0.571525
401585375,2023,LAL,NO,BetfairSportsbook,115.0,-150.0,True,0.436681
401585376,2023,DAL,OKC,BetfairSportsbook,105.0,-133.0,True,0.460793
401585377,2023,LAC,DET,BetfairSportsbook,-1600.0,750.0,True,0.888889
401585378,2023,BKN,SA,BetfairSportsbook,-250.0,188.0,True,0.672897
401585379,2023,CHA,MEM,BetfairSportsbook,163.0,-213.0,True,0.358456
401585380,2023,ORL,CHI,BetfairSportsbook,-213.0,163.0,True,0.641544
401585381,2023,WSH,PHI,BetfairSportsbook,170.0,-225.0,True,0.348525
401585382,2023,ATL,HOU,BetfairSportsbook,-300.0,225.0,True,0.709091
401585383,2023,NY,IND,BetfairSportsbook,120.0,-154.0,True,0.428475
401585384,2023,TOR,CLE,BetfairSportsbook,310.0,-450.0,True,0.229645
401585385,2023,GS,PHX,BetfairSportsbook,100.0,-125.0,True,0.473684
401585386,2023,POR,NO,BetfairSportsbook,280.0,-400.0,True,0.247525
401585387,2023,MIA,BOS,BetfairSportsbook,240.0,-333.0,True,0.276642
401585388,2023,OKC,SAC,BetfairSportsbook,-163.0,125.0,True,0.582374
401585389,2023,CHA,IND,BetfairSportsbook,333.0,-500.0,True,0.216998
401585390,2023,CLE,PHI,BetfairSportsbook,-700.0,450.0,True,0.827957
401585391,2023,ATL,CHI,BetfairSportsbook,-213.0,163.0,True,0.641544
401585392,2023,TOR,SA,BetfairSportsbook,-250.0,188.0,True,0.672897
401585393,2023,HOU,NY,BetfairSportsbook,-111.0,-111.0,True,0.5
401585394,2023,MEM,NO,BetfairSportsbook,333.0,-500.0,True,0.216998
401585395,2023,MIL,DEN,BetfairSportsbook,-111.0,-111.0,True,0.5
401585396,2023,DAL,WSH,BetfairSportsbook,-800.0,500.0,True,0.842105
401585397,2023,UTAH,GS,BetfairSportsbook,-111.0,-111.0,True,0.5
401585398,2023,LAC,MIN,BetfairSportsbook,-213.0,163.0,True,0.641544
401585399,2023,BKN,BOS,BetfairSportsbook,250.0,-350.0,True,0.268657
401585400,2023,ORL,OKC,BetfairSportsbook,120.0,-154.0,True,0.428475
401585401,2023,MIL,MIA,BetfairSportsbook,-300.0,225.0,True,0.709091
401585402,2023,PHX,SAC,BetfairSportsbook,-200.0,155.0,True,0.62963
401585403,2023,POR,MIN,BetfairSportsbook,280.0,-400.0,True,0.247525
401585404,2023,LAL,DET,BetfairSportsbook,-700.0,450.0,True,0.827957
401585405,2023,CHA,ATL,BetfairSportsbook,210.0,-275.0,True,0.305499
401585406,2023,ORL,NY,BetfairSportsbook,-175.0,138.0,True,0.602314
401585407,2023,PHI,MIA,BetfairSportsbook,-150.0,115.0,True,0.563319
401585408,2023,BOS,BKN,BetfairSportsbook,-800.0,500.0,True,0.842105
401585409,2023,CLE,CHI,BetfairSportsbook,-450.0,310.0,True,0.770355
401585410,2023,TOR,IND,BetfairSportsbook,120.0,-154.0,True,0.428475
401585411,2023,MEM,HOU,BetfairSportsbook,110.0,-138.0,True,0.450928
401585412,2023,NO,WSH,BetfairSportsbook,-1400.0,700.0,True,0.88189
401585413,2023,DAL,SA,BetfairSportsbook,-600.0,400.0,True,0.810811
401585414,2023,DEN,SAC,BetfairSportsbook,-250.0,188.0,True,0.672897
401585415,2023,PHX,DET,BetfairSportsbook,-1000.0,550.0,True,0.855263
401585416,2023,UTAH,LAL,BetfairSportsbook,-200.0,155.0,True,0.62963
401585417,2023,GS,LAC,BetfairSportsbook,-175.0,138.0,True,0.602314
401585418,2023,MEM,MIL,BetfairSportsbook,550.0,-1000.0,True,0.144737
401636113,2023,UTAH,GS,BetfairSportsbook,115.0,-150.0,True,0.436681
401585419,2023,POR,MIN,BetfairSportsbook,333.0,-500.0,True,0.216998
401585420,2023,CLE,ORL,BetfairSportsbook,-225.0,170.0,True,0.651475
401585421,2023,IND,DET,BetfairSportsbook,-800.0,500.0,True,0.842105
401585422,2023,PHI,NY,BetfairSportsbook,-125.0,100.0,True,0.526316
401585423,2023,TOR,BKN,BetfairSportsbook,-111.0,-111.0,True,0.5
401585424,2023,DAL,PHX,BetfairSportsbook,-138.0,110.0,True,0.549072
401585425,2023,CHI,BOS,BetfairSportsbook,280.0,-400.0,True,0.247525
401585426,2023,NO,HOU,BetfairSportsbook,-250.0,188.0,True,0.672897
401585427,2023,OKC,LAC,BetfairSportsbook,-125.0,100.0,True,0.526316
401585428,2023,DEN,WSH,BetfairSportsbook,-1400.0,700.0,True,0.88189
401585429,2023,UTAH,CHA,BetfairSportsbook,-500.0,333.0,True,0.783002
401585430,2023,GS,LAL,BetfairSportsbook,-250.0,188.0,True,0.672897
401585431,2023,SAC,SA,BetfairSportsbook,-500.0,333.0,True,0.783002
401585432,2023,ATL,TOR,BetfairSportsbook,-300.0,225.0,True,0.709091
401585433,2023,PHI,CLE,BetfairSportsbook,110.0,-138.0,True,0.450928
401585434,2023,HOU,PHX,BetfairSportsbook,125.0,-163.0,True,0.417626
401585435,2023,MEM,LAC,BetfairSportsbook,310.0,-450.0,True,0.229645
401585437,2023,OKC,WSH,BetfairSportsbook,-1600.0,750.0,True,0.888889
401585438,2023,NO,MIA,BetfairSportsbook,-138.0,110.0,True,0.549072
401585436,2023,MIN,MIL,BetfairSportsbook,-189.0,145.0,True,0.615717
401585439,2023,GS,CHA,BetfairSportsbook,-700.0,450.0,True,0.827957
401585440,2023,POR,DEN,BetfairSportsbook,280.0,-400.0,True,0.247525
401585441,2023,LAL,SA,BetfairSportsbook,-600.0,400.0,True,0.810811
401585442,2023,DET,ORL,BetfairSportsbook,250.0,-400.0,True,0.263158
401585444,2023,NY,BOS,BetfairSportsbook,188.0,-250.0,True,0.327103
401585443,2023,MIN,BKN,BetfairSportsbook,-350.0,250.0,True,0.731343
401585445,2023,PHI,MIL,BetfairSportsbook,163.0,-213.0,True,0.358456
401585446,2023,PHX,LAL,BetfairSportsbook,-163.0,125.0,True,0.582374
401585447,2023,IND,DAL,BetfairSportsbook,110.0,-138.0,True,0.450928
401585448,2023,WSH,CLE,BetfairSportsbook,550.0,-1000.0,True,0.144737
401585449,2023,ATL,ORL,BetfairSportsbook,-133.0,105.0,True,0.539207
401585450,2023,HOU,OKC,BetfairSportsbook,188.0,-250.0,True,0.327103
401585451,2023,NO,CHI,BetfairSportsbook,-225.0,170.0,True,0.651475
401585452,2023,GS,DEN,BetfairSportsbook,-138.0,110.0,True,0.549072
401585453,2023,UTAH,SA,BetfairSportsbook,-275.0,210.0,True,0.694501
401585454,2023,POR,CHA,BetfairSportsbook,-175.0,138.0,True,0.602314
401585455,2023,LAC,SAC,BetfairSportsbook,-200.0,155.0,True,0.62963
401585457,2023,IND,TOR,BetfairSportsbook,-250.0,188.0,True,0.672897
401585456,2023,NY,DET,BetfairSportsbook,-600.0,400.0,True,0.810811
401585458,2023,MEM,BKN,BetfairSportsbook,115.0,-150.0,True,0.436681
401585459,2023,SAC,MIA,BetfairSportsbook,-300.0,225.0,True,0.709091
401585460,2023,CLE,DAL,BetfairSportsbook,-188.0,145.0,True,0.615282
401585461,2023,ORL,BKN,BetfairSportsbook,-275.0,210.0,True,0.694501
401585462,2023,WSH,GS,BetfairSportsbook,400.0,-600.0,True,0.189189
401585463,2023,ATL,UTAH,BetfairSportsbook,-125.0,100.0,True,0.526316
401585464,2023,BOS,PHI,BetfairSportsbook,-700.0,450.0,True,0.827957
401585465,2023,NY,NO,BetfairSportsbook,188.0,-250.0,True,0.327103
401585466,2023,MIN,SA,BetfairSportsbook,-1000.0,550.0,True,0.855263
401585467,2023,CHI,DET,BetfairSportsbook,-600.0,400.0,True,0.810811
401585468,2023,MIL,CHA,BetfairSportsbook,-1400.0,700.0,True,0.88189
401585469,2023,OKC,HOU,BetfairSportsbook,-500.0,333.0,True,0.783002
401585470,2023,POR,MIA,BetfairSportsbook,225.0,-300.0,True,0.290909
401585471,2023,IND,NO,BetfairSportsbook,-175.0,138.0,True,0.602314
401585472,2023,TOR,DAL,BetfairSportsbook,145.0,-188.0,True,0.384718
401585473,2023,MIN,MEM,BetfairSportsbook,-1000.0,550.0,True,0.855263
401585474,2023,CHI,CLE,BetfairSportsbook,170.0,-225.0,True,0.348525
401585475,2023,DEN,SAC,BetfairSportsbook,-450.0,310.0,True,0.770355
401585476,2023,LAC,LAL,BetfairSportsbook,-125.0,100.0,True,0.526316
401585477,2023,CHA,MIL,BetfairSportsbook,500.0,-800.0,True,0.157895
401585478,2023,ORL,UTAH,BetfairSportsbook,-275.0,210.0,True,0.694501
401585479,2023,BKN,ATL,BetfairSportsbook,-111.0,-111.0,True,0.5
401585480,2023,NY,GS,BetfairSportsbook,125.0,-163.0,True,0.417626
401585481,2023,SA,OKC,BetfairSportsbook,400.0,-600.0,True,0.189189
401585482,2023,PHX,HOU,BetfairSportsbook,-400.0,280.0,True,0.752475
401585483,2023,DEN,MIA,BetfairSportsbook,-250.0,188.0,True,0.672897
401585484,2023,LAL,WSH,BetfairSportsbook,-600.0,400.0,True,0.810811
401585485,2023,DET,CLE,BetfairSportsbook,210.0,-275.0,True,0.305499
401585486,2023,PHI,CHA,BetfairSportsbook,-700.0,450.0,True,0.827957
401585487,2023,BOS,DAL,BetfairSportsbook,-400.0,280.0,True,0.752475
401585488,2023,TOR,GS,BetfairSportsbook,120.0,-154.0,True,0.428475
401585489,2023,MEM,POR,BetfairSportsbook,-111.0,-111.0,True,0.5
401585490,2023,MIN,SAC,BetfairSportsbook,-350.0,250.0,True,0.731343
401585491,2023,NO,IND,BetfairSportsbook,-213.0,163.0,True,0.641544
401585492,2023,CHI,MIL,BetfairSportsbook,138.0,-175.0,True,0.397686
401585493,2023,LAC,WSH,BetfairSportsbook,-1400.0,700.0,True,0.88189
401585494,2023,BKN,ATL,BetfairSportsbook,-111.0,-111.0,True,0.5
401585495,2023,MIA,UTAH,Caesars Sportsbook (Colorado),-440.0,335.0,True,0.779951
401585496,2023,MEM,POR,BetfairSportsbook,-138.0,110.0,True,0.549072
401585497,2023,LAL,DEN,BetfairSportsbook,-111.0,-111.0,True,0.5
401585498,2023,PHX,HOU,BetfairSportsbook,-450.0,310.0,True,0.770355
401585499,2023,DAL,PHI,BetfairSportsbook,-350.0,250.0,True,0.731343
401585500,2023,BOS,GS,BetfairSportsbook,-350.0,250.0,True,0.731343
401585501,2023,MIN,LAC,BetfairSportsbook,-150.0,115.0,True,0.563319
401585502,2023,ORL,DET,BetfairSportsbook,-600.0,400.0,True,0.810811
401585503,2023,TOR,CHA,BetfairSportsbook,-300.0,225.0,True,0.709091
401585504,2023,CLE,NY,BetfairSportsbook,-188.0,145.0,True,0.615282
401585505,2023,SA,IND,BetfairSportsbook,188.0,-250.0,True,0.327103
401585506,2023,PHX,OKC,BetfairSportsbook,155.0,-200.0,True,0.37037
401585507,2023,BKN,MEM,BetfairSportsbook,-450.0,310.0,True,0.770355
401585508,2023,MIL,LAC,BetfairSportsbook,120.0,-154.0,True,0.428475
401585509,2023,MIN,POR,BetfairSportsbook,-1400.0,700.0,True,0.88189
401585510,2023,UTAH,WSH,BetfairSportsbook,-200.0,155.0,True,0.62963
401585511,2023,SAC,CHI,BetfairSportsbook,-250.0,188.0,True,0.672897
401585512,2023,LAL,OKC,BetfairSportsbook,-111.0,-111.0,True,0.5
401585513,2023,CHA,ORL,BetfairSportsbook,280.0,-400.0,True,0.247525
401585514,2023,CLE,BOS,BetfairSportsbook,250.0,-350.0,True,0.268657
401585515,2023,BKN,PHI,BetfairSportsbook,-111.0,-111.0,True,0.5
401585516,2023,MIA,DET,BetfairSportsbook,-800.0,500.0,True,0.842105
401585517,2023,NY,ATL,BetfairSportsbook,-125.0,100.0,True,0.526316
401585518,2023,TOR,NO,BetfairSportsbook,310.0,-450.0,True,0.229645
401585519,2023,HOU,SA,BetfairSportsbook,-275.0,210.0,True,0.694501
401585520,2023,DAL,IND,BetfairSportsbook,-225.0,170.0,True,0.651475
401585521,2023,DEN,PHX,BetfairSportsbook,-450.0,310.0,True,0.770355
401585522,2023,WSH,ORL,BetfairSportsbook,210.0,-275.0,True,0.305499
401585523,2023,ATL,CLE,BetfairSportsbook,-163.0,125.0,True,0.582374
401585524,2023,PHI,MEM,BetfairSportsbook,-188.0,145.0,True,0.615282
401585525,2023,HOU,LAC,BetfairSportsbook,188.0,-250.0,True,0.327103
401585526,2023,UTAH,CHI,BetfairSportsbook,145.0,-188.0,True,0.384718
401585527,2023,GS,MIL,BetfairSportsbook,-150.0,115.0,True,0.563319
401585528,2023,POR,OKC,BetfairSportsbook,550.0,-1000.0,True,0.144737
401585529,2023,LAL,SAC,BetfairSportsbook,-154.0,120.0,True,0.571525
401585530,2023,DET,BKN,BetfairSportsbook,115.0,-150.0,True,0.436681
401585531,2023,IND,MIN,BetfairSportsbook,-111.0,-111.0,True,0.5
401585532,2023,DAL,MIA,BetfairSportsbook,-200.0,155.0,True,0.62963
401585533,2023,PHX,TOR,BetfairSportsbook,-600.0,400.0,True,0.810811
401585534,2023,DEN,BOS,BetfairSportsbook,110.0,-138.0,True,0.450928
401585535,2023,GS,CHI,BetfairSportsbook,-400.0,280.0,True,0.752475
401585536,2023,SAC,SA,BetfairSportsbook,-800.0,500.0,True,0.842105
401585537,2023,PHI,NO,BetfairSportsbook,240.0,-333.0,True,0.276642
401585538,2023,WSH,CHA,BetfairSportsbook,-154.0,120.0,True,0.571525
401585539,2023,CLE,MIN,BetfairSportsbook,-125.0,100.0,True,0.526316
401585540,2023,NY,ORL,BetfairSportsbook,-150.0,115.0,True,0.563319
401585541,2023,MEM,ATL,BetfairSportsbook,130.0,-167.0,True,0.410075
401585542,2023,OKC,MIA,BetfairSportsbook,-450.0,310.0,True,0.770355
401585543,2023,LAL,MIL,BetfairSportsbook,145.0,-188.0,True,0.384718
401585544,2023,POR,HOU,BetfairSportsbook,210.0,-275.0,True,0.305499
401585545,2023,LAC,CHI,BetfairSportsbook,-400.0,280.0,True,0.752475
401585546,2023,CHA,BKN,BetfairSportsbook,188.0,-250.0,True,0.327103
401585547,2023,DET,DAL,BetfairSportsbook,310.0,-450.0,True,0.229645
401585548,2023,PHX,BOS,BetfairSportsbook,170.0,-225.0,True,0.348525
401585549,2023,GS,SA,BetfairSportsbook,-1000.0,550.0,True,0.855263
401585550,2023,DEN,UTAH,BetfairSportsbook,-1000.0,550.0,True,0.855263
401585551,2023,POR,TOR,BetfairSportsbook,120.0,-154.0,True,0.428475
401585552,2023,LAC,MIL,BetfairSportsbook,188.0,-250.0,True,0.327103
401585553,2023,ATL,NO,BetfairSportsbook,188.0,-250.0,True,0.327103
401585554,2023,MIA,WSH,BetfairSportsbook,-700.0,450.0,True,0.827957
401585556,2023,ORL,IND,BetfairSportsbook,-111.0,-111.0,True,0.5
401585557,2023,SAC,HOU,BetfairSportsbook,-275.0,210.0,True,0.694501
401585555,2023,NY,PHI,BetfairSportsbook,-300.0,225.0,True,0.709091
401585558,2023,CLE,BKN,BetfairSportsbook,-275.0,210.0,True,0.694501
401585559,2023,OKC,MEM,BetfairSportsbook,-1400.0,700.0,True,0.88189
401585560,2023,LAL,MIN,BetfairSportsbook,-250.0,188.0,True,0.672897
401585561,2023,DET,CHA,BetfairSportsbook,-213.0,163.0,True,0.641544
401585562,2023,CLE,PHX,BetfairSportsbook,210.0,-275.0,True,0.305499
401585563,2023,CHI,DAL,BetfairSportsbook,138.0,-175.0,True,0.397686
401585564,2023,SA,GS,BetfairSportsbook,163.0,-213.0,True,0.358456
401585565,2023,DEN,TOR,BetfairSportsbook,-2000.0,800.0,True,0.895522
401585566,2023,POR,BOS,BetfairSportsbook,500.0,-800.0,True,0.157895
401585567,2023,NY,PHI,BetfairSportsbook,-250.0,188.0,True,0.672897
401585568,2023,MEM,WSH,BetfairSportsbook,110.0,-138.0,True,0.450928
401585569,2023,OKC,IND,BetfairSportsbook,-225.0,170.0,True,0.651475
401585570,2023,SA,HOU,BetfairSportsbook,120.0,-154.0,True,0.428475
401585571,2023,UTAH,BOS,BetfairSportsbook,210.0,-275.0,True,0.305499
401585572,2023,LAC,MIN,BetfairSportsbook,-250.0,188.0,True,0.672897
401585573,2023,SAC,MIL,BetfairSportsbook,-125.0,100.0,True,0.526316
401585574,2023,DET,TOR,BetfairSportsbook,-175.0,138.0,True,0.602314
401585575,2023,ORL,BKN,BetfairSportsbook,-250.0,188.0,True,0.672897
401585576,2023,IND,CHI,BetfairSportsbook,-213.0,163.0,True,0.641544
401585577,2023,MIA,DEN,BetfairSportsbook,138.0,-175.0,True,0.397686
401585578,2023,MEM,CHA,BetfairSportsbook,110.0,-138.0,True,0.450928
401585579,2023,NO,CLE,BetfairSportsbook,-225.0,170.0,True,0.651475
401585580,2023,DAL,GS,BetfairSportsbook,-400.0,280.0,True,0.752475
401585581,2023,POR,ATL,BetfairSportsbook,145.0,-188.0,True,0.384718
401585582,2023,SAC,LAL,BetfairSportsbook,115.0,-150.0,True,0.436681
401585583,2023,BOS,PHX,BetfairSportsbook,-225.0,188.0,True,0.665982
401585584,2023,CHI,LAC,BetfairSportsbook,188.0,-250.0,True,0.327103
401585585,2023,HOU,WSH,BetfairSportsbook,-400.0,280.0,True,0.752475
401585586,2023,MIL,PHI,BetfairSportsbook,-300.0,225.0,True,0.709091
401585587,2023,OKC,DAL,BetfairSportsbook,-450.0,310.0,True,0.770355
401585588,2023,POR,NY,BetfairSportsbook,450.0,-700.0,True,0.172043
401585589,2023,CHA,PHX,BetfairSportsbook,400.0,-600.0,True,0.189189
401585590,2023,DET,MIA,BetfairSportsbook,250.0,-350.0,True,0.268657
401585591,2023,TOR,ORL,BetfairSportsbook,240.0,-333.0,True,0.276642
401585592,2023,NO,LAC,BetfairSportsbook,-300.0,225.0,True,0.709091
401585593,2023,SA,DEN,BetfairSportsbook,333.0,-500.0,True,0.216998
401585594,2023,UTAH,ATL,BetfairSportsbook,-111.0,-111.0,True,0.5
401585595,2023,HOU,CLE,BetfairSportsbook,163.0,-213.0,True,0.358456
401585596,2023,IND,BKN,BetfairSportsbook,-333.0,240.0,True,0.723358
401585597,2023,PHI,CHA,BetfairSportsbook,-500.0,333.0,True,0.783002
401585598,2023,NO,POR,BetfairSportsbook,-1000.0,550.0,True,0.855263
401585599,2023,CHI,WSH,BetfairSportsbook,-450.0,310.0,True,0.770355
401585600,2023,MEM,OKC,BetfairSportsbook,400.0,-600.0,True,0.189189
401585601,2023,LAL,GS,BetfairSportsbook,-125.0,100.0,True,0.526316
401585602,2023,UTAH,MIN,BetfairSportsbook,225.0,-300.0,True,0.290909
401585603,2023,SAC,NY,BetfairSportsbook,-167.0,130.0,True,0.589925
401585604,2023,MIL,PHX,BetfairSportsbook,120.0,-154.0,True,0.428475
401585605,2023,DET,MIA,BetfairSportsbook,170.0,-225.0,True,0.348525
401585606,2023,DAL,DEN,BetfairSportsbook,-111.0,-111.0,True,0.5
401585607,2023,ORL,TOR,BetfairSportsbook,-600.0,400.0,True,0.810811
401585608,2023,WSH,BOS,BetfairSportsbook,700.0,-1400.0,True,0.11811
401585609,2023,SA,BKN,BetfairSportsbook,-133.0,105.0,True,0.539207
401585610,2023,LAC,ATL,BetfairSportsbook,-500.0,333.0,True,0.783002
401585611,2023,IND,CLE,BetfairSportsbook,-250.0,188.0,True,0.672897
401585612,2023,BOS,DET,BetfairSportsbook,-1600.0,750.0,True,0.888889
401585613,2023,PHI,MIA,BetfairSportsbook,-154.0,120.0,True,0.571525
401585614,2023,CHI,POR,BetfairSportsbook,-350.0,250.0,True,0.731343
401585615,2023,UTAH,MIN,BetfairSportsbook,138.0,-175.0,True,0.397686
401585616,2023,GS,NY,BetfairSportsbook,-250.0,188.0,True,0.672897
401585617,2023,SAC,MEM,BetfairSportsbook,-700.0,450.0,True,0.827957
401585618,2023,LAL,ATL,BetfairSportsbook,-500.0,333.0,True,0.783002
401585619,2023,ORL,CHA,BetfairSportsbook,-1000.0,550.0,True,0.855263
401585620,2023,WSH,HOU,BetfairSportsbook,333.0,-500.0,True,0.216998
401585621,2023,BKN,NO,BetfairSportsbook,210.0,-275.0,True,0.305499
401585622,2023,SA,DAL,BetfairSportsbook,310.0,-450.0,True,0.229645
401585623,2023,MIN,DEN,BetfairSportsbook,240.0,-333.0,True,0.276642
401585624,2023,CLE,MIA,BetfairSportsbook,-150.0,115.0,True,0.563319
401585625,2023,DET,IND,BetfairSportsbook,400.0,-600.0,True,0.189189
401585626,2023,BOS,MIL,BetfairSportsbook,-600.0,400.0,True,0.810811
401585627,2023,TOR,SAC,BetfairSportsbook,450.0,-700.0,True,0.172043
401585628,2023,OKC,UTAH,BetfairSportsbook,-1600.0,750.0,True,0.888889
401585629,2023,GS,MEM,BetfairSportsbook,-700.0,450.0,True,0.827957
401585630,2023,PHX,PHI,BetfairSportsbook,-500.0,333.0,True,0.783002
401585631,2023,POR,LAC,BetfairSportsbook,450.0,-700.0,True,0.172043
401585632,2023,ORL,NO,BetfairSportsbook,115.0,-150.0,True,0.436681
401585633,2023,WSH,SAC,BetfairSportsbook,400.0,-600.0,True,0.189189
401585634,2023,HOU,CHI,BetfairSportsbook,-163.0,130.0,True,0.58771
401585635,2023,MIL,BKN,BetfairSportsbook,-500.0,333.0,True,0.783002
401585636,2023,DAL,UTAH,BetfairSportsbook,-1200.0,650.0,True,0.873786
401585637,2023,DEN,NY,BetfairSportsbook,-400.0,280.0,True,0.752475
401585638,2023,PHX,ATL,BetfairSportsbook,-450.0,310.0,True,0.770355
401585639,2023,DET,BOS,BetfairSportsbook,650.0,-1200.0,True,0.126214
401585640,2023,TOR,OKC,BetfairSportsbook,750.0,-1600.0,True,0.111111
401585641,2023,MIA,NO,BetfairSportsbook,-150.0,115.0,True,0.563319
401585642,2023,MIN,CLE,BetfairSportsbook,-300.0,225.0,True,0.709091
401585643,2023,SA,MEM,BetfairSportsbook,-275.0,210.0,True,0.694501
401585644,2023,GS,IND,BetfairSportsbook,-200.0,155.0,True,0.62963
401585645,2023,POR,LAC,BetfairSportsbook,750.0,-1600.0,True,0.111111
401585646,2023,LAL,PHI,BetfairSportsbook,-333.0,240.0,True,0.723358
401585647,2023,NY,BKN,BetfairSportsbook,-275.0,210.0,True,0.694501
401585648,2023,ORL,SAC,BetfairSportsbook,-154.0,120.0,True,0.571525
401585649,2023,ATL,CHA,BetfairSportsbook,-300.0,225.0,True,0.709091
401585650,2023,WSH,TOR,BetfairSportsbook,-250.0,188.0,True,0.672897
401585651,2023,CHI,BOS,BetfairSportsbook,163.0,-213.0,True,0.358456
401585652,2023,HOU,UTAH,BetfairSportsbook,-600.0,400.0,True,0.810811
401585653,2023,SA,PHX,BetfairSportsbook,333.0,-500.0,True,0.216998
401585654,2023,POR,DEN,BetfairSportsbook,333.0,-500.0,True,0.216998
401585655,2023,DET,NO,BetfairSportsbook,700.0,-1400.0,True,0.11811
401585656,2023,LAC,PHI,BetfairSportsbook,-450.0,310.0,True,0.770355
401585657,2023,MIA,CLE,BetfairSportsbook,-167.0,130.0,True,0.589925
401585658,2023,MIL,OKC,BetfairSportsbook,-154.0,120.0,True,0.571525
401585659,2023,MIN,GS,BetfairSportsbook,-150.0,115.0,True,0.563319
401585660,2023,LAL,IND,BetfairSportsbook,-150.0,115.0,True,0.563319
401585661,2023,CLE,CHA,BetfairSportsbook,-600.0,400.0,True,0.810811
401585662,2023,ATL,BOS,BetfairSportsbook,400.0,-600.0,True,0.189189
401585663,2023,NY,DET,BetfairSportsbook,-2000.0,800.0,True,0.895522
401585664,2023,TOR,BKN,BetfairSportsbook,188.0,-250.0,True,0.327103
401585665,2023,CHI,WSH,BetfairSportsbook,-1000.0,550.0,True,0.855263
401585666,2023,HOU,POR,BetfairSportsbook,-1000.0,550.0,True,0.855263
401585667,2023,SA,PHX,BetfairSportsbook,450.0,-700.0,True,0.172043
401585668,2023,DEN,MEM,BetfairSportsbook,-1000.0,550.0,True,0.855263
401585669,2023,UTAH,DAL,BetfairSportsbook,250.0,-350.0,True,0.268657
401585670,2023,SAC,PHI,BetfairSportsbook,-333.0,240.0,True,0.723358
401585671,2023,LAC,IND,BetfairSportsbook,-250.0,188.0,True,0.672897
401585672,2023,MIA,GS,BetfairSportsbook,170.0,-225.0,True,0.348525
401585673,2023,MIL,LAL,BetfairSportsbook,-450.0,310.0,True,0.770355
401585674,2023,NO,OKC,BetfairSportsbook,100.0,-125.0,True,0.473684
401585675,2023,SAC,DAL,BetfairSportsbook,-111.0,-111.0,True,0.5
401585676,2023,CHA,CLE,BetfairSportsbook,310.0,-450.0,True,0.229645
401585677,2023,ORL,GS,BetfairSportsbook,-175.0,138.0,True,0.602314
401585678,2023,WSH,BKN,BetfairSportsbook,145.0,-188.0,True,0.384718
401585679,2023,ATL,POR,BetfairSportsbook,-800.0,500.0,True,0.842105
401585680,2023,PHI,LAC,BetfairSportsbook,210.0,-275.0,True,0.305499
401585681,2023,TOR,NY,BetfairSportsbook,550.0,-1000.0,True,0.144737
401585682,2023,CHI,IND,BetfairSportsbook,125.0,-163.0,True,0.417626
401585683,2023,MEM,LAL,BetfairSportsbook,145.0,-188.0,True,0.384718
401585684,2023,MIN,DET,BetfairSportsbook,-2000.0,800.0,True,0.895522
401585685,2023,OKC,HOU,BetfairSportsbook,-200.0,155.0,True,0.62963
401585686,2023,UTAH,SA,BetfairSportsbook,-175.0,138.0,True,0.602314
401585687,2023,DEN,PHX,BetfairSportsbook,-250.0,188.0,True,0.672897
401585688,2023,ATL,BOS,BetfairSportsbook,700.0,-1400.0,True,0.11811
401585689,2023,NO,MIL,BetfairSportsbook,110.0,-138.0,True,0.450928
401585690,2023,CHA,GS,BetfairSportsbook,500.0,-800.0,True,0.157895
401585691,2023,IND,LAL,BetfairSportsbook,-163.0,125.0,True,0.582374
401585692,2023,ORL,LAC,BetfairSportsbook,100.0,-125.0,True,0.473684
401585693,2023,WSH,DET,BetfairSportsbook,-163.0,125.0,True,0.582374
401585694,2023,BKN,CHI,BetfairSportsbook,120.0,-154.0,True,0.428475
401585695,2023,CLE,PHI,BetfairSportsbook,-275.0,210.0,True,0.694501
401585696,2023,MIA,POR,BetfairSportsbook,-1200.0,650.0,True,0.873786
401585697,2023,OKC,PHX,BetfairSportsbook,115.0,-150.0,True,0.436681
401585698,2023,SA,NY,BetfairSportsbook,280.0,-400.0,True,0.247525
401585699,2023,DEN,MIN,BetfairSportsbook,-154.0,120.0,True,0.571525
401585700,2023,UTAH,HOU,BetfairSportsbook,250.0,-350.0,True,0.268657
401585701,2023,SAC,DAL,BetfairSportsbook,-111.0,-111.0,True,0.5
401585702,2023,NO,BOS,BetfairSportsbook,188.0,-250.0,True,0.327103
401585703,2023,ORL,MEM,BetfairSportsbook,-1000.0,550.0,True,0.855263
401585704,2023,ATL,MIL,BetfairSportsbook,155.0,-200.0,True,0.37037
401585705,2023,DEN,CLE,BetfairSportsbook,-200.0,155.0,True,0.62963
401585706,2023,BKN,LAL,BetfairSportsbook,210.0,-275.0,True,0.305499
401585707,2023,CHA,LAC,BetfairSportsbook,700.0,-1400.0,True,0.11811
401585708,2023,TOR,PHI,BetfairSportsbook,310.0,-450.0,True,0.229645
401585709,2023,WSH,MIA,BetfairSportsbook,450.0,-700.0,True,0.172043
401585710,2023,NY,OKC,BetfairSportsbook,100.0,-125.0,True,0.473684
401585711,2023,HOU,DAL,BetfairSportsbook,155.0,-200.0,True,0.37037
401585712,2023,MIN,CHI,BetfairSportsbook,-400.0,280.0,True,0.752475
401585713,2023,SA,GS,BetfairSportsbook,333.0,-500.0,True,0.216998
401585714,2023,SAC,UTAH,BetfairSportsbook,-1000.0,550.0,True,0.855263
401585715,2023,CHA,BOS,BetfairSportsbook,1000.0,-2500.0,True,0.086379
401585716,2023,DET,MEM,BetfairSportsbook,-154.0,120.0,True,0.571525
401585717,2023,IND,BKN,BetfairSportsbook,-700.0,450.0,True,0.827957
401585718,2023,ORL,POR,BetfairSportsbook,-2000.0,800.0,True,0.895522
401585719,2023,CHI,ATL,BetfairSportsbook,-138.0,110.0,True,0.549072
401585720,2023,NO,PHX,BetfairSportsbook,-111.0,-111.0,True,0.5
401585722,2023,TOR,LAL,BetfairSportsbook,650.0,-1200.0,True,0.126214
401585723,2023,WSH,MIL,BetfairSportsbook,550.0,-1000.0,True,0.144737
401585721,2023,PHI,OKC,BetfairSportsbook,-163.0,125.0,True,0.582374
401585724,2023,MIA,NY,BetfairSportsbook,-138.0,110.0,True,0.549072
401585726,2023,MIN,HOU,BetfairSportsbook,-333.0,240.0,True,0.723358
401585727,2023,DEN,SA,BetfairSportsbook,-1600.0,750.0,True,0.888889
401585728,2023,UTAH,CLE,BetfairSportsbook,333.0,-500.0,True,0.216998
401585729,2023,SAC,LAC,BetfairSportsbook,-150.0,115.0,True,0.563319
401636114,2023,GS,DAL,BetfairSportsbook,-111.0,-111.0,True,0.5
401585730,2023,CHA,POR,BetfairSportsbook,-125.0,100.0,True,0.526316
401585731,2023,WSH,LAL,BetfairSportsbook,550.0,-1000.0,True,0.144737
401585732,2023,ATL,DET,BetfairSportsbook,-600.0,400.0,True,0.810811
401585733,2023,BOS,OKC,BetfairSportsbook,-800.0,500.0,True,0.842105
401585734,2023,BKN,IND,BetfairSportsbook,210.0,-275.0,True,0.305499
401585735,2023,MIL,MEM,BetfairSportsbook,-1000.0,550.0,True,0.855263
401585736,2023,MIN,TOR,BetfairSportsbook,-2500.0,1000.0,True,0.913621
401585737,2023,NO,ORL,BetfairSportsbook,-213.0,163.0,True,0.641544
401585738,2023,PHX,CLE,BetfairSportsbook,-250.0,188.0,True,0.672897
401585739,2023,MIA,PHI,BetfairSportsbook,-154.0,120.0,True,0.571525
401585740,2023,NY,SAC,BetfairSportsbook,-200.0,155.0,True,0.62963
401585752,2023,DAL,ATL,BetfairSportsbook,-700.0,450.0,True,0.827957
401585741,2023,HOU,GS,BetfairSportsbook,130.0,-167.0,True,0.410075
401585742,2023,LAC,DEN,BetfairSportsbook,125.0,-154.0,True,0.422981
401585743,2023,CHA,ORL,BetfairSportsbook,550.0,-1000.0,True,0.144737
401585744,2023,IND,OKC,BetfairSportsbook,-250.0,188.0,True,0.672897
401585745,2023,WSH,POR,BetfairSportsbook,-154.0,120.0,True,0.571525
401585746,2023,BOS,SAC,BetfairSportsbook,-450.0,310.0,True,0.770355
401585747,2023,CHI,NY,BetfairSportsbook,100.0,-125.0,True,0.473684
401585748,2023,HOU,MIA,BetfairSportsbook,130.0,-167.0,True,0.410075
401585749,2023,MEM,DET,BetfairSportsbook,-111.0,-111.0,True,0.5
401585750,2023,MIL,TOR,BetfairSportsbook,-1400.0,700.0,True,0.88189
401585751,2023,NO,SA,BetfairSportsbook,-700.0,450.0,True,0.827957
401585725,2023,DAL,GS,BetfairSportsbook,-111.0,-111.0,True,0.5
401585753,2023,PHX,MIN,BetfairSportsbook,-213.0,163.0,True,0.641544
401585754,2023,LAC,UTAH,BetfairSportsbook,-1000.0,550.0,True,0.855263
401585755,2023,LAL,CLE,BetfairSportsbook,-225.0,170.0,True,0.651475
401585756,2023,BKN,DET,BetfairSportsbook,-500.0,333.0,True,0.783002
401585757,2023,MEM,PHI,BetfairSportsbook,700.0,-1400.0,True,0.11811
401585758,2023,DEN,ATL,BetfairSportsbook,-700.0,450.0,True,0.827957
401585759,2023,DAL,HOU,BetfairSportsbook,-450.0,310.0,True,0.770355
401585760,2023,LAC,CLE,BetfairSportsbook,-200.0,155.0,True,0.62963
401585761,2023,IND,MIA,BetfairSportsbook,-150.0,115.0,True,0.563319
401585762,2023,BOS,POR,BetfairSportsbook,-2000.0,800.0,True,0.895522
401585763,2023,CHA,OKC,BetfairSportsbook,250.0,-350.0,True,0.268657
401585764,2023,ORL,CHI,BetfairSportsbook,-300.0,225.0,True,0.709091
401585765,2023,TOR,WSH,BetfairSportsbook,-213.0,163.0,True,0.641544
401585766,2023,PHX,NO,BetfairSportsbook,-225.0,170.0,True,0.651475
401585767,2023,MIL,NY,BetfairSportsbook,-200.0,155.0,True,0.62963
401585768,2023,SA,PHI,BetfairSportsbook,145.0,-188.0,True,0.384718
401585769,2023,BKN,SAC,BetfairSportsbook,400.0,-600.0,True,0.189189
401585770,2023,GS,UTAH,BetfairSportsbook,-1000.0,550.0,True,0.855263
401585771,2023,LAL,MIN,BetfairSportsbook,110.0,-138.0,True,0.450928
401585772,2023,CHA,DAL,BetfairSportsbook,500.0,-769.0,True,0.15849
401585773,2023,PHI,DET,BetfairSportsbook,-1429.0,700.0,True,0.882031
401585774,2023,TOR,IND,BetfairSportsbook,550.0,-1000.0,True,0.144737
401585775,2023,ATL,MIA,BetfairSportsbook,130.0,-167.0,True,0.410075
401585776,2023,MIL,BOS,BetfairSportsbook,-189.0,145.0,True,0.615717
401585777,2023,CHI,NY,BetfairSportsbook,163.0,-213.0,True,0.358456
401585778,2023,HOU,ORL,BetfairSportsbook,110.0,-138.0,True,0.450928
401585779,2023,MEM,SA,BetfairSportsbook,170.0,-227.0,True,0.347909
401585780,2023,MIN,WSH,BetfairSportsbook,-2000.0,800.0,True,0.895522
401585781,2023,OKC,SAC,BetfairSportsbook,-227.0,170.0,True,0.652091
401585782,2023,UTAH,DEN,BetfairSportsbook,800.0,-2000.0,True,0.104478
401585783,2023,LAL,GS,BetfairSportsbook,110.0,-138.0,True,0.450928
401585784,2023,PHX,LAC,BetfairSportsbook,-455.0,310.0,True,0.770709
401585785,2023,POR,NO,BetfairSportsbook,550.0,-1000.0,True,0.144737
401585786,2023,CLE,MEM,BetfairSportsbook,-2000.0,800.0,True,0.895522
401585787,2023,ATL,CHA,BetfairSportsbook,-455.0,310.0,True,0.770709
401585788,2023,BKN,TOR,BetfairSportsbook,-714.0,450.0,True,0.828306
401585789,2023,MIA,DAL,BetfairSportsbook,125.0,-163.0,True,0.417626
401585790,2023,MIL,ORL,BetfairSportsbook,110.0,-138.0,True,0.450928
401585791,2023,OKC,SA,BetfairSportsbook,-2000.0,900.0,True,0.904977
401585792,2023,DEN,MIN,BetfairSportsbook,-333.0,240.0,True,0.723358
401585793,2023,LAC,PHX,BetfairSportsbook,400.0,-588.0,True,0.189636
401585794,2023,DET,CHI,BetfairSportsbook,333.0,-500.0,True,0.216998
401585795,2023,BOS,NY,BetfairSportsbook,-154.0,120.0,True,0.571525
401585796,2023,UTAH,HOU,BetfairSportsbook,400.0,-588.0,True,0.189636
401585797,2023,POR,GS,BetfairSportsbook,550.0,-1000.0,True,0.144737
401585798,2023,SAC,NO,BetfairSportsbook,-125.0,100.0,True,0.526316
401585799,2023,PHI,ORL,BetfairSportsbook,-250.0,188.0,True,0.672897
401585800,2023,WSH,CHI,BetfairSportsbook,-125.0,100.0,True,0.526316
401585801,2023,BOS,CHA,BetfairSportsbook,-333.0,240.0,True,0.723358
401585802,2023,CLE,IND,BetfairSportsbook,-150.0,115.0,True,0.563319
401585803,2023,NY,BKN,BetfairSportsbook,-714.0,450.0,True,0.828306
401585804,2023,MIA,TOR,BetfairSportsbook,-1250.0,650.0,True,0.874126
401585805,2023,MEM,LAL,BetfairSportsbook,700.0,-1667.0,True,0.116997
401585806,2023,MIN,ATL,BetfairSportsbook,-769.0,500.0,True,0.84151
401585807,2023,OKC,MIL,BetfairSportsbook,-1000.0,550.0,True,0.855263
401585808,2023,SA,DEN,BetfairSportsbook,450.0,-714.0,True,0.171694
401585809,2023,DAL,DET,BetfairSportsbook,-588.0,400.0,True,0.810364
401585810,2023,GS,NO,BetfairSportsbook,-189.0,145.0,True,0.615717
401585811,2023,POR,HOU,BetfairSportsbook,188.0,-250.0,True,0.327103
401585812,2023,LAC,UTAH,BetfairSportsbook,-1429.0,700.0,True,0.882031
401585813,2023,SAC,PHX,BetfairSportsbook,163.0,-213.0,True,0.358456
401585814,2023,BOS,WSH,BetfairSportsbook,-500.0,333.0,True,0.783002
401585815,2023,CLE,CHA,BetfairSportsbook,-1000.0,550.0,True,0.855263
401585816,2023,IND,ATL,BetfairSportsbook,-1000.0,550.0,True,0.855263
401585817,2023,MIA,TOR,BetfairSportsbook,-2000.0,800.0,True,0.895522
401585818,2023,NY,CHI,BetfairSportsbook,-1000.0,550.0,True,0.855263
401585819,2023,ORL,MIL,BetfairSportsbook,-250.0,188.0,True,0.672897
401585820,2023,PHI,BKN,BetfairSportsbook,-1000.0,550.0,True,0.855263
401585821,2023,MEM,DEN,BetfairSportsbook,550.0,-1000.0,True,0.144737
401585822,2023,MIN,PHX,BetfairSportsbook,-138.0,110.0,True,0.549072
401585823,2023,NO,LAL,BetfairSportsbook,-125.0,100.0,True,0.526316
401585824,2023,OKC,DAL,BetfairSportsbook,-2000.0,900.0,True,0.904977
401585825,2023,SA,DET,BetfairSportsbook,-213.0,163.0,True,0.641544
401585826,2023,GS,UTAH,BetfairSportsbook,-714.0,450.0,True,0.828306
401585827,2023,LAC,HOU,BetfairSportsbook,145.0,-189.0,True,0.384283
401585828,2023,SAC,POR,BetfairSportsbook,-2000.0,800.0,True,0.895522
401654655,2023,NO,LAL,BetfairSportsbook,-111.0,-111.0,True,0.5
401654656,2023,SAC,GS,BetfairSportsbook,125.0,-163.0,True,0.417626
401654659,2023,PHI,MIA,BetfairSportsbook,-250.0,188.0,True,0.672897
401654658,2023,CHI,ATL,BetfairSportsbook,-167.0,130.0,True,0.589925
401654660,2023,MIA,CHI,BetfairSportsbook,-138.0,110.0,True,0.549072
401654661,2023,NO,SAC,BetfairSportsbook,-125.0,100.0,True,0.526316
401654757,2023,CLE,ORL,BetfairSportsbook,-250.0,188.0,True,0.672897
401654759,2023,MIN,PHX,BetfairSportsbook,-150.0,115.0,True,0.563319
401654756,2023,NY,PHI,BetfairSportsbook,-200.0,155.0,True,0.62963
401654758,2023,DEN,LAL,BetfairSportsbook,-278.0,210.0,True,0.695112
401654760,2023,BOS,MIA,BetfairSportsbook,-1250.0,650.0,True,0.874126
401654763,2023,LAC,DAL,BetfairSportsbook,145.0,-189.0,True,0.384283
401654761,2023,MIL,IND,BetfairSportsbook,100.0,-125.0,True,0.473684
401654762,2023,OKC,NO,BetfairSportsbook,-455.0,310.0,True,0.770709
401655118,2023,CLE,ORL,BetfairSportsbook,-213.0,163.0,True,0.641544
401655106,2023,NY,PHI,BetfairSportsbook,-189.0,145.0,True,0.615717
401655082,2023,DEN,LAL,BetfairSportsbook,-303.0,225.0,True,0.709602
401655088,2023,MIN,PHX,BetfairSportsbook,-163.0,125.0,True,0.582374
401655112,2023,MIL,IND,ESPN BET,-120.0,100.0,True,0.521739
401655094,2023,LAC,DAL,ESPN BET,-120.0,100.0,True,0.521739
401655100,2023,BOS,MIA,BetfairSportsbook,-1250.0,650.0,True,0.874126
401655076,2023,OKC,NO,BetfairSportsbook,-333.0,240.0,True,0.723358
401655119,2023,ORL,CLE,BetfairSportsbook,-125.0,100.0,True,0.526316
401655107,2023,PHI,NY,BetfairSportsbook,-200.0,155.0,True,0.62963
401655083,2023,LAL,DEN,BetfairSportsbook,-111.0,-111.0,True,0.5
401655113,2023,IND,MIL,BetfairSportsbook,-200.0,155.0,True,0.62963
401655095,2023,DAL,LAC,BetfairSportsbook,-175.0,138.0,True,0.602314
401655089,2023,PHX,MIN,BetfairSportsbook,-189.0,145.0,True,0.615717
401655120,2023,ORL,CLE,ESPN BET,-140.0,120.0,True,0.562044
401655077,2023,NO,OKC,ESPN BET,105.0,-125.0,True,0.467532
401655101,2023,MIA,BOS,ESPN BET,355.0,-460.0,True,0.211082
401655084,2023,LAL,DEN,ESPN BET,135.0,-160.0,True,0.408805
401655108,2023,PHI,NY,ESPN BET,-200.0,165.0,True,0.638554
401655096,2023,DAL,LAC,ESPN BET,-275.0,225.0,True,0.704433
401655114,2023,IND,MIL,ESPN BET,-475.0,360.0,True,0.791667
401655090,2023,PHX,MIN,ESPN BET,-115.0,-105.0,True,0.510834
401655102,2023,MIA,BOS,ESPN BET,390.0,-510.0,True,0.196205
401655078,2023,NO,OKC,ESPN BET,165.0,-195.0,True,0.363412
401655085,2023,DEN,LAL,ESPN BET,-250.0,205.0,True,0.685393
401655109,2023,NY,PHI,ESPN BET,-180.0,150.0,True,0.616438
401655121,2023,CLE,ORL,ESPN BET,-185.0,155.0,True,0.623389
401655115,2023,MIL,IND,ESPN BET,165.0,-200.0,True,0.361446
401655103,2023,BOS,MIA,ESPN BET,-1000.0,650.0,True,0.872093
401655097,2023,LAC,DAL,ESPN BET,120.0,-140.0,True,0.437956
401655116,2023,IND,MIL,ESPN BET,-220.0,190.0,True,0.665971
401655110,2023,PHI,NY,ESPN BET,-150.0,125.0,True,0.574468
401655122,2023,ORL,CLE,ESPN BET,-180.0,150.0,True,0.616438
401655098,2023,DAL,LAC,ESPN BET,-380.0,295.0,True,0.757698
401657182,2023,DEN,MIN,ESPN BET,-185.0,155.0,True,0.623389
401655123,2023,CLE,ORL,ESPN BET,-160.0,135.0,True,0.591195
401657420,2023,NY,IND,ESPN BET,-240.0,195.0,True,0.675573
401657183,2023,DEN,MIN,ESPN BET,-300.0,240.0,True,0.71831
401658224,2023,BOS,CLE,ESPN BET,-800.0,550.0,True,0.852459
401657231,2023,OKC,DAL,ESPN BET,-180.0,150.0,True,0.616438
401657421,2023,NY,IND,ESPN BET,-180.0,150.0,True,0.616438
401658225,2023,BOS,CLE,ESPN BET,-950.0,625.0,True,0.867717
401658188,2023,OKC,DAL,ESPN BET,-200.0,165.0,True,0.638554
401657422,2023,IND,NY,ESPN BET,-290.0,235.0,True,0.713551
401657184,2023,MIN,DEN,ESPN BET,-155.0,130.0,True,0.582993
401658190,2023,DAL,OKC,ESPN BET,-125.0,105.0,True,0.532468
401658226,2023,CLE,BOS,ESPN BET,260.0,-325.0,True,0.266458
401657423,2023,IND,NY,ESPN BET,-240.0,200.0,True,0.679245
401657185,2023,MIN,DEN,ESPN BET,-175.0,145.0,True,0.609236
401658227,2023,CLE,BOS,ESPN BET,500.0,-700.0,True,0.16
401658191,2023,DAL,OKC,ESPN BET,-120.0,100.0,True,0.521739
401658196,2023,NY,IND,ESPN BET,-120.0,100.0,True,0.521739
401657186,2023,DEN,MIN,ESPN BET,-190.0,160.0,True,0.630102
401658228,2023,BOS,CLE,ESPN BET,-1800.0,900.0,True,0.904523
401658192,2023,OKC,DAL,ESPN BET,-190.0,160.0,True,0.630102
401657187,2023,MIN,DEN,ESPN BET,-130.0,110.0,True,0.542744
401658197,2023,IND,NY,ESPN BET,-200.0,165.0,True,0.638554
401658194,2023,DAL,OKC,ESPN BET,-180.0,150.0,True,0.616438
401658198,2023,NY,IND,ESPN BET,-160.0,130.0,True,0.585987
401657188,2023,DEN,MIN,ESPN BET,-190.0,160.0,True,0.630102
401671998,2023,BOS,IND,ESPN BET,-450.0,350.0,True,0.786408
401672976,2023,MIN,DAL,ESPN BET,-190.0,160.0,True,0.630102
401671999,2023,BOS,IND,ESPN BET,-375.0,300.0,True,0.759494
401672977,2023,MIN,DAL,ESPN BET,-250.0,205.0,True,0.685393
401672000,2023,IND,BOS,ESPN BET,230.0,-285.0,True,0.290456
401672978,2023,DAL,MIN,ESPN BET,-120.0,100.0,True,0.521739
401672001,2023,IND,BOS,ESPN BET,230.0,-285.0,True,0.290456
401672979,2023,DAL,MIN,ESPN BET,-120.0,100.0,True,0.521739
401672980,2023,MIN,DAL,ESPN BET,-190.0,160.0,True,0.630102
401656359,2023,BOS,DAL,ESPN BET,-235.0,195.0,True,0.674204
401656360,2023,BOS,DAL,ESPN BET,-270.0,220.0,True,0.700162
401656361,2023,DAL,BOS,ESPN BET,-145.0,125.0,True,0.571116
401656362,2023,DAL,BOS,ESPN BET,100.0,-120.0,True,0.478261
401656363,2023,BOS,DAL,ESPN BET,-270.0,220.0,True,0.700162
