team,season,week,continuity
ARI,2020,2,5.0
ARI,2020,3,5.0
ARI,2020,4,4.0
ARI,2020,5,4.0
ARI,2020,6,5.0
ARI,2020,7,5.0
ARI,2020,9,5.0
ARI,2020,10,4.0
ARI,2020,11,5.0
ARI,2020,12,5.0
ARI,2020,13,5.0
ARI,2020,14,4.0
ARI,2020,15,5.0
ARI,2020,16,4.0
ARI,2020,17,5.0
ARI,2021,1,3.0
ARI,2021,2,4.0
ARI,2021,3,3.0
ARI,2021,4,4.0
ARI,2021,5,4.0
ARI,2021,6,4.0
ARI,2021,7,5.0
ARI,2021,8,4.0
ARI,2021,9,3.0
ARI,2021,10,4.0
ARI,2021,11,4.0
ARI,2021,13,5.0
ARI,2021,14,5.0
ARI,2021,15,3.0
ARI,2021,16,5.0
ARI,2021,17,4.0
ARI,2021,18,4.0
ARI,2022,1,3.0
ARI,2022,2,4.0
ARI,2022,3,5.0
ARI,2022,4,4.0
ARI,2022,5,3.0
ARI,2022,6,4.0
ARI,2022,7,3.0
ARI,2022,8,4.0
ARI,2022,9,3.0
ARI,2022,10,3.0
ARI,2022,11,5.0
ARI,2022,12,4.0
ARI,2022,14,4.0
ARI,2022,15,4.0
ARI,2022,16,5.0
ARI,2022,17,5.0
ARI,2022,18,5.0
ARI,2023,1,1.0
ARI,2023,2,5.0
ARI,2023,3,5.0
ARI,2023,4,5.0
ARI,2023,5,5.0
ARI,2023,6,5.0
ARI,2023,7,3.0
ARI,2023,8,3.0
ARI,2023,9,5.0
ARI,2023,10,3.0
ARI,2023,11,4.0
ARI,2023,12,5.0
ARI,2023,13,4.0
ARI,2023,15,5.0
ARI,2023,16,4.0
ARI,2023,17,5.0
ARI,2023,18,4.0
ARI,2024,1,4.0
ARI,2024,2,5.0
ARI,2024,3,4.0
ARI,2024,4,4.0
ARI,2024,5,5.0
ARI,2024,6,4.0
ARI,2024,7,5.0
ARI,2024,8,5.0
ARI,2024,9,5.0
ARI,2024,10,5.0
ARI,2024,12,4.0
ARI,2024,13,5.0
ARI,2024,14,4.0
ARI,2024,15,5.0
ARI,2024,16,4.0
ARI,2024,17,4.0
ARI,2024,18,4.0
ARI,2025,1,3.0
ARI,2025,2,5.0
ARI,2025,3,4.0
ARI,2025,4,4.0
ARI,2025,5,4.0
ARI,2025,6,3.0
ARI,2025,7,5.0
ARI,2025,9,5.0
ARI,2025,10,5.0
ARI,2025,11,4.0
ARI,2025,12,4.0
ARI,2025,13,5.0
ARI,2025,14,4.0
ARI,2025,15,4.0
ARI,2025,16,5.0
ARI,2025,17,5.0
ARI,2025,18,5.0
ATL,2020,2,4.0
ATL,2020,3,5.0
ATL,2020,4,4.0
ATL,2020,5,5.0
ATL,2020,6,5.0
ATL,2020,7,5.0
ATL,2020,8,5.0
ATL,2020,9,5.0
ATL,2020,11,5.0
ATL,2020,12,5.0
ATL,2020,13,4.0
ATL,2020,14,4.0
ATL,2020,15,4.0
ATL,2020,16,3.0
ATL,2020,17,4.0
ATL,2021,1,4.0
ATL,2021,2,5.0
ATL,2021,3,5.0
ATL,2021,4,5.0
ATL,2021,5,5.0
ATL,2021,7,4.0
ATL,2021,8,4.0
ATL,2021,9,5.0
ATL,2021,10,5.0
ATL,2021,11,5.0
ATL,2021,12,5.0
ATL,2021,13,5.0
ATL,2021,14,5.0
ATL,2021,15,5.0
ATL,2021,16,5.0
ATL,2021,17,5.0
ATL,2021,18,4.0
ATL,2022,1,3.0
ATL,2022,2,5.0
ATL,2022,3,4.0
ATL,2022,4,4.0
ATL,2022,5,5.0
ATL,2022,6,5.0
ATL,2022,7,5.0
ATL,2022,8,5.0
ATL,2022,9,4.0
ATL,2022,10,4.0
ATL,2022,11,4.0
ATL,2022,12,4.0
ATL,2022,13,5.0
ATL,2022,15,4.0
ATL,2022,16,5.0
ATL,2022,17,4.0
ATL,2022,18,5.0
ATL,2023,1,4.0
ATL,2023,2,5.0
ATL,2023,3,5.0
ATL,2023,4,5.0
ATL,2023,5,4.0
ATL,2023,6,4.0
ATL,2023,7,5.0
ATL,2023,8,5.0
ATL,2023,9,5.0
ATL,2023,10,5.0
ATL,2023,12,5.0
ATL,2023,13,4.0
ATL,2023,14,3.0
ATL,2023,15,3.0
ATL,2023,16,3.0
ATL,2023,17,4.0
ATL,2023,18,4.0
ATL,2024,1,4.0
ATL,2024,2,5.0
ATL,2024,3,3.0
ATL,2024,4,5.0
ATL,2024,5,4.0
ATL,2024,6,5.0
ATL,2024,7,4.0
ATL,2024,8,4.0
ATL,2024,9,5.0
ATL,2024,10,5.0
ATL,2024,11,5.0
ATL,2024,13,4.0
ATL,2024,14,5.0
ATL,2024,15,5.0
ATL,2024,16,5.0
ATL,2024,17,5.0
ATL,2024,18,5.0
ATL,2025,1,3.0
ATL,2025,2,5.0
ATL,2025,3,5.0
ATL,2025,4,5.0
ATL,2025,6,5.0
ATL,2025,7,5.0
ATL,2025,8,5.0
ATL,2025,9,4.0
ATL,2025,10,5.0
ATL,2025,11,5.0
ATL,2025,12,4.0
ATL,2025,13,5.0
ATL,2025,14,5.0
ATL,2025,15,5.0
ATL,2025,16,5.0
ATL,2025,17,5.0
ATL,2025,18,5.0
BAL,2020,2,5.0
BAL,2020,3,5.0
BAL,2020,4,4.0
BAL,2020,5,3.0
BAL,2020,6,4.0
BAL,2020,8,3.0
BAL,2020,9,5.0
BAL,2020,10,5.0
BAL,2020,11,4.0
BAL,2020,12,4.0
BAL,2020,13,4.0
BAL,2020,14,5.0
BAL,2020,15,5.0
BAL,2020,16,4.0
BAL,2020,17,3.0
BAL,2021,1,2.0
BAL,2021,2,4.0
BAL,2021,3,5.0
BAL,2021,4,5.0
BAL,2021,5,5.0
BAL,2021,6,5.0
BAL,2021,7,4.0
BAL,2021,9,5.0
BAL,2021,10,5.0
BAL,2021,11,4.0
BAL,2021,12,5.0
BAL,2021,13,5.0
BAL,2021,14,4.0
BAL,2021,15,3.0
BAL,2021,16,4.0
BAL,2021,17,4.0
BAL,2021,18,4.0
BAL,2022,1,2.0
BAL,2022,2,5.0
BAL,2022,3,4.0
BAL,2022,4,5.0
BAL,2022,5,4.0
BAL,2022,6,4.0
BAL,2022,7,4.0
BAL,2022,8,5.0
BAL,2022,9,5.0
BAL,2022,11,5.0
BAL,2022,12,4.0
BAL,2022,13,5.0
BAL,2022,14,3.0
BAL,2022,15,4.0
BAL,2022,16,5.0
BAL,2022,17,5.0
BAL,2022,18,4.0
BAL,2023,1,3.0
BAL,2023,2,3.0
BAL,2023,3,5.0
BAL,2023,4,3.0
BAL,2023,5,4.0
BAL,2023,6,4.0
BAL,2023,7,5.0
BAL,2023,8,5.0
BAL,2023,9,4.0
BAL,2023,10,5.0
BAL,2023,11,4.0
BAL,2023,12,4.0
BAL,2023,14,5.0
BAL,2023,15,5.0
BAL,2023,16,5.0
BAL,2023,17,4.0
BAL,2023,18,3.0
BAL,2024,1,1.0
BAL,2024,2,5.0
BAL,2024,3,5.0
BAL,2024,4,4.0
BAL,2024,5,5.0
BAL,2024,6,5.0
BAL,2024,7,5.0
BAL,2024,8,5.0
BAL,2024,9,5.0
BAL,2024,10,5.0
BAL,2024,11,5.0
BAL,2024,12,5.0
BAL,2024,13,5.0
BAL,2024,15,5.0
BAL,2024,16,5.0
BAL,2024,17,5.0
BAL,2024,18,4.0
BAL,2025,1,5.0
BAL,2025,2,5.0
BAL,2025,3,5.0
BAL,2025,4,4.0
BAL,2025,5,5.0
BAL,2025,6,5.0
BAL,2025,8,4.0
BAL,2025,9,5.0
BAL,2025,10,5.0
BAL,2025,11,5.0
BAL,2025,12,5.0
BAL,2025,13,5.0
BAL,2025,14,5.0
BAL,2025,15,5.0
BAL,2025,16,5.0
BAL,2025,17,5.0
BAL,2025,18,5.0
BUF,2020,2,5.0
BUF,2020,3,4.0
BUF,2020,4,4.0
BUF,2020,5,4.0
BUF,2020,6,5.0
BUF,2020,7,4.0
BUF,2020,8,4.0
BUF,2020,9,5.0
BUF,2020,10,5.0
BUF,2020,12,4.0
BUF,2020,13,4.0
BUF,2020,14,5.0
BUF,2020,15,5.0
BUF,2020,16,5.0
BUF,2020,17,5.0
BUF,2021,1,4.0
BUF,2021,2,5.0
BUF,2021,3,5.0
BUF,2021,4,3.0
BUF,2021,5,4.0
BUF,2021,6,5.0
BUF,2021,8,4.0
BUF,2021,9,4.0
BUF,2021,10,4.0
BUF,2021,11,4.0
BUF,2021,12,5.0
BUF,2021,13,4.0
BUF,2021,14,5.0
BUF,2021,15,4.0
BUF,2021,16,3.0
BUF,2021,17,5.0
BUF,2021,18,5.0
BUF,2022,1,4.0
BUF,2022,2,4.0
BUF,2022,3,4.0
BUF,2022,4,3.0
BUF,2022,5,5.0
BUF,2022,6,4.0
BUF,2022,8,5.0
BUF,2022,9,5.0
BUF,2022,10,4.0
BUF,2022,11,5.0
BUF,2022,12,3.0
BUF,2022,13,4.0
BUF,2022,14,4.0
BUF,2022,15,3.0
BUF,2022,16,4.0
BUF,2022,18,4.0
BUF,2023,1,3.0
BUF,2023,2,5.0
BUF,2023,3,5.0
BUF,2023,4,5.0
BUF,2023,5,5.0
BUF,2023,6,5.0
BUF,2023,7,5.0
BUF,2023,8,5.0
BUF,2023,9,5.0
BUF,2023,10,5.0
BUF,2023,11,5.0
BUF,2023,12,5.0
BUF,2023,14,5.0
BUF,2023,15,5.0
BUF,2023,16,5.0
BUF,2023,17,5.0
BUF,2023,18,5.0
BUF,2024,1,4.0
BUF,2024,2,5.0
BUF,2024,3,5.0
BUF,2024,4,5.0
BUF,2024,5,5.0
BUF,2024,6,5.0
BUF,2024,7,5.0
BUF,2024,8,5.0
BUF,2024,9,5.0
BUF,2024,10,5.0
BUF,2024,11,4.0
BUF,2024,13,4.0
BUF,2024,14,5.0
BUF,2024,15,5.0
BUF,2024,16,5.0
BUF,2024,17,5.0
BUF,2024,18,0.0
BUF,2025,1,0.0
BUF,2025,2,5.0
BUF,2025,3,5.0
BUF,2025,4,4.0
BUF,2025,5,4.0
BUF,2025,6,5.0
BUF,2025,8,5.0
BUF,2025,9,5.0
BUF,2025,10,5.0
BUF,2025,11,5.0
BUF,2025,12,5.0
BUF,2025,13,3.0
BUF,2025,14,4.0
BUF,2025,15,4.0
BUF,2025,16,5.0
BUF,2025,17,5.0
BUF,2025,18,1.0
CAR,2020,2,5.0
CAR,2020,3,3.0
CAR,2020,4,4.0
CAR,2020,5,4.0
CAR,2020,6,5.0
CAR,2020,7,4.0
CAR,2020,8,3.0
CAR,2020,9,4.0
CAR,2020,10,4.0
CAR,2020,11,4.0
CAR,2020,12,3.0
CAR,2020,14,5.0
CAR,2020,15,4.0
CAR,2020,16,5.0
CAR,2020,17,4.0
CAR,2021,1,2.0
CAR,2021,2,4.0
CAR,2021,3,5.0
CAR,2021,4,5.0
CAR,2021,5,4.0
CAR,2021,6,3.0
CAR,2021,7,4.0
CAR,2021,8,3.0
CAR,2021,9,3.0
CAR,2021,10,4.0
CAR,2021,11,3.0
CAR,2021,12,3.0
CAR,2021,14,3.0
CAR,2021,15,3.0
CAR,2021,16,3.0
CAR,2021,17,4.0
CAR,2021,18,4.0
CAR,2022,1,3.0
CAR,2022,2,5.0
CAR,2022,3,5.0
CAR,2022,4,5.0
CAR,2022,5,5.0
CAR,2022,6,5.0
CAR,2022,7,4.0
CAR,2022,8,5.0
CAR,2022,9,5.0
CAR,2022,10,5.0
CAR,2022,11,5.0
CAR,2022,12,5.0
CAR,2022,14,5.0
CAR,2022,15,5.0
CAR,2022,16,5.0
CAR,2022,17,5.0
CAR,2022,18,3.0
CAR,2023,1,3.0
CAR,2023,2,4.0
CAR,2023,3,4.0
CAR,2023,4,5.0
CAR,2023,5,4.0
CAR,2023,6,5.0
CAR,2023,8,4.0
CAR,2023,9,5.0
CAR,2023,10,5.0
CAR,2023,11,4.0
CAR,2023,12,3.0
CAR,2023,13,3.0
CAR,2023,14,4.0
CAR,2023,15,4.0
CAR,2023,16,5.0
CAR,2023,17,4.0
CAR,2023,18,5.0
CAR,2024,1,2.0
CAR,2024,2,5.0
CAR,2024,3,5.0
CAR,2024,4,4.0
CAR,2024,5,3.0
CAR,2024,6,4.0
CAR,2024,7,5.0
CAR,2024,8,4.0
CAR,2024,9,4.0
CAR,2024,10,5.0
CAR,2024,12,4.0
CAR,2024,13,5.0
CAR,2024,14,5.0
CAR,2024,15,5.0
CAR,2024,16,4.0
CAR,2024,17,3.0
CAR,2024,18,3.0
CAR,2025,1,2.0
CAR,2025,2,4.0
CAR,2025,3,3.0
CAR,2025,4,4.0
CAR,2025,5,5.0
CAR,2025,6,4.0
CAR,2025,7,3.0
CAR,2025,8,4.0
CAR,2025,9,3.0
CAR,2025,10,3.0
CAR,2025,11,4.0
CAR,2025,12,3.0
CAR,2025,13,5.0
CAR,2025,15,4.0
CAR,2025,16,4.0
CAR,2025,17,4.0
CAR,2025,18,5.0
CHI,2020,2,5.0
CHI,2020,3,5.0
CHI,2020,4,5.0
CHI,2020,5,5.0
CHI,2020,6,4.0
CHI,2020,7,5.0
CHI,2020,8,3.0
CHI,2020,9,3.0
CHI,2020,10,4.0
CHI,2020,12,4.0
CHI,2020,13,5.0
CHI,2020,14,5.0
CHI,2020,15,5.0
CHI,2020,16,5.0
CHI,2020,17,5.0
CHI,2021,1,3.0
CHI,2021,2,5.0
CHI,2021,3,5.0
CHI,2021,4,5.0
CHI,2021,5,4.0
CHI,2021,6,5.0
CHI,2021,7,4.0
CHI,2021,8,4.0
CHI,2021,9,5.0
CHI,2021,11,5.0
CHI,2021,12,5.0
CHI,2021,13,5.0
CHI,2021,14,4.0
CHI,2021,15,4.0
CHI,2021,16,4.0
CHI,2021,17,4.0
CHI,2021,18,5.0
CHI,2022,1,3.0
CHI,2022,2,4.0
CHI,2022,3,5.0
CHI,2022,4,4.0
CHI,2022,5,5.0
CHI,2022,6,5.0
CHI,2022,7,4.0
CHI,2022,8,4.0
CHI,2022,9,4.0
CHI,2022,10,4.0
CHI,2022,11,5.0
CHI,2022,12,3.0
CHI,2022,13,4.0
CHI,2022,15,4.0
CHI,2022,16,4.0
CHI,2022,17,3.0
CHI,2022,18,4.0
CHI,2023,1,2.0
CHI,2023,2,4.0
CHI,2023,3,4.0
CHI,2023,4,4.0
CHI,2023,5,4.0
CHI,2023,6,4.0
CHI,2023,7,4.0
CHI,2023,8,5.0
CHI,2023,9,4.0
CHI,2023,10,5.0
CHI,2023,11,3.0
CHI,2023,12,4.0
CHI,2023,14,5.0
CHI,2023,15,4.0
CHI,2023,16,5.0
CHI,2023,17,4.0
CHI,2023,18,3.0
CHI,2024,1,3.0
CHI,2024,2,4.0
CHI,2024,3,4.0
CHI,2024,4,4.0
CHI,2024,5,4.0
CHI,2024,6,5.0
CHI,2024,8,4.0
CHI,2024,9,4.0
CHI,2024,10,3.0
CHI,2024,11,2.0
CHI,2024,12,4.0
CHI,2024,13,5.0
CHI,2024,14,5.0
CHI,2024,15,4.0
CHI,2024,16,3.0
CHI,2024,17,5.0
CHI,2024,18,5.0
CHI,2025,1,1.0
CHI,2025,2,5.0
CHI,2025,3,5.0
CHI,2025,4,3.0
CHI,2025,6,4.0
CHI,2025,7,5.0
CHI,2025,8,5.0
CHI,2025,9,5.0
CHI,2025,10,5.0
CHI,2025,11,5.0
CHI,2025,12,4.0
CHI,2025,13,5.0
CHI,2025,14,5.0
CHI,2025,15,5.0
CHI,2025,16,5.0
CHI,2025,17,5.0
CHI,2025,18,4.0
CIN,2020,2,4.0
CIN,2020,3,4.0
CIN,2020,4,4.0
CIN,2020,5,5.0
CIN,2020,6,5.0
CIN,2020,7,3.0
CIN,2020,8,3.0
CIN,2020,10,3.0
CIN,2020,11,4.0
CIN,2020,12,4.0
CIN,2020,13,5.0
CIN,2020,14,3.0
CIN,2020,15,5.0
CIN,2020,16,5.0
CIN,2020,17,5.0
CIN,2021,1,3.0
CIN,2021,2,5.0
CIN,2021,3,4.0
CIN,2021,4,5.0
CIN,2021,5,5.0
CIN,2021,6,4.0
CIN,2021,7,4.0
CIN,2021,8,5.0
CIN,2021,9,4.0
CIN,2021,11,5.0
CIN,2021,12,5.0
CIN,2021,13,3.0
CIN,2021,14,3.0
CIN,2021,15,3.0
CIN,2021,16,3.0
CIN,2021,17,4.0
CIN,2021,18,3.0
CIN,2022,1,0.0
CIN,2022,2,5.0
CIN,2022,3,5.0
CIN,2022,4,5.0
CIN,2022,5,5.0
CIN,2022,6,5.0
CIN,2022,7,5.0
CIN,2022,8,5.0
CIN,2022,9,5.0
CIN,2022,11,5.0
CIN,2022,12,5.0
CIN,2022,13,5.0
CIN,2022,14,5.0
CIN,2022,15,5.0
CIN,2022,16,4.0
CIN,2022,18,5.0
CIN,2023,1,4.0
CIN,2023,2,5.0
CIN,2023,3,5.0
CIN,2023,4,5.0
CIN,2023,5,5.0
CIN,2023,6,5.0
CIN,2023,8,5.0
CIN,2023,9,5.0
CIN,2023,10,5.0
CIN,2023,11,5.0
CIN,2023,12,5.0
CIN,2023,13,5.0
CIN,2023,14,5.0
CIN,2023,15,5.0
CIN,2023,16,5.0
CIN,2023,17,5.0
CIN,2023,18,5.0
CIN,2024,1,4.0
CIN,2024,2,5.0
CIN,2024,3,4.0
CIN,2024,4,5.0
CIN,2024,5,5.0
CIN,2024,6,5.0
CIN,2024,7,4.0
CIN,2024,8,5.0
CIN,2024,9,5.0
CIN,2024,10,5.0
CIN,2024,11,5.0
CIN,2024,13,4.0
CIN,2024,14,4.0
CIN,2024,15,4.0
CIN,2024,16,4.0
CIN,2024,17,3.0
CIN,2024,18,4.0
CIN,2025,1,2.0
CIN,2025,2,5.0
CIN,2025,3,5.0
CIN,2025,4,4.0
CIN,2025,5,5.0
CIN,2025,6,4.0
CIN,2025,7,5.0
CIN,2025,8,4.0
CIN,2025,9,5.0
CIN,2025,11,5.0
CIN,2025,12,4.0
CIN,2025,13,5.0
CIN,2025,14,5.0
CIN,2025,15,5.0
CIN,2025,16,5.0
CIN,2025,17,5.0
CIN,2025,18,5.0
CLE,2020,2,4.0
CLE,2020,3,4.0
CLE,2020,4,5.0
CLE,2020,5,4.0
CLE,2020,6,5.0
CLE,2020,7,5.0
CLE,2020,8,5.0
CLE,2020,10,4.0
CLE,2020,11,5.0
CLE,2020,12,5.0
CLE,2020,13,5.0
CLE,2020,14,5.0
CLE,2020,15,4.0
CLE,2020,16,4.0
CLE,2020,17,3.0
CLE,2021,1,4.0
CLE,2021,2,4.0
CLE,2021,3,5.0
CLE,2021,4,5.0
CLE,2021,5,4.0
CLE,2021,6,4.0
CLE,2021,7,4.0
CLE,2021,8,5.0
CLE,2021,9,5.0
CLE,2021,10,5.0
CLE,2021,11,5.0
CLE,2021,12,5.0
CLE,2021,14,4.0
CLE,2021,15,3.0
CLE,2021,16,4.0
CLE,2021,17,2.0
CLE,2021,18,5.0
CLE,2022,1,4.0
CLE,2022,2,5.0
CLE,2022,3,4.0
CLE,2022,4,5.0
CLE,2022,5,5.0
CLE,2022,6,4.0
CLE,2022,7,5.0
CLE,2022,8,5.0
CLE,2022,10,5.0
CLE,2022,11,4.0
CLE,2022,12,5.0
CLE,2022,13,5.0
CLE,2022,14,5.0
CLE,2022,15,5.0
CLE,2022,16,4.0
CLE,2022,17,5.0
CLE,2022,18,4.0
CLE,2023,1,4.0
CLE,2023,2,5.0
CLE,2023,3,5.0
CLE,2023,4,4.0
CLE,2023,6,3.0
CLE,2023,7,4.0
CLE,2023,8,5.0
CLE,2023,9,4.0
CLE,2023,10,4.0
CLE,2023,11,5.0
CLE,2023,12,4.0
CLE,2023,13,5.0
CLE,2023,14,3.0
CLE,2023,15,4.0
CLE,2023,16,3.0
CLE,2023,17,5.0
CLE,2023,18,1.0
CLE,2024,1,1.0
CLE,2024,2,5.0
CLE,2024,3,3.0
CLE,2024,4,3.0
CLE,2024,5,3.0
CLE,2024,6,3.0
CLE,2024,7,4.0
CLE,2024,8,3.0
CLE,2024,9,5.0
CLE,2024,11,4.0
CLE,2024,12,5.0
CLE,2024,13,5.0
CLE,2024,14,5.0
CLE,2024,15,5.0
CLE,2024,16,5.0
CLE,2024,17,5.0
CLE,2024,18,5.0
CLE,2025,1,3.0
CLE,2025,2,5.0
CLE,2025,3,4.0
CLE,2025,4,5.0
CLE,2025,5,4.0
CLE,2025,6,4.0
CLE,2025,7,5.0
CLE,2025,8,4.0
CLE,2025,10,5.0
CLE,2025,11,4.0
CLE,2025,12,4.0
CLE,2025,13,3.0
CLE,2025,14,5.0
CLE,2025,15,3.0
CLE,2025,16,4.0
CLE,2025,17,5.0
CLE,2025,18,5.0
DAL,2020,2,4.0
DAL,2020,3,4.0
DAL,2020,4,4.0
DAL,2020,5,4.0
DAL,2020,6,4.0
DAL,2020,7,4.0
DAL,2020,8,4.0
DAL,2020,9,4.0
DAL,2020,11,4.0
DAL,2020,12,3.0
DAL,2020,13,5.0
DAL,2020,14,5.0
DAL,2020,15,5.0
DAL,2020,16,5.0
DAL,2020,17,5.0
DAL,2021,1,2.0
DAL,2021,2,3.0
DAL,2021,3,5.0
DAL,2021,4,5.0
DAL,2021,5,5.0
DAL,2021,6,5.0
DAL,2021,8,4.0
DAL,2021,9,4.0
DAL,2021,10,5.0
DAL,2021,11,4.0
DAL,2021,12,4.0
DAL,2021,13,4.0
DAL,2021,14,5.0
DAL,2021,15,3.0
DAL,2021,16,5.0
DAL,2021,17,4.0
DAL,2021,18,4.0
DAL,2022,1,3.0
DAL,2022,2,5.0
DAL,2022,3,5.0
DAL,2022,4,4.0
DAL,2022,5,5.0
DAL,2022,6,5.0
DAL,2022,7,5.0
DAL,2022,8,5.0
DAL,2022,10,5.0
DAL,2022,11,5.0
DAL,2022,12,5.0
DAL,2022,13,5.0
DAL,2022,14,5.0
DAL,2022,15,4.0
DAL,2022,16,5.0
DAL,2022,17,5.0
DAL,2022,18,4.0
DAL,2023,1,2.0
DAL,2023,2,5.0
DAL,2023,3,2.0
DAL,2023,4,3.0
DAL,2023,5,4.0
DAL,2023,6,5.0
DAL,2023,8,4.0
DAL,2023,9,4.0
DAL,2023,10,5.0
DAL,2023,11,5.0
DAL,2023,12,5.0
DAL,2023,13,5.0
DAL,2023,14,5.0
DAL,2023,15,4.0
DAL,2023,16,3.0
DAL,2023,17,4.0
DAL,2023,18,3.0
DAL,2024,1,1.0
DAL,2024,2,5.0
DAL,2024,3,5.0
DAL,2024,4,5.0
DAL,2024,5,4.0
DAL,2024,6,5.0
DAL,2024,8,4.0
DAL,2024,9,5.0
DAL,2024,10,4.0
DAL,2024,11,4.0
DAL,2024,12,3.0
DAL,2024,13,3.0
DAL,2024,14,4.0
DAL,2024,15,4.0
DAL,2024,16,3.0
DAL,2024,17,4.0
DAL,2024,18,4.0
DAL,2025,1,3.0
DAL,2025,2,5.0
DAL,2025,3,4.0
DAL,2025,4,4.0
DAL,2025,5,3.0
DAL,2025,6,3.0
DAL,2025,7,4.0
DAL,2025,8,5.0
DAL,2025,9,4.0
DAL,2025,11,5.0
DAL,2025,12,5.0
DAL,2025,13,4.0
DAL,2025,14,5.0
DAL,2025,15,5.0
DAL,2025,16,4.0
DAL,2025,17,5.0
DAL,2025,18,4.0
DEN,2020,2,5.0
DEN,2020,3,5.0
DEN,2020,4,4.0
DEN,2020,6,4.0
DEN,2020,7,4.0
DEN,2020,8,4.0
DEN,2020,9,4.0
DEN,2020,10,3.0
DEN,2020,11,4.0
DEN,2020,12,5.0
DEN,2020,13,4.0
DEN,2020,14,2.0
DEN,2020,15,3.0
DEN,2020,16,5.0
DEN,2020,17,3.0
DEN,2021,1,2.0
DEN,2021,2,4.0
DEN,2021,3,4.0
DEN,2021,4,3.0
DEN,2021,5,3.0
DEN,2021,6,5.0
DEN,2021,7,5.0
DEN,2021,8,5.0
DEN,2021,9,2.0
DEN,2021,10,5.0
DEN,2021,12,3.0
DEN,2021,13,2.0
DEN,2021,14,5.0
DEN,2021,15,5.0
DEN,2021,16,4.0
DEN,2021,17,2.0
DEN,2021,18,5.0
DEN,2022,1,3.0
DEN,2022,2,5.0
DEN,2022,3,5.0
DEN,2022,4,5.0
DEN,2022,5,5.0
DEN,2022,6,3.0
DEN,2022,7,5.0
DEN,2022,8,3.0
DEN,2022,10,4.0
DEN,2022,11,4.0
DEN,2022,12,5.0
DEN,2022,13,5.0
DEN,2022,14,4.0
DEN,2022,15,2.0
DEN,2022,16,4.0
DEN,2022,17,5.0
DEN,2022,18,4.0
DEN,2023,1,1.0
DEN,2023,2,5.0
DEN,2023,3,5.0
DEN,2023,4,5.0
DEN,2023,5,5.0
DEN,2023,6,5.0
DEN,2023,7,5.0
DEN,2023,8,5.0
DEN,2023,10,5.0
DEN,2023,11,5.0
DEN,2023,12,5.0
DEN,2023,13,5.0
DEN,2023,14,5.0
DEN,2023,15,5.0
DEN,2023,16,5.0
DEN,2023,17,4.0
DEN,2023,18,5.0
DEN,2024,1,3.0
DEN,2024,2,5.0
DEN,2024,3,4.0
DEN,2024,4,5.0
DEN,2024,5,4.0
DEN,2024,6,4.0
DEN,2024,7,4.0
DEN,2024,8,5.0
DEN,2024,9,5.0
DEN,2024,10,4.0
DEN,2024,11,5.0
DEN,2024,12,5.0
DEN,2024,13,5.0
DEN,2024,15,5.0
DEN,2024,16,5.0
DEN,2024,17,5.0
DEN,2024,18,5.0
DEN,2025,1,5.0
DEN,2025,2,5.0
DEN,2025,3,5.0
DEN,2025,4,5.0
DEN,2025,5,5.0
DEN,2025,6,4.0
DEN,2025,7,4.0
DEN,2025,8,5.0
DEN,2025,9,5.0
DEN,2025,10,5.0
DEN,2025,11,5.0
DEN,2025,13,5.0
DEN,2025,14,5.0
DEN,2025,15,5.0
DEN,2025,16,5.0
DEN,2025,17,3.0
DEN,2025,18,5.0
DET,2020,2,4.0
DET,2020,3,4.0
DET,2020,4,5.0
DET,2020,6,3.0
DET,2020,7,3.0
DET,2020,8,4.0
DET,2020,9,4.0
DET,2020,10,4.0
DET,2020,11,5.0
DET,2020,12,5.0
DET,2020,13,4.0
DET,2020,14,5.0
DET,2020,15,4.0
DET,2020,16,3.0
DET,2020,17,3.0
DET,2021,1,3.0
DET,2021,2,5.0
DET,2021,3,5.0
DET,2021,4,4.0
DET,2021,5,5.0
DET,2021,6,5.0
DET,2021,7,5.0
DET,2021,8,5.0
DET,2021,10,4.0
DET,2021,11,4.0
DET,2021,12,5.0
DET,2021,13,4.0
DET,2021,14,4.0
DET,2021,15,3.0
DET,2021,16,4.0
DET,2021,17,4.0
DET,2021,18,1.0
DET,2022,1,1.0
DET,2022,2,3.0
DET,2022,3,4.0
DET,2022,4,5.0
DET,2022,5,4.0
DET,2022,7,5.0
DET,2022,8,5.0
DET,2022,9,5.0
DET,2022,10,5.0
DET,2022,11,4.0
DET,2022,12,4.0
DET,2022,13,4.0
DET,2022,14,4.0
DET,2022,15,4.0
DET,2022,16,5.0
DET,2022,17,5.0
DET,2022,18,5.0
DET,2023,1,4.0
DET,2023,2,4.0
DET,2023,3,3.0
DET,2023,4,4.0
DET,2023,5,5.0
DET,2023,6,4.0
DET,2023,7,4.0
DET,2023,8,3.0
DET,2023,10,3.0
DET,2023,11,4.0
DET,2023,12,4.0
DET,2023,13,3.0
DET,2023,14,4.0
DET,2023,15,4.0
DET,2023,16,5.0
DET,2023,17,5.0
DET,2023,18,5.0
DET,2024,1,4.0
DET,2024,2,5.0
DET,2024,3,5.0
DET,2024,4,4.0
DET,2024,6,4.0
DET,2024,7,4.0
DET,2024,8,4.0
DET,2024,9,5.0
DET,2024,10,4.0
DET,2024,11,4.0
DET,2024,12,5.0
DET,2024,13,4.0
DET,2024,14,5.0
DET,2024,15,4.0
DET,2024,16,4.0
DET,2024,17,4.0
DET,2024,18,5.0
DET,2025,1,3.0
DET,2025,2,5.0
DET,2025,3,5.0
DET,2025,4,5.0
DET,2025,5,4.0
DET,2025,6,4.0
DET,2025,7,4.0
DET,2025,9,5.0
DET,2025,10,4.0
DET,2025,11,5.0
DET,2025,12,5.0
DET,2025,13,4.0
DET,2025,14,4.0
DET,2025,15,5.0
DET,2025,16,3.0
DET,2025,17,4.0
DET,2025,18,2.0
GB,2020,2,4.0
GB,2020,3,4.0
GB,2020,4,5.0
GB,2020,6,5.0
GB,2020,7,4.0
GB,2020,8,5.0
GB,2020,9,5.0
GB,2020,10,4.0
GB,2020,11,4.0
GB,2020,12,5.0
GB,2020,13,4.0
GB,2020,14,5.0
GB,2020,15,5.0
GB,2020,16,4.0
GB,2020,17,4.0
GB,2021,1,3.0
GB,2021,2,4.0
GB,2021,3,4.0
GB,2021,4,5.0
GB,2021,5,4.0
GB,2021,6,4.0
GB,2021,7,5.0
GB,2021,8,5.0
GB,2021,9,5.0
GB,2021,10,5.0
GB,2021,11,5.0
GB,2021,12,4.0
GB,2021,14,4.0
GB,2021,15,5.0
GB,2021,16,5.0
GB,2021,17,5.0
GB,2021,18,5.0
GB,2022,1,3.0
GB,2022,2,4.0
GB,2022,3,4.0
GB,2022,4,5.0
GB,2022,5,4.0
GB,2022,6,4.0
GB,2022,7,3.0
GB,2022,8,4.0
GB,2022,9,4.0
GB,2022,10,4.0
GB,2022,11,5.0
GB,2022,12,5.0
GB,2022,13,4.0
GB,2022,15,5.0
GB,2022,16,4.0
GB,2022,17,4.0
GB,2022,18,5.0
GB,2023,1,5.0
GB,2023,2,3.0
GB,2023,3,5.0
GB,2023,4,5.0
GB,2023,5,4.0
GB,2023,7,5.0
GB,2023,8,4.0
GB,2023,9,4.0
GB,2023,10,5.0
GB,2023,11,5.0
GB,2023,12,5.0
GB,2023,13,5.0
GB,2023,14,5.0
GB,2023,15,5.0
GB,2023,16,5.0
GB,2023,17,5.0
GB,2023,18,5.0
GB,2024,1,4.0
GB,2024,2,5.0
GB,2024,3,5.0
GB,2024,4,5.0
GB,2024,5,5.0
GB,2024,6,5.0
GB,2024,7,5.0
GB,2024,8,5.0
GB,2024,9,4.0
GB,2024,11,4.0
GB,2024,12,5.0
GB,2024,13,5.0
GB,2024,14,5.0
GB,2024,15,5.0
GB,2024,16,5.0
GB,2024,17,5.0
GB,2024,18,5.0
GB,2025,1,4.0
GB,2025,2,3.0
GB,2025,3,5.0
GB,2025,4,4.0
GB,2025,6,3.0
GB,2025,7,5.0
GB,2025,8,4.0
GB,2025,9,4.0
GB,2025,10,4.0
GB,2025,11,5.0
GB,2025,12,4.0
GB,2025,13,5.0
GB,2025,14,5.0
GB,2025,15,4.0
GB,2025,16,4.0
GB,2025,17,5.0
GB,2025,18,2.0
HOU,2020,2,5.0
HOU,2020,3,5.0
HOU,2020,4,4.0
HOU,2020,5,5.0
HOU,2020,6,5.0
HOU,2020,7,5.0
HOU,2020,9,4.0
HOU,2020,10,4.0
HOU,2020,11,4.0
HOU,2020,12,4.0
HOU,2020,13,5.0
HOU,2020,14,4.0
HOU,2020,15,4.0
HOU,2020,16,3.0
HOU,2020,17,5.0
HOU,2021,1,1.0
HOU,2021,2,5.0
HOU,2021,3,5.0
HOU,2021,4,5.0
HOU,2021,5,3.0
HOU,2021,6,4.0
HOU,2021,7,4.0
HOU,2021,8,4.0
HOU,2021,9,4.0
HOU,2021,11,5.0
HOU,2021,12,4.0
HOU,2021,13,3.0
HOU,2021,14,4.0
HOU,2021,15,3.0
HOU,2021,16,3.0
HOU,2021,17,2.0
HOU,2021,18,4.0
HOU,2022,1,2.0
HOU,2022,2,4.0
HOU,2022,3,5.0
HOU,2022,4,5.0
HOU,2022,5,5.0
HOU,2022,7,5.0
HOU,2022,8,4.0
HOU,2022,9,4.0
HOU,2022,10,5.0
HOU,2022,11,5.0
HOU,2022,12,5.0
HOU,2022,13,5.0
HOU,2022,14,5.0
HOU,2022,15,4.0
HOU,2022,16,4.0
HOU,2022,17,3.0
HOU,2022,18,5.0
HOU,2023,1,1.0
HOU,2023,2,4.0
HOU,2023,3,5.0
HOU,2023,4,4.0
HOU,2023,5,3.0
HOU,2023,6,5.0
HOU,2023,8,5.0
HOU,2023,9,4.0
HOU,2023,10,5.0
HOU,2023,11,5.0
HOU,2023,12,4.0
HOU,2023,13,5.0
HOU,2023,14,5.0
HOU,2023,15,4.0
HOU,2023,16,5.0
HOU,2023,17,4.0
HOU,2023,18,4.0
HOU,2024,1,3.0
HOU,2024,2,4.0
HOU,2024,3,4.0
HOU,2024,4,5.0
HOU,2024,5,4.0
HOU,2024,6,4.0
HOU,2024,7,5.0
HOU,2024,8,5.0
HOU,2024,9,4.0
HOU,2024,10,4.0
HOU,2024,11,5.0
HOU,2024,12,5.0
HOU,2024,13,5.0
HOU,2024,15,4.0
HOU,2024,16,4.0
HOU,2024,17,5.0
HOU,2024,18,4.0
HOU,2025,1,1.0
HOU,2025,2,3.0
HOU,2025,3,3.0
HOU,2025,4,5.0
HOU,2025,5,5.0
HOU,2025,7,4.0
HOU,2025,8,5.0
HOU,2025,9,4.0
HOU,2025,10,2.0
HOU,2025,11,4.0
HOU,2025,12,4.0
HOU,2025,13,5.0
HOU,2025,14,5.0
HOU,2025,15,5.0
HOU,2025,16,5.0
HOU,2025,17,3.0
HOU,2025,18,4.0
IND,2020,2,5.0
IND,2020,3,5.0
IND,2020,4,5.0
IND,2020,5,4.0
IND,2020,6,4.0
IND,2020,8,5.0
IND,2020,9,5.0
IND,2020,10,5.0
IND,2020,11,4.0
IND,2020,12,2.0
IND,2020,13,3.0
IND,2020,14,4.0
IND,2020,15,5.0
IND,2020,16,3.0
IND,2020,17,3.0
IND,2021,1,4.0
IND,2021,2,4.0
IND,2021,3,4.0
IND,2021,4,5.0
IND,2021,5,4.0
IND,2021,6,5.0
IND,2021,7,4.0
IND,2021,8,4.0
IND,2021,9,5.0
IND,2021,10,4.0
IND,2021,11,5.0
IND,2021,12,5.0
IND,2021,13,4.0
IND,2021,15,5.0
IND,2021,16,2.0
IND,2021,17,2.0
IND,2021,18,4.0
IND,2022,1,3.0
IND,2022,2,5.0
IND,2022,3,5.0
IND,2022,4,4.0
IND,2022,5,3.0
IND,2022,6,3.0
IND,2022,7,5.0
IND,2022,8,5.0
IND,2022,9,3.0
IND,2022,10,5.0
IND,2022,11,5.0
IND,2022,12,5.0
IND,2022,13,4.0
IND,2022,15,4.0
IND,2022,16,5.0
IND,2022,17,5.0
IND,2022,18,5.0
IND,2023,1,5.0
IND,2023,2,5.0
IND,2023,3,4.0
IND,2023,4,4.0
IND,2023,5,4.0
IND,2023,6,4.0
IND,2023,7,5.0
IND,2023,8,5.0
IND,2023,9,5.0
IND,2023,10,4.0
IND,2023,12,4.0
IND,2023,13,3.0
IND,2023,14,5.0
IND,2023,15,5.0
IND,2023,16,5.0
IND,2023,17,4.0
IND,2023,18,5.0
IND,2024,1,5.0
IND,2024,2,5.0
IND,2024,3,5.0
IND,2024,4,4.0
IND,2024,5,5.0
IND,2024,6,3.0
IND,2024,7,5.0
IND,2024,8,5.0
IND,2024,9,4.0
IND,2024,10,4.0
IND,2024,11,5.0
IND,2024,12,5.0
IND,2024,13,2.0
IND,2024,15,5.0
IND,2024,16,4.0
IND,2024,17,5.0
IND,2024,18,5.0
IND,2025,1,3.0
IND,2025,2,5.0
IND,2025,3,5.0
IND,2025,4,4.0
IND,2025,5,4.0
IND,2025,6,5.0
IND,2025,7,5.0
IND,2025,8,5.0
IND,2025,9,5.0
IND,2025,10,5.0
IND,2025,12,5.0
IND,2025,13,5.0
IND,2025,14,4.0
IND,2025,15,5.0
IND,2025,16,3.0
IND,2025,17,4.0
IND,2025,18,4.0
JAX,2020,2,5.0
JAX,2020,3,4.0
JAX,2020,4,5.0
JAX,2020,5,4.0
JAX,2020,6,4.0
JAX,2020,7,4.0
JAX,2020,9,4.0
JAX,2020,10,4.0
JAX,2020,11,4.0
JAX,2020,12,4.0
JAX,2020,13,4.0
JAX,2020,14,4.0
JAX,2020,15,4.0
JAX,2020,16,5.0
JAX,2020,17,5.0
JAX,2021,1,4.0
JAX,2021,2,5.0
JAX,2021,3,5.0
JAX,2021,4,4.0
JAX,2021,5,5.0
JAX,2021,6,3.0
JAX,2021,8,4.0
JAX,2021,9,4.0
JAX,2021,10,4.0
JAX,2021,11,5.0
JAX,2021,12,4.0
JAX,2021,13,4.0
JAX,2021,14,5.0
JAX,2021,15,3.0
JAX,2021,16,3.0
JAX,2021,17,2.0
JAX,2021,18,4.0
JAX,2022,1,2.0
JAX,2022,2,5.0
JAX,2022,3,5.0
JAX,2022,4,5.0
JAX,2022,5,4.0
JAX,2022,6,5.0
JAX,2022,7,5.0
JAX,2022,8,5.0
JAX,2022,9,5.0
JAX,2022,10,5.0
JAX,2022,12,5.0
JAX,2022,13,5.0
JAX,2022,14,5.0
JAX,2022,15,5.0
JAX,2022,16,4.0
JAX,2022,17,5.0
JAX,2022,18,5.0
JAX,2023,1,3.0
JAX,2023,2,5.0
JAX,2023,3,5.0
JAX,2023,4,4.0
JAX,2023,5,4.0
JAX,2023,6,4.0
JAX,2023,7,4.0
JAX,2023,8,5.0
JAX,2023,10,4.0
JAX,2023,11,5.0
JAX,2023,12,4.0
JAX,2023,13,5.0
JAX,2023,14,3.0
JAX,2023,15,3.0
JAX,2023,16,5.0
JAX,2023,17,3.0
JAX,2023,18,4.0
JAX,2024,1,4.0
JAX,2024,2,5.0
JAX,2024,3,5.0
JAX,2024,4,5.0
JAX,2024,5,5.0
JAX,2024,6,5.0
JAX,2024,7,4.0
JAX,2024,8,5.0
JAX,2024,9,4.0
JAX,2024,10,4.0
JAX,2024,11,4.0
JAX,2024,13,5.0
JAX,2024,14,4.0
JAX,2024,15,4.0
JAX,2024,16,4.0
JAX,2024,17,5.0
JAX,2024,18,5.0
JAX,2025,1,2.0
JAX,2025,2,5.0
JAX,2025,3,5.0
JAX,2025,4,5.0
JAX,2025,5,5.0
JAX,2025,6,4.0
JAX,2025,7,4.0
JAX,2025,9,5.0
JAX,2025,10,4.0
JAX,2025,11,4.0
JAX,2025,12,5.0
JAX,2025,13,3.0
JAX,2025,14,4.0
JAX,2025,15,5.0
JAX,2025,16,4.0
JAX,2025,17,4.0
JAX,2025,18,4.0
KC,2020,2,5.0
KC,2020,3,4.0
KC,2020,4,4.0
KC,2020,5,4.0
KC,2020,6,3.0
KC,2020,7,5.0
KC,2020,8,5.0
KC,2020,9,4.0
KC,2020,11,5.0
KC,2020,12,5.0
KC,2020,13,5.0
KC,2020,14,5.0
KC,2020,15,4.0
KC,2020,16,4.0
KC,2020,17,0.0
KC,2021,1,0.0
KC,2021,2,5.0
KC,2021,3,5.0
KC,2021,4,5.0
KC,2021,5,5.0
KC,2021,6,4.0
KC,2021,7,5.0
KC,2021,8,4.0
KC,2021,9,4.0
KC,2021,10,5.0
KC,2021,11,5.0
KC,2021,13,5.0
KC,2021,14,5.0
KC,2021,15,4.0
KC,2021,16,4.0
KC,2021,17,4.0
KC,2021,18,4.0
KC,2022,1,4.0
KC,2022,2,4.0
KC,2022,3,5.0
KC,2022,4,5.0
KC,2022,5,4.0
KC,2022,6,4.0
KC,2022,7,5.0
KC,2022,9,5.0
KC,2022,10,4.0
KC,2022,11,4.0
KC,2022,12,4.0
KC,2022,13,5.0
KC,2022,14,4.0
KC,2022,15,5.0
KC,2022,16,5.0
KC,2022,17,5.0
KC,2022,18,5.0
KC,2023,1,3.0
KC,2023,2,5.0
KC,2023,3,5.0
KC,2023,4,5.0
KC,2023,5,5.0
KC,2023,6,5.0
KC,2023,7,5.0
KC,2023,8,5.0
KC,2023,9,5.0
KC,2023,11,5.0
KC,2023,12,5.0
KC,2023,13,4.0
KC,2023,14,5.0
KC,2023,15,5.0
KC,2023,16,5.0
KC,2023,17,5.0
KC,2023,18,2.0
KC,2024,1,2.0
KC,2024,2,5.0
KC,2024,3,4.0
KC,2024,4,5.0
KC,2024,5,5.0
KC,2024,7,5.0
KC,2024,8,5.0
KC,2024,9,5.0
KC,2024,10,4.0
KC,2024,11,4.0
KC,2024,12,5.0
KC,2024,13,5.0
KC,2024,14,4.0
KC,2024,15,4.0
KC,2024,16,5.0
KC,2024,17,5.0
KC,2024,18,0.0
KC,2025,1,1.0
KC,2025,2,5.0
KC,2025,3,5.0
KC,2025,4,5.0
KC,2025,5,5.0
KC,2025,6,4.0
KC,2025,7,4.0
KC,2025,8,5.0
KC,2025,9,4.0
KC,2025,11,4.0
KC,2025,12,4.0
KC,2025,13,4.0
KC,2025,14,4.0
KC,2025,15,4.0
KC,2025,16,4.0
KC,2025,17,5.0
KC,2025,18,4.0
LA,2020,2,5.0
LA,2020,3,4.0
LA,2020,4,5.0
LA,2020,5,5.0
LA,2020,6,5.0
LA,2020,7,5.0
LA,2020,8,5.0
LA,2020,10,5.0
LA,2020,11,4.0
LA,2020,12,5.0
LA,2020,13,5.0
LA,2020,14,5.0
LA,2020,15,5.0
LA,2020,16,5.0
LA,2020,17,5.0
LA,2021,1,3.0
LA,2021,2,5.0
LA,2021,3,5.0
LA,2021,4,5.0
LA,2021,5,5.0
LA,2021,6,5.0
LA,2021,7,5.0
LA,2021,8,4.0
LA,2021,9,4.0
LA,2021,10,5.0
LA,2021,12,5.0
LA,2021,13,4.0
LA,2021,14,4.0
LA,2021,15,3.0
LA,2021,16,2.0
LA,2021,17,3.0
LA,2021,18,5.0
LA,2022,1,3.0
LA,2022,2,4.0
LA,2022,3,5.0
LA,2022,4,3.0
LA,2022,5,4.0
LA,2022,6,3.0
LA,2022,8,4.0
LA,2022,9,4.0
LA,2022,10,3.0
LA,2022,11,2.0
LA,2022,12,4.0
LA,2022,13,3.0
LA,2022,14,5.0
LA,2022,15,4.0
LA,2022,16,5.0
LA,2022,17,4.0
LA,2022,18,5.0
LA,2023,1,2.0
LA,2023,2,4.0
LA,2023,3,3.0
LA,2023,4,4.0
LA,2023,5,4.0
LA,2023,6,5.0
LA,2023,7,5.0
LA,2023,8,4.0
LA,2023,9,5.0
LA,2023,11,4.0
LA,2023,12,5.0
LA,2023,13,5.0
LA,2023,14,4.0
LA,2023,15,5.0
LA,2023,16,4.0
LA,2023,17,4.0
LA,2023,18,3.0
LA,2024,1,0.0
LA,2024,2,4.0
LA,2024,3,3.0
LA,2024,4,5.0
LA,2024,5,5.0
LA,2024,7,4.0
LA,2024,8,5.0
LA,2024,9,5.0
LA,2024,10,2.0
LA,2024,11,3.0
LA,2024,12,5.0
LA,2024,13,4.0
LA,2024,14,5.0
LA,2024,15,5.0
LA,2024,16,5.0
LA,2024,17,4.0
LA,2024,18,2.0
LA,2025,1,0.0
LA,2025,2,4.0
LA,2025,3,5.0
LA,2025,4,5.0
LA,2025,5,4.0
LA,2025,6,4.0
LA,2025,7,5.0
LA,2025,9,4.0
LA,2025,10,5.0
LA,2025,11,5.0
LA,2025,12,4.0
LA,2025,13,5.0
LA,2025,14,5.0
LA,2025,15,5.0
LA,2025,16,4.0
LA,2025,17,4.0
LA,2025,18,4.0
LAC,2020,2,3.0
LAC,2020,3,4.0
LAC,2020,4,5.0
LAC,2020,5,5.0
LAC,2020,7,5.0
LAC,2020,8,3.0
LAC,2020,9,4.0
LAC,2020,10,3.0
LAC,2020,11,5.0
LAC,2020,12,4.0
LAC,2020,13,3.0
LAC,2020,14,4.0
LAC,2020,15,5.0
LAC,2020,16,5.0
LAC,2020,17,3.0
LAC,2021,1,0.0
LAC,2021,2,4.0
LAC,2021,3,5.0
LAC,2021,4,5.0
LAC,2021,5,4.0
LAC,2021,6,5.0
LAC,2021,8,5.0
LAC,2021,9,5.0
LAC,2021,10,5.0
LAC,2021,11,5.0
LAC,2021,12,4.0
LAC,2021,13,4.0
LAC,2021,14,5.0
LAC,2021,15,4.0
LAC,2021,16,3.0
LAC,2021,17,4.0
LAC,2021,18,3.0
LAC,2022,1,3.0
LAC,2022,2,4.0
LAC,2022,3,5.0
LAC,2022,4,3.0
LAC,2022,5,5.0
LAC,2022,6,4.0
LAC,2022,7,4.0
LAC,2022,9,5.0
LAC,2022,10,4.0
LAC,2022,11,4.0
LAC,2022,12,4.0
LAC,2022,13,4.0
LAC,2022,14,4.0
LAC,2022,15,4.0
LAC,2022,16,5.0
LAC,2022,17,5.0
LAC,2022,18,5.0
LAC,2023,1,4.0
LAC,2023,2,5.0
LAC,2023,3,5.0
LAC,2023,4,4.0
LAC,2023,6,5.0
LAC,2023,7,5.0
LAC,2023,8,5.0
LAC,2023,9,5.0
LAC,2023,10,5.0
LAC,2023,11,5.0
LAC,2023,12,5.0
LAC,2023,13,5.0
LAC,2023,14,5.0
LAC,2023,15,5.0
LAC,2023,16,4.0
LAC,2023,17,4.0
LAC,2023,18,5.0
LAC,2024,1,2.0
LAC,2024,2,5.0
LAC,2024,3,5.0
LAC,2024,4,3.0
LAC,2024,6,3.0
LAC,2024,7,4.0
LAC,2024,8,5.0
LAC,2024,9,5.0
LAC,2024,10,4.0
LAC,2024,11,4.0
LAC,2024,12,5.0
LAC,2024,13,5.0
LAC,2024,14,5.0
LAC,2024,15,5.0
LAC,2024,16,5.0
LAC,2024,17,4.0
LAC,2024,18,4.0
LAC,2025,1,4.0
LAC,2025,2,5.0
LAC,2025,3,4.0
LAC,2025,4,4.0
LAC,2025,5,4.0
LAC,2025,6,4.0
LAC,2025,7,5.0
LAC,2025,8,3.0
LAC,2025,9,3.0
LAC,2025,10,3.0
LAC,2025,11,4.0
LAC,2025,13,4.0
LAC,2025,14,4.0
LAC,2025,15,5.0
LAC,2025,16,4.0
LAC,2025,17,4.0
LAC,2025,18,1.0
LV,2020,2,4.0
LV,2020,3,5.0
LV,2020,4,4.0
LV,2020,5,4.0
LV,2020,7,4.0
LV,2020,8,5.0
LV,2020,9,4.0
LV,2020,10,5.0
LV,2020,11,4.0
LV,2020,12,5.0
LV,2020,13,4.0
LV,2020,14,4.0
LV,2020,15,5.0
LV,2020,16,4.0
LV,2020,17,4.0
LV,2021,1,2.0
LV,2021,2,4.0
LV,2021,3,4.0
LV,2021,4,5.0
LV,2021,5,4.0
LV,2021,6,5.0
LV,2021,7,5.0
LV,2021,9,5.0
LV,2021,10,5.0
LV,2021,11,5.0
LV,2021,12,5.0
LV,2021,13,5.0
LV,2021,14,5.0
LV,2021,15,5.0
LV,2021,16,5.0
LV,2021,17,5.0
LV,2021,18,5.0
LV,2022,1,3.0
LV,2022,2,4.0
LV,2022,3,3.0
LV,2022,4,4.0
LV,2022,5,4.0
LV,2022,7,4.0
LV,2022,8,4.0
LV,2022,9,5.0
LV,2022,10,5.0
LV,2022,11,4.0
LV,2022,12,4.0
LV,2022,13,5.0
LV,2022,14,4.0
LV,2022,15,3.0
LV,2022,16,3.0
LV,2022,17,5.0
LV,2022,18,5.0
LV,2023,1,4.0
LV,2023,2,5.0
LV,2023,3,5.0
LV,2023,4,5.0
LV,2023,5,4.0
LV,2023,6,4.0
LV,2023,7,4.0
LV,2023,8,4.0
LV,2023,9,5.0
LV,2023,10,4.0
LV,2023,11,5.0
LV,2023,12,4.0
LV,2023,14,4.0
LV,2023,15,4.0
LV,2023,16,4.0
LV,2023,17,5.0
LV,2023,18,4.0
LV,2024,1,3.0
LV,2024,2,5.0
LV,2024,3,4.0
LV,2024,4,4.0
LV,2024,5,5.0
LV,2024,6,4.0
LV,2024,7,5.0
LV,2024,8,5.0
LV,2024,9,3.0
LV,2024,11,4.0
LV,2024,12,5.0
LV,2024,13,5.0
LV,2024,14,5.0
LV,2024,15,5.0
LV,2024,16,4.0
LV,2024,17,5.0
LV,2024,18,5.0
LV,2025,1,4.0
LV,2025,2,4.0
LV,2025,3,5.0
LV,2025,4,4.0
LV,2025,5,4.0
LV,2025,6,5.0
LV,2025,7,5.0
LV,2025,9,5.0
LV,2025,10,4.0
LV,2025,11,4.0
LV,2025,12,5.0
LV,2025,13,3.0
LV,2025,14,4.0
LV,2025,15,5.0
LV,2025,16,5.0
LV,2025,17,4.0
LV,2025,18,4.0
MIA,2020,2,5.0
MIA,2020,3,5.0
MIA,2020,4,5.0
MIA,2020,5,4.0
MIA,2020,6,5.0
MIA,2020,8,5.0
MIA,2020,9,4.0
MIA,2020,10,4.0
MIA,2020,11,4.0
MIA,2020,12,5.0
MIA,2020,13,4.0
MIA,2020,14,5.0
MIA,2020,15,5.0
MIA,2020,16,4.0
MIA,2020,17,5.0
MIA,2021,1,2.0
MIA,2021,2,4.0
MIA,2021,3,4.0
MIA,2021,4,4.0
MIA,2021,5,5.0
MIA,2021,6,5.0
MIA,2021,7,4.0
MIA,2021,8,5.0
MIA,2021,9,5.0
MIA,2021,10,5.0
MIA,2021,11,5.0
MIA,2021,12,5.0
MIA,2021,13,4.0
MIA,2021,15,5.0
MIA,2021,16,5.0
MIA,2021,17,5.0
MIA,2021,18,4.0
MIA,2022,1,2.0
MIA,2022,2,5.0
MIA,2022,3,5.0
MIA,2022,4,5.0
MIA,2022,5,4.0
MIA,2022,6,5.0
MIA,2022,7,4.0
MIA,2022,8,5.0
MIA,2022,9,4.0
MIA,2022,10,5.0
MIA,2022,12,4.0
MIA,2022,13,4.0
MIA,2022,14,4.0
MIA,2022,15,5.0
MIA,2022,16,5.0
MIA,2022,17,3.0
MIA,2022,18,5.0
MIA,2023,1,2.0
MIA,2023,2,5.0
MIA,2023,3,4.0
MIA,2023,4,3.0
MIA,2023,5,4.0
MIA,2023,6,4.0
MIA,2023,7,4.0
MIA,2023,8,4.0
MIA,2023,9,3.0
MIA,2023,11,4.0
MIA,2023,12,5.0
MIA,2023,13,3.0
MIA,2023,14,2.0
MIA,2023,15,4.0
MIA,2023,16,5.0
MIA,2023,17,4.0
MIA,2023,18,4.0
MIA,2024,1,4.0
MIA,2024,2,5.0
MIA,2024,3,4.0
MIA,2024,4,4.0
MIA,2024,5,4.0
MIA,2024,7,5.0
MIA,2024,8,5.0
MIA,2024,9,5.0
MIA,2024,10,4.0
MIA,2024,11,5.0
MIA,2024,12,5.0
MIA,2024,13,5.0
MIA,2024,14,4.0
MIA,2024,15,4.0
MIA,2024,16,2.0
MIA,2024,17,4.0
MIA,2024,18,4.0
MIA,2025,1,2.0
MIA,2025,2,4.0
MIA,2025,3,5.0
MIA,2025,4,4.0
MIA,2025,5,5.0
MIA,2025,6,5.0
MIA,2025,7,5.0
MIA,2025,8,5.0
MIA,2025,9,5.0
MIA,2025,10,5.0
MIA,2025,11,5.0
MIA,2025,13,4.0
MIA,2025,14,5.0
MIA,2025,15,5.0
MIA,2025,16,5.0
MIA,2025,17,4.0
MIA,2025,18,3.0
MIN,2020,2,4.0
MIN,2020,3,5.0
MIN,2020,4,5.0
MIN,2020,5,5.0
MIN,2020,6,4.0
MIN,2020,8,5.0
MIN,2020,9,5.0
MIN,2020,10,5.0
MIN,2020,11,4.0
MIN,2020,12,5.0
MIN,2020,13,4.0
MIN,2020,14,5.0
MIN,2020,15,5.0
MIN,2020,16,5.0
MIN,2020,17,4.0
MIN,2021,1,4.0
MIN,2021,2,5.0
MIN,2021,3,5.0
MIN,2021,4,5.0
MIN,2021,5,5.0
MIN,2021,6,4.0
MIN,2021,8,5.0
MIN,2021,9,4.0
MIN,2021,10,5.0
MIN,2021,11,5.0
MIN,2021,12,5.0
MIN,2021,13,4.0
MIN,2021,14,5.0
MIN,2021,15,4.0
MIN,2021,16,4.0
MIN,2021,17,5.0
MIN,2021,18,5.0
MIN,2022,1,4.0
MIN,2022,2,5.0
MIN,2022,3,5.0
MIN,2022,4,5.0
MIN,2022,5,5.0
MIN,2022,6,5.0
MIN,2022,8,5.0
MIN,2022,9,5.0
MIN,2022,10,5.0
MIN,2022,11,4.0
MIN,2022,12,5.0
MIN,2022,13,5.0
MIN,2022,14,4.0
MIN,2022,15,4.0
MIN,2022,16,5.0
MIN,2022,17,3.0
MIN,2022,18,5.0
MIN,2023,1,3.0
MIN,2023,2,4.0
MIN,2023,3,4.0
MIN,2023,4,5.0
MIN,2023,5,4.0
MIN,2023,6,5.0
MIN,2023,7,4.0
MIN,2023,8,5.0
MIN,2023,9,4.0
MIN,2023,10,4.0
MIN,2023,11,5.0
MIN,2023,12,5.0
MIN,2023,14,3.0
MIN,2023,15,4.0
MIN,2023,16,5.0
MIN,2023,17,4.0
MIN,2023,18,3.0
MIN,2024,1,3.0
MIN,2024,2,5.0
MIN,2024,3,5.0
MIN,2024,4,5.0
MIN,2024,5,5.0
MIN,2024,7,5.0
MIN,2024,8,4.0
MIN,2024,9,4.0
MIN,2024,10,5.0
MIN,2024,11,4.0
MIN,2024,12,4.0
MIN,2024,13,4.0
MIN,2024,14,5.0
MIN,2024,15,5.0
MIN,2024,16,5.0
MIN,2024,17,5.0
MIN,2024,18,5.0
MIN,2025,1,1.0
MIN,2025,2,4.0
MIN,2025,3,4.0
MIN,2025,4,3.0
MIN,2025,5,4.0
MIN,2025,7,3.0
MIN,2025,8,3.0
MIN,2025,9,3.0
MIN,2025,10,5.0
MIN,2025,11,5.0
MIN,2025,12,4.0
MIN,2025,13,3.0
MIN,2025,14,3.0
MIN,2025,15,4.0
MIN,2025,16,4.0
MIN,2025,17,4.0
MIN,2025,18,4.0
NE,2020,2,5.0
NE,2020,3,4.0
NE,2020,4,3.0
NE,2020,6,4.0
NE,2020,7,3.0
NE,2020,8,5.0
NE,2020,9,5.0
NE,2020,10,5.0
NE,2020,11,5.0
NE,2020,12,4.0
NE,2020,13,5.0
NE,2020,14,5.0
NE,2020,15,4.0
NE,2020,16,5.0
NE,2020,17,3.0
NE,2021,1,2.0
NE,2021,2,4.0
NE,2021,3,4.0
NE,2021,4,5.0
NE,2021,5,2.0
NE,2021,6,4.0
NE,2021,7,3.0
NE,2021,8,5.0
NE,2021,9,5.0
NE,2021,10,4.0
NE,2021,11,5.0
NE,2021,12,5.0
NE,2021,13,5.0
NE,2021,15,5.0
NE,2021,16,5.0
NE,2021,17,5.0
NE,2021,18,4.0
NE,2022,1,2.0
NE,2022,2,5.0
NE,2022,3,5.0
NE,2022,4,5.0
NE,2022,5,5.0
NE,2022,6,4.0
NE,2022,7,5.0
NE,2022,8,4.0
NE,2022,9,3.0
NE,2022,11,4.0
NE,2022,12,5.0
NE,2022,13,3.0
NE,2022,14,5.0
NE,2022,15,5.0
NE,2022,16,5.0
NE,2022,17,5.0
NE,2022,18,5.0
NE,2023,1,2.0
NE,2023,2,2.0
NE,2023,3,4.0
NE,2023,4,4.0
NE,2023,5,4.0
NE,2023,6,4.0
NE,2023,7,3.0
NE,2023,8,5.0
NE,2023,9,4.0
NE,2023,10,5.0
NE,2023,12,4.0
NE,2023,13,5.0
NE,2023,14,5.0
NE,2023,15,3.0
NE,2023,16,4.0
NE,2023,17,5.0
NE,2023,18,4.0
NE,2024,1,3.0
NE,2024,2,5.0
NE,2024,3,4.0
NE,2024,4,2.0
NE,2024,5,3.0
NE,2024,6,3.0
NE,2024,7,4.0
NE,2024,8,4.0
NE,2024,9,5.0
NE,2024,10,5.0
NE,2024,11,5.0
NE,2024,12,5.0
NE,2024,13,4.0
NE,2024,15,5.0
NE,2024,16,5.0
NE,2024,17,4.0
NE,2024,18,3.0
NE,2025,1,0.0
NE,2025,2,5.0
NE,2025,3,5.0
NE,2025,4,4.0
NE,2025,5,4.0
NE,2025,6,5.0
NE,2025,7,5.0
NE,2025,8,5.0
NE,2025,9,5.0
NE,2025,10,5.0
NE,2025,11,5.0
NE,2025,12,4.0
NE,2025,13,4.0
NE,2025,15,4.0
NE,2025,16,5.0
NE,2025,17,4.0
NE,2025,18,4.0
NO,2020,2,5.0
NO,2020,3,4.0
NO,2020,4,5.0
NO,2020,5,4.0
NO,2020,7,4.0
NO,2020,8,4.0
NO,2020,9,5.0
NO,2020,10,5.0
NO,2020,11,4.0
NO,2020,12,4.0
NO,2020,13,4.0
NO,2020,14,3.0
NO,2020,15,5.0
NO,2020,16,4.0
NO,2020,17,3.0
NO,2021,1,3.0
NO,2021,2,5.0
NO,2021,3,4.0
NO,2021,4,5.0
NO,2021,5,5.0
NO,2021,7,3.0
NO,2021,8,4.0
NO,2021,9,5.0
NO,2021,10,4.0
NO,2021,11,4.0
NO,2021,12,4.0
NO,2021,13,4.0
NO,2021,14,4.0
NO,2021,15,4.0
NO,2021,16,4.0
NO,2021,17,3.0
NO,2021,18,3.0
NO,2022,1,4.0
NO,2022,2,5.0
NO,2022,3,4.0
NO,2022,4,5.0
NO,2022,5,4.0
NO,2022,6,5.0
NO,2022,7,4.0
NO,2022,8,4.0
NO,2022,9,4.0
NO,2022,10,3.0
NO,2022,11,3.0
NO,2022,12,3.0
NO,2022,13,4.0
NO,2022,15,4.0
NO,2022,16,3.0
NO,2022,17,4.0
NO,2022,18,4.0
NO,2023,1,3.0
NO,2023,2,5.0
NO,2023,3,4.0
NO,2023,4,5.0
NO,2023,5,4.0
NO,2023,6,4.0
NO,2023,7,3.0
NO,2023,8,4.0
NO,2023,9,4.0
NO,2023,10,5.0
NO,2023,12,5.0
NO,2023,13,5.0
NO,2023,14,5.0
NO,2023,15,4.0
NO,2023,16,5.0
NO,2023,17,4.0
NO,2023,18,5.0
NO,2024,1,2.0
NO,2024,2,5.0
NO,2024,3,4.0
NO,2024,4,3.0
NO,2024,5,4.0
NO,2024,6,4.0
NO,2024,7,4.0
NO,2024,8,3.0
NO,2024,9,5.0
NO,2024,10,4.0
NO,2024,11,4.0
NO,2024,13,4.0
NO,2024,14,3.0
NO,2024,15,5.0
NO,2024,16,4.0
NO,2024,17,4.0
NO,2024,18,4.0
NO,2025,1,2.0
NO,2025,2,5.0
NO,2025,3,3.0
NO,2025,4,3.0
NO,2025,5,5.0
NO,2025,6,4.0
NO,2025,7,5.0
NO,2025,8,4.0
NO,2025,9,5.0
NO,2025,10,3.0
NO,2025,12,5.0
NO,2025,13,4.0
NO,2025,14,4.0
NO,2025,15,4.0
NO,2025,16,4.0
NO,2025,17,5.0
NO,2025,18,3.0
NYG,2020,2,5.0
NYG,2020,3,5.0
NYG,2020,4,5.0
NYG,2020,5,5.0
NYG,2020,6,4.0
NYG,2020,7,4.0
NYG,2020,8,4.0
NYG,2020,9,5.0
NYG,2020,10,5.0
NYG,2020,12,5.0
NYG,2020,13,5.0
NYG,2020,14,5.0
NYG,2020,15,5.0
NYG,2020,16,5.0
NYG,2020,17,5.0
NYG,2021,1,2.0
NYG,2021,2,4.0
NYG,2021,3,5.0
NYG,2021,4,4.0
NYG,2021,5,3.0
NYG,2021,6,4.0
NYG,2021,7,5.0
NYG,2021,8,5.0
NYG,2021,9,5.0
NYG,2021,11,4.0
NYG,2021,12,5.0
NYG,2021,13,5.0
NYG,2021,14,4.0
NYG,2021,15,5.0
NYG,2021,16,4.0
NYG,2021,17,3.0
NYG,2021,18,3.0
NYG,2022,1,2.0
NYG,2022,2,5.0
NYG,2022,3,5.0
NYG,2022,4,5.0
NYG,2022,5,5.0
NYG,2022,6,5.0
NYG,2022,7,3.0
NYG,2022,8,5.0
NYG,2022,10,5.0
NYG,2022,11,3.0
NYG,2022,12,2.0
NYG,2022,13,3.0
NYG,2022,14,5.0
NYG,2022,15,4.0
NYG,2022,16,4.0
NYG,2022,17,5.0
NYG,2022,18,2.0
NYG,2023,1,2.0
NYG,2023,2,3.0
NYG,2023,3,4.0
NYG,2023,4,4.0
NYG,2023,5,3.0
NYG,2023,6,3.0
NYG,2023,7,4.0
NYG,2023,8,4.0
NYG,2023,9,3.0
NYG,2023,10,4.0
NYG,2023,11,5.0
NYG,2023,12,5.0
NYG,2023,14,5.0
NYG,2023,15,5.0
NYG,2023,16,5.0
NYG,2023,17,5.0
NYG,2023,18,3.0
NYG,2024,1,1.0
NYG,2024,2,5.0
NYG,2024,3,5.0
NYG,2024,4,5.0
NYG,2024,5,5.0
NYG,2024,6,5.0
NYG,2024,7,4.0
NYG,2024,8,4.0
NYG,2024,9,5.0
NYG,2024,10,4.0
NYG,2024,12,4.0
NYG,2024,13,5.0
NYG,2024,14,3.0
NYG,2024,15,4.0
NYG,2024,16,4.0
NYG,2024,17,4.0
NYG,2024,18,3.0
NYG,2025,1,2.0
NYG,2025,2,4.0
NYG,2025,3,5.0
NYG,2025,4,4.0
NYG,2025,5,5.0
NYG,2025,6,5.0
NYG,2025,7,4.0
NYG,2025,8,4.0
NYG,2025,9,4.0
NYG,2025,10,3.0
NYG,2025,11,4.0
NYG,2025,12,5.0
NYG,2025,13,5.0
NYG,2025,15,5.0
NYG,2025,16,3.0
NYG,2025,17,3.0
NYG,2025,18,5.0
NYJ,2020,2,5.0
NYJ,2020,3,3.0
NYJ,2020,4,4.0
NYJ,2020,5,4.0
NYJ,2020,6,5.0
NYJ,2020,7,3.0
NYJ,2020,8,4.0
NYJ,2020,9,4.0
NYJ,2020,11,4.0
NYJ,2020,12,3.0
NYJ,2020,13,3.0
NYJ,2020,14,5.0
NYJ,2020,15,5.0
NYJ,2020,16,5.0
NYJ,2020,17,4.0
NYJ,2021,1,4.0
NYJ,2021,2,4.0
NYJ,2021,3,5.0
NYJ,2021,4,5.0
NYJ,2021,5,5.0
NYJ,2021,7,5.0
NYJ,2021,8,4.0
NYJ,2021,9,4.0
NYJ,2021,10,5.0
NYJ,2021,11,4.0
NYJ,2021,12,5.0
NYJ,2021,13,5.0
NYJ,2021,14,5.0
NYJ,2021,15,4.0
NYJ,2021,16,2.0
NYJ,2021,17,2.0
NYJ,2021,18,4.0
NYJ,2022,1,1.0
NYJ,2022,2,5.0
NYJ,2022,3,5.0
NYJ,2022,4,3.0
NYJ,2022,5,4.0
NYJ,2022,6,5.0
NYJ,2022,7,4.0
NYJ,2022,8,5.0
NYJ,2022,9,5.0
NYJ,2022,11,4.0
NYJ,2022,12,3.0
NYJ,2022,13,4.0
NYJ,2022,14,5.0
NYJ,2022,15,5.0
NYJ,2022,16,5.0
NYJ,2022,17,4.0
NYJ,2022,18,2.0
NYJ,2023,1,2.0
NYJ,2023,2,5.0
NYJ,2023,3,4.0
NYJ,2023,4,5.0
NYJ,2023,5,4.0
NYJ,2023,6,4.0
NYJ,2023,8,3.0
NYJ,2023,9,4.0
NYJ,2023,10,4.0
NYJ,2023,11,3.0
NYJ,2023,12,4.0
NYJ,2023,13,3.0
NYJ,2023,14,3.0
NYJ,2023,15,4.0
NYJ,2023,16,4.0
NYJ,2023,17,4.0
NYJ,2023,18,5.0
NYJ,2024,1,1.0
NYJ,2024,2,5.0
NYJ,2024,3,5.0
NYJ,2024,4,4.0
NYJ,2024,5,5.0
NYJ,2024,6,4.0
NYJ,2024,7,5.0
NYJ,2024,8,4.0
NYJ,2024,9,3.0
NYJ,2024,10,3.0
NYJ,2024,11,5.0
NYJ,2024,13,4.0
NYJ,2024,14,3.0
NYJ,2024,15,3.0
NYJ,2024,16,5.0
NYJ,2024,17,3.0
NYJ,2024,18,5.0
NYJ,2025,1,2.0
NYJ,2025,2,5.0
NYJ,2025,3,5.0
NYJ,2025,4,5.0
NYJ,2025,5,5.0
NYJ,2025,6,5.0
NYJ,2025,7,5.0
NYJ,2025,8,5.0
NYJ,2025,10,5.0
NYJ,2025,11,5.0
NYJ,2025,12,5.0
NYJ,2025,13,5.0
NYJ,2025,14,5.0
NYJ,2025,15,5.0
NYJ,2025,16,5.0
NYJ,2025,17,5.0
NYJ,2025,18,5.0
PHI,2020,2,3.0
PHI,2020,3,5.0
PHI,2020,4,4.0
PHI,2020,5,5.0
PHI,2020,6,3.0
PHI,2020,7,3.0
PHI,2020,8,3.0
PHI,2020,10,3.0
PHI,2020,11,4.0
PHI,2020,12,4.0
PHI,2020,13,4.0
PHI,2020,14,4.0
PHI,2020,15,4.0
PHI,2020,16,5.0
PHI,2020,17,4.0
PHI,2021,1,2.0
PHI,2021,2,4.0
PHI,2021,3,4.0
PHI,2021,4,3.0
PHI,2021,5,4.0
PHI,2021,6,5.0
PHI,2021,7,4.0
PHI,2021,8,4.0
PHI,2021,9,4.0
PHI,2021,10,5.0
PHI,2021,11,5.0
PHI,2021,12,4.0
PHI,2021,13,4.0
PHI,2021,15,4.0
PHI,2021,16,4.0
PHI,2021,17,5.0
PHI,2021,18,0.0
PHI,2022,1,0.0
PHI,2022,2,5.0
PHI,2022,3,5.0
PHI,2022,4,4.0
PHI,2022,5,4.0
PHI,2022,6,3.0
PHI,2022,8,5.0
PHI,2022,9,5.0
PHI,2022,10,5.0
PHI,2022,11,5.0
PHI,2022,12,5.0
PHI,2022,13,5.0
PHI,2022,14,5.0
PHI,2022,15,5.0
PHI,2022,16,5.0
PHI,2022,17,4.0
PHI,2022,18,5.0
PHI,2023,1,3.0
PHI,2023,2,5.0
PHI,2023,3,5.0
PHI,2023,4,4.0
PHI,2023,5,5.0
PHI,2023,6,4.0
PHI,2023,7,4.0
PHI,2023,8,5.0
PHI,2023,9,4.0
PHI,2023,11,4.0
PHI,2023,12,4.0
PHI,2023,13,4.0
PHI,2023,14,5.0
PHI,2023,15,4.0
PHI,2023,16,4.0
PHI,2023,17,4.0
PHI,2023,18,2.0
PHI,2024,1,2.0
PHI,2024,2,5.0
PHI,2024,3,3.0
PHI,2024,4,4.0
PHI,2024,6,4.0
PHI,2024,7,3.0
PHI,2024,8,5.0
PHI,2024,9,4.0
PHI,2024,10,5.0
PHI,2024,11,4.0
PHI,2024,12,5.0
PHI,2024,13,5.0
PHI,2024,14,5.0
PHI,2024,15,4.0
PHI,2024,16,4.0
PHI,2024,17,5.0
PHI,2024,18,0.0
PHI,2025,1,1.0
PHI,2025,2,5.0
PHI,2025,3,4.0
PHI,2025,4,4.0
PHI,2025,5,4.0
PHI,2025,6,5.0
PHI,2025,7,4.0
PHI,2025,8,5.0
PHI,2025,10,4.0
PHI,2025,11,4.0
PHI,2025,12,5.0
PHI,2025,13,5.0
PHI,2025,14,5.0
PHI,2025,15,5.0
PHI,2025,16,5.0
PHI,2025,17,5.0
PHI,2025,18,1.0
PIT,2020,2,3.0
PIT,2020,3,4.0
PIT,2020,5,4.0
PIT,2020,6,5.0
PIT,2020,7,4.0
PIT,2020,8,5.0
PIT,2020,9,5.0
PIT,2020,10,5.0
PIT,2020,11,5.0
PIT,2020,12,4.0
PIT,2020,13,5.0
PIT,2020,14,3.0
PIT,2020,15,4.0
PIT,2020,16,4.0
PIT,2020,17,4.0
PIT,2021,1,2.0
PIT,2021,2,5.0
PIT,2021,3,5.0
PIT,2021,4,4.0
PIT,2021,5,4.0
PIT,2021,6,5.0
PIT,2021,8,5.0
PIT,2021,9,5.0
PIT,2021,10,4.0
PIT,2021,11,4.0
PIT,2021,12,4.0
PIT,2021,13,4.0
PIT,2021,14,5.0
PIT,2021,15,5.0
PIT,2021,16,5.0
PIT,2021,17,4.0
PIT,2021,18,4.0
PIT,2022,1,1.0
PIT,2022,2,5.0
PIT,2022,3,5.0
PIT,2022,4,5.0
PIT,2022,5,5.0
PIT,2022,6,5.0
PIT,2022,7,5.0
PIT,2022,8,5.0
PIT,2022,10,5.0
PIT,2022,11,4.0
PIT,2022,12,4.0
PIT,2022,13,5.0
PIT,2022,14,5.0
PIT,2022,15,5.0
PIT,2022,16,5.0
PIT,2022,17,5.0
PIT,2022,18,5.0
PIT,2023,1,4.0
PIT,2023,2,5.0
PIT,2023,3,5.0
PIT,2023,4,3.0
PIT,2023,5,5.0
PIT,2023,7,3.0
PIT,2023,8,5.0
PIT,2023,9,4.0
PIT,2023,10,5.0
PIT,2023,11,5.0
PIT,2023,12,5.0
PIT,2023,13,4.0
PIT,2023,14,4.0
PIT,2023,15,5.0
PIT,2023,16,5.0
PIT,2023,17,5.0
PIT,2023,18,5.0
PIT,2024,1,3.0
PIT,2024,2,4.0
PIT,2024,3,4.0
PIT,2024,4,4.0
PIT,2024,5,4.0
PIT,2024,6,5.0
PIT,2024,7,4.0
PIT,2024,8,5.0
PIT,2024,10,4.0
PIT,2024,11,5.0
PIT,2024,12,5.0
PIT,2024,13,5.0
PIT,2024,14,5.0
PIT,2024,15,5.0
PIT,2024,16,5.0
PIT,2024,17,5.0
PIT,2024,18,5.0
PIT,2025,1,4.0
PIT,2025,2,5.0
PIT,2025,3,5.0
PIT,2025,4,5.0
PIT,2025,6,5.0
PIT,2025,7,5.0
PIT,2025,8,4.0
PIT,2025,9,4.0
PIT,2025,10,3.0
PIT,2025,11,3.0
PIT,2025,12,5.0
PIT,2025,13,4.0
PIT,2025,14,5.0
PIT,2025,15,4.0
PIT,2025,16,4.0
PIT,2025,17,5.0
PIT,2025,18,4.0
SEA,2020,2,5.0
SEA,2020,3,4.0
SEA,2020,4,4.0
SEA,2020,5,4.0
SEA,2020,7,5.0
SEA,2020,8,5.0
SEA,2020,9,5.0
SEA,2020,10,3.0
SEA,2020,11,4.0
SEA,2020,12,3.0
SEA,2020,13,4.0
SEA,2020,14,4.0
SEA,2020,15,3.0
SEA,2020,16,5.0
SEA,2020,17,5.0
SEA,2021,1,2.0
SEA,2021,2,5.0
SEA,2021,3,4.0
SEA,2021,4,4.0
SEA,2021,5,4.0
SEA,2021,6,4.0
SEA,2021,7,5.0
SEA,2021,8,3.0
SEA,2021,10,5.0
SEA,2021,11,5.0
SEA,2021,12,4.0
SEA,2021,13,4.0
SEA,2021,14,4.0
SEA,2021,15,5.0
SEA,2021,16,5.0
SEA,2021,17,4.0
SEA,2021,18,4.0
SEA,2022,1,1.0
SEA,2022,2,5.0
SEA,2022,3,4.0
SEA,2022,4,5.0
SEA,2022,5,5.0
SEA,2022,6,4.0
SEA,2022,7,5.0
SEA,2022,8,4.0
SEA,2022,9,3.0
SEA,2022,10,5.0
SEA,2022,12,5.0
SEA,2022,13,5.0
SEA,2022,14,4.0
SEA,2022,15,4.0
SEA,2022,16,4.0
SEA,2022,17,5.0
SEA,2022,18,4.0
SEA,2023,1,3.0
SEA,2023,2,3.0
SEA,2023,3,4.0
SEA,2023,4,4.0
SEA,2023,6,3.0
SEA,2023,7,2.0
SEA,2023,8,4.0
SEA,2023,9,4.0
SEA,2023,10,4.0
SEA,2023,11,5.0
SEA,2023,12,4.0
SEA,2023,13,3.0
SEA,2023,14,5.0
SEA,2023,15,5.0
SEA,2023,16,5.0
SEA,2023,17,3.0
SEA,2023,18,4.0
SEA,2024,1,3.0
SEA,2024,2,5.0
SEA,2024,3,5.0
SEA,2024,4,5.0
SEA,2024,5,5.0
SEA,2024,6,5.0
SEA,2024,7,4.0
SEA,2024,8,5.0
SEA,2024,9,5.0
SEA,2024,11,3.0
SEA,2024,12,4.0
SEA,2024,13,4.0
SEA,2024,14,5.0
SEA,2024,15,4.0
SEA,2024,16,4.0
SEA,2024,17,5.0
SEA,2024,18,4.0
SEA,2025,1,1.0
SEA,2025,2,5.0
SEA,2025,3,5.0
SEA,2025,4,5.0
SEA,2025,5,5.0
SEA,2025,6,5.0
SEA,2025,7,5.0
SEA,2025,9,5.0
SEA,2025,10,4.0
SEA,2025,11,5.0
SEA,2025,12,5.0
SEA,2025,13,5.0
SEA,2025,14,5.0
SEA,2025,15,4.0
SEA,2025,16,4.0
SEA,2025,17,5.0
SEA,2025,18,5.0
SF,2020,2,4.0
SF,2020,3,5.0
SF,2020,4,5.0
SF,2020,5,5.0
SF,2020,6,5.0
SF,2020,7,4.0
SF,2020,8,5.0
SF,2020,9,3.0
SF,2020,10,4.0
SF,2020,12,4.0
SF,2020,13,4.0
SF,2020,14,4.0
SF,2020,15,4.0
SF,2020,16,5.0
SF,2020,17,4.0
SF,2021,1,3.0
SF,2021,2,5.0
SF,2021,3,5.0
SF,2021,4,5.0
SF,2021,5,5.0
SF,2021,7,4.0
SF,2021,8,4.0
SF,2021,9,4.0
SF,2021,10,5.0
SF,2021,11,4.0
SF,2021,12,4.0
SF,2021,13,5.0
SF,2021,14,5.0
SF,2021,15,5.0
SF,2021,16,5.0
SF,2021,17,5.0
SF,2021,18,4.0
SF,2022,1,0.0
SF,2022,2,5.0
SF,2022,3,5.0
SF,2022,4,4.0
SF,2022,5,4.0
SF,2022,6,4.0
SF,2022,7,3.0
SF,2022,8,5.0
SF,2022,10,5.0
SF,2022,11,5.0
SF,2022,12,5.0
SF,2022,13,4.0
SF,2022,14,4.0
SF,2022,15,4.0
SF,2022,16,5.0
SF,2022,17,4.0
SF,2022,18,5.0
SF,2023,1,3.0
SF,2023,2,5.0
SF,2023,3,5.0
SF,2023,4,5.0
SF,2023,5,5.0
SF,2023,6,5.0
SF,2023,7,4.0
SF,2023,8,5.0
SF,2023,10,3.0
SF,2023,11,5.0
SF,2023,12,4.0
SF,2023,13,4.0
SF,2023,14,4.0
SF,2023,15,5.0
SF,2023,16,5.0
SF,2023,17,4.0
SF,2023,18,3.0
SF,2024,1,3.0
SF,2024,2,5.0
SF,2024,3,5.0
SF,2024,4,5.0
SF,2024,5,5.0
SF,2024,6,5.0
SF,2024,7,5.0
SF,2024,8,5.0
SF,2024,10,5.0
SF,2024,11,5.0
SF,2024,12,4.0
SF,2024,13,4.0
SF,2024,14,4.0
SF,2024,15,4.0
SF,2024,16,5.0
SF,2024,17,3.0
SF,2024,18,4.0
SF,2025,1,3.0
SF,2025,2,4.0
SF,2025,3,5.0
SF,2025,4,5.0
SF,2025,5,5.0
SF,2025,6,5.0
SF,2025,7,4.0
SF,2025,8,5.0
SF,2025,9,4.0
SF,2025,10,4.0
SF,2025,11,4.0
SF,2025,12,4.0
SF,2025,13,5.0
SF,2025,15,5.0
SF,2025,16,5.0
SF,2025,17,4.0
SF,2025,18,5.0
TB,2020,2,5.0
TB,2020,3,5.0
TB,2020,4,5.0
TB,2020,5,5.0
TB,2020,6,5.0
TB,2020,7,5.0
TB,2020,8,5.0
TB,2020,9,4.0
TB,2020,10,4.0
TB,2020,11,5.0
TB,2020,12,4.0
TB,2020,14,5.0
TB,2020,15,4.0
TB,2020,16,4.0
TB,2020,17,5.0
TB,2021,1,5.0
TB,2021,2,5.0
TB,2021,3,5.0
TB,2021,4,5.0
TB,2021,5,5.0
TB,2021,6,5.0
TB,2021,7,5.0
TB,2021,8,5.0
TB,2021,10,5.0
TB,2021,11,4.0
TB,2021,12,4.0
TB,2021,13,4.0
TB,2021,14,5.0
TB,2021,15,5.0
TB,2021,16,5.0
TB,2021,17,5.0
TB,2021,18,5.0
TB,2022,1,1.0
TB,2022,2,4.0
TB,2022,3,5.0
TB,2022,4,4.0
TB,2022,5,5.0
TB,2022,6,5.0
TB,2022,7,5.0
TB,2022,8,4.0
TB,2022,9,5.0
TB,2022,10,5.0
TB,2022,12,5.0
TB,2022,13,4.0
TB,2022,14,5.0
TB,2022,15,5.0
TB,2022,16,3.0
TB,2022,17,4.0
TB,2022,18,2.0
TB,2023,1,1.0
TB,2023,2,5.0
TB,2023,3,5.0
TB,2023,4,5.0
TB,2023,6,5.0
TB,2023,7,5.0
TB,2023,8,4.0
TB,2023,9,5.0
TB,2023,10,5.0
TB,2023,11,5.0
TB,2023,12,5.0
TB,2023,13,5.0
TB,2023,14,5.0
TB,2023,15,5.0
TB,2023,16,5.0
TB,2023,17,5.0
TB,2023,18,5.0
TB,2024,1,3.0
TB,2024,2,4.0
TB,2024,3,5.0
TB,2024,4,5.0
TB,2024,5,5.0
TB,2024,6,3.0
TB,2024,7,4.0
TB,2024,8,5.0
TB,2024,9,5.0
TB,2024,10,4.0
TB,2024,12,5.0
TB,2024,13,4.0
TB,2024,14,5.0
TB,2024,15,5.0
TB,2024,16,5.0
TB,2024,17,5.0
TB,2024,18,5.0
TB,2025,1,4.0
TB,2025,2,4.0
TB,2025,3,3.0
TB,2025,4,4.0
TB,2025,5,5.0
TB,2025,6,5.0
TB,2025,7,4.0
TB,2025,8,4.0
TB,2025,10,3.0
TB,2025,11,5.0
TB,2025,12,5.0
TB,2025,13,4.0
TB,2025,14,3.0
TB,2025,15,4.0
TB,2025,16,5.0
TB,2025,17,4.0
TB,2025,18,4.0
TEN,2020,2,5.0
TEN,2020,3,4.0
TEN,2020,5,4.0
TEN,2020,6,5.0
TEN,2020,7,4.0
TEN,2020,8,5.0
TEN,2020,9,4.0
TEN,2020,10,5.0
TEN,2020,11,4.0
TEN,2020,12,3.0
TEN,2020,13,5.0
TEN,2020,14,5.0
TEN,2020,15,5.0
TEN,2020,16,5.0
TEN,2020,17,5.0
TEN,2021,1,4.0
TEN,2021,2,3.0
TEN,2021,3,3.0
TEN,2021,4,5.0
TEN,2021,5,5.0
TEN,2021,6,4.0
TEN,2021,7,4.0
TEN,2021,8,4.0
TEN,2021,9,3.0
TEN,2021,10,3.0
TEN,2021,11,4.0
TEN,2021,12,5.0
TEN,2021,14,4.0
TEN,2021,15,4.0
TEN,2021,16,4.0
TEN,2021,17,3.0
TEN,2021,18,5.0
TEN,2022,1,3.0
TEN,2022,2,4.0
TEN,2022,3,5.0
TEN,2022,4,5.0
TEN,2022,5,4.0
TEN,2022,7,5.0
TEN,2022,8,4.0
TEN,2022,9,5.0
TEN,2022,10,5.0
TEN,2022,11,4.0
TEN,2022,12,5.0
TEN,2022,13,4.0
TEN,2022,14,5.0
TEN,2022,15,5.0
TEN,2022,16,2.0
TEN,2022,17,5.0
TEN,2022,18,4.0
TEN,2023,1,1.0
TEN,2023,2,4.0
TEN,2023,3,5.0
TEN,2023,4,5.0
TEN,2023,5,4.0
TEN,2023,6,4.0
TEN,2023,8,4.0
TEN,2023,9,4.0
TEN,2023,10,3.0
TEN,2023,11,3.0
TEN,2023,12,5.0
TEN,2023,13,5.0
TEN,2023,14,4.0
TEN,2023,15,4.0
TEN,2023,16,4.0
TEN,2023,17,5.0
TEN,2023,18,4.0
TEN,2024,1,2.0
TEN,2024,2,5.0
TEN,2024,3,5.0
TEN,2024,4,5.0
TEN,2024,6,4.0
TEN,2024,7,4.0
TEN,2024,8,4.0
TEN,2024,9,4.0
TEN,2024,10,4.0
TEN,2024,11,4.0
TEN,2024,12,5.0
TEN,2024,13,5.0
TEN,2024,14,5.0
TEN,2024,15,5.0
TEN,2024,16,4.0
TEN,2024,17,4.0
TEN,2024,18,4.0
TEN,2025,1,2.0
TEN,2025,2,4.0
TEN,2025,3,3.0
TEN,2025,4,4.0
TEN,2025,5,5.0
TEN,2025,6,4.0
TEN,2025,7,5.0
TEN,2025,8,5.0
TEN,2025,9,5.0
TEN,2025,11,5.0
TEN,2025,12,4.0
TEN,2025,13,3.0
TEN,2025,14,5.0
TEN,2025,15,3.0
TEN,2025,16,4.0
TEN,2025,17,5.0
TEN,2025,18,4.0
WAS,2020,2,4.0
WAS,2020,3,5.0
WAS,2020,4,5.0
WAS,2020,5,5.0
WAS,2020,6,4.0
WAS,2020,7,4.0
WAS,2020,9,5.0
WAS,2020,10,5.0
WAS,2020,11,4.0
WAS,2020,12,5.0
WAS,2020,13,4.0
WAS,2020,14,5.0
WAS,2020,15,5.0
WAS,2020,16,5.0
WAS,2020,17,5.0
WAS,2021,1,2.0
WAS,2021,2,5.0
WAS,2021,3,5.0
WAS,2021,4,5.0
WAS,2021,5,3.0
WAS,2021,6,5.0
WAS,2021,7,5.0
WAS,2021,8,3.0
WAS,2021,10,3.0
WAS,2021,11,4.0
WAS,2021,12,4.0
WAS,2021,13,5.0
WAS,2021,14,4.0
WAS,2021,15,2.0
WAS,2021,16,5.0
WAS,2021,17,3.0
WAS,2021,18,3.0
WAS,2022,1,2.0
WAS,2022,2,5.0
WAS,2022,3,4.0
WAS,2022,4,3.0
WAS,2022,5,4.0
WAS,2022,6,4.0
WAS,2022,7,5.0
WAS,2022,8,4.0
WAS,2022,9,5.0
WAS,2022,10,5.0
WAS,2022,11,5.0
WAS,2022,12,4.0
WAS,2022,13,3.0
WAS,2022,15,4.0
WAS,2022,16,5.0
WAS,2022,17,4.0
WAS,2022,18,4.0
WAS,2023,1,2.0
WAS,2023,2,5.0
WAS,2023,3,5.0
WAS,2023,4,5.0
WAS,2023,5,5.0
WAS,2023,6,4.0
WAS,2023,7,4.0
WAS,2023,8,3.0
WAS,2023,9,5.0
WAS,2023,10,5.0
WAS,2023,11,5.0
WAS,2023,12,5.0
WAS,2023,13,5.0
WAS,2023,15,4.0
WAS,2023,16,2.0
WAS,2023,17,5.0
WAS,2023,18,5.0
WAS,2024,1,2.0
WAS,2024,2,5.0
WAS,2024,3,5.0
WAS,2024,4,5.0
WAS,2024,5,5.0
WAS,2024,6,4.0
WAS,2024,7,4.0
WAS,2024,8,5.0
WAS,2024,9,4.0
WAS,2024,10,4.0
WAS,2024,11,4.0
WAS,2024,12,5.0
WAS,2024,13,4.0
WAS,2024,15,3.0
WAS,2024,16,4.0
WAS,2024,17,3.0
WAS,2024,18,4.0
WAS,2025,1,2.0
WAS,2025,2,5.0
WAS,2025,3,3.0
WAS,2025,4,5.0
WAS,2025,5,5.0
WAS,2025,6,5.0
WAS,2025,7,4.0
WAS,2025,8,4.0
WAS,2025,9,4.0
WAS,2025,10,5.0
WAS,2025,11,5.0
WAS,2025,13,5.0
WAS,2025,14,5.0
WAS,2025,15,4.0
WAS,2025,16,5.0
WAS,2025,17,3.0
WAS,2025,18,5.0
